fecha,Crédito empresarial_log_diff,Crédito consumo_log_diff,Crédito hipotecario_log_diff,Tipo de cambio_log_diff,Índice BVL_log_diff,IPC Lima_log_diff,PBI desestacionalizado_log_diff,Demanda interna_log_diff,Reservas internacionales_log_diff,Liquidez M1_log_diff,Liquidez M2_log_diff,Liquidez M3_log_diff,Tasa activa TAMN_diff,Tasa pasiva TIPMN_diff,Tasa referencia BCRP_diff,Tasa interbancaria_diff,embi_peru_diff
2007-02-01,0.2407543322748307,0.7259124770870933,0.45912079972763103,-0.0668273593152552,1.286223902477839,-0.03884455901214026,-0.06077165368048301,-0.9069291258082519,0.3282683012513982,0.3323875506344171,1.6721604023586778,1.3426626034408227,-0.5218925034158013,0.75780243560763,0.004526601789460558,0.04364369950565464,0.174152971776424
2007-03-01,1.3388055425634253,1.0446017893657364,0.7393410136980271,-0.1233221674210797,1.5247131427158866,0.2389857186969358,0.41998966516871294,1.2458401092969582,0.32880581847660867,1.6664562596651242,2.043582468376242,2.0458891436303275,-0.485989470035485,-0.1484783340195337,0.004526601789460558,0.12293554622046793,0.18166730336093498
2007-04-01,1.2257167748628865,0.9544580517187857,0.8295881248232467,-0.1835145242554404,2.3272475520483873,-0.29168453235511854,-0.23153222618172672,0.37775768985935154,2.237797168753211,-0.34987109590375065,2.3381265137679117,2.8711733972777416,-2.0968389010327706,-1.1554569669386021,0.004526601789460558,0.003997776148242711,-0.5384064621936581
2007-05-01,0.4825137124395249,2.0438307701938725,0.8517819453433677,-0.26250753606560323,-0.4078819987581175,0.6831460334232604,0.9201110105958331,1.431789617284248,2.593616050598898,-1.0740395674055894,0.7326461895850803,1.2582160753927785,-2.2141221434082676,0.2543131191480936,0.004526601789460558,-0.0752940705665741,-0.3109389982854105
2007-06-01,3.0974850606178395,1.421513745332528,0.9811243037373292,0.04419997691155372,1.2843307580737862,0.6143147837838896,-0.41251199369231123,-1.4273585133432845,0.18232014499760765,0.5888518717201099,1.613196602344197,1.2243225675979013,1.129647032079081,0.15361525585618457,0.004526601789460558,0.12293554622046793,-0.21875398189365325
2007-07-01,0.8338823706926721,0.7219314085013674,0.7420771496230169,-0.22933888032202465,0.5235952449538938,0.6324807630644582,0.10770848368705786,0.14234328031505816,2.7430276530680957,1.476928882129887,1.4067236722925294,1.7604902873010784,3.2062784827969844,0.4526879098331527,1.0320652079970072,0.6779784732242032,0.9539194873235248
2007-08-01,0.2628100695042322,1.437420344794155,0.9364494965880694,-0.07940713458478402,-1.5559672949057484,-0.4202644393181405,0.042745678910302856,0.22503823092766256,0.8948834364484074,-0.07742862456354951,-1.8136620143548146,-0.9399922775155373,-1.3245407176663093,0.20537395758822385,0.004526601789460558,0.3211651630075135,1.5295070631166738
2007-09-01,2.0374976885855243,1.0326829648957883,0.8253692086674655,-0.5275896997515647,0.521485433081063,1.057235798756405,0.005428843762442083,-0.8215972812645288,-2.2474827937604864,-0.9157985087227218,0.9815629475153933,0.5697860828689207,-1.0478958777932565,1.262902917879834,1.0320652079970072,0.7969162432964284,-0.5061510660723908
2007-10-01,0.7055301353871454,1.2721531941094675,0.805374054326745,-2.7472435538352795,-0.14031496850755723,0.13076326816887157,0.2713264320452927,1.0618820531525786,2.966477771233585,1.0785332333617899,1.6278119904964992,0.852483992189527,0.9109496880818576,0.5320378261071719,0.004526601789460558,0.04364369950565464,-0.6628180758886915
2007-11-01,4.718894406720196,1.238155437890806,0.8260476431635142,-0.4704017256057769,-2.277423576816522,-0.5009294594003478,0.3899524166109814,0.11146265336194629,1.8610884048306195,0.3974429542015244,-0.9364524724174889,-0.841372419208067,-0.6454707443108775,0.7085611804578826,0.004526601789460558,0.04364369950565111,1.4100639654956753
2007-12-01,1.9228756929265562,1.5010780958448093,-0.16801978916964996,-0.5063047059849847,-0.5891411776829066,0.5628289826726779,0.16525413610370296,0.11677749777492376,1.5891983714365838,4.2793252028844675,0.7553015796420579,1.1290585172995813,-0.8039108306182418,-0.6514641611626073,0.004526601789460558,0.003997776148242711,-0.03119448001754514
2008-01-01,0.6978975876455051,0.6479192970920085,0.4220787082071473,-0.7601745328809332,-2.050046362115971,-0.15525377393803558,0.14531769434921663,-0.8667364105898537,3.6368941235220267,-2.1050761603806083,-1.189111501835776,-2.118046930983168,3.618768433303517,-0.9638289330941002,1.0320652079970072,-2.1765280085092655,0.7826889152487685
2008-02-01,0.23442785736973668,0.7853040547486994,0.681790146424879,-1.124704004823324,2.0949911720609466,1.9687009561113489,0.544115971443261,0.011666560847667996,1.5948187286895523,1.5279884380126154,2.954024331713197,1.8604847192839968,0.3924636660730527,-0.03261676145186967,0.004526601789460558,2.303461330877976,0.5328231706473969
2008-03-01,0.31204485831625356,1.2253376404972491,0.6339409401204404,-2.411809438726221,-0.34204569491813475,2.3850892392522236,-0.1186772821496947,0.6576753619436497,1.1750182824846787,1.4923129713763372,0.7926381705317984,-0.5149654437329767,2.0116075850395965,0.2619298645538366,0.004526601789460558,0.7572703199390199,0.4910864836727786
2008-04-01,1.008669125941645,1.2207303089790384,0.9234794062733652,-1.6588409759142526,-0.03418145655221623,-0.366357643472724,0.4086140262649267,1.3147444022358026,1.9473290308534446,-0.019909727309456015,1.5252171282478826,2.4175492039926123,-0.04700726958161355,-0.11523721075633632,1.0320652079970072,0.6383325498667912,-1.5373474620230416
2008-05-01,0.7183212018905231,1.911502269605438,0.7032262696388267,1.4614972387474323,-0.28724056883422244,0.30316556503315106,-0.3799122151778264,-0.10908991160947477,-1.0790759257576468,-0.5640980253994353,0.48695744847143163,0.36188544643925086,-0.7546638364981144,1.4714146268029713,0.004526601789460558,0.633416455370472,-1.0387463264264771
2008-06-01,1.1447246235052502,1.3845002156033215,0.939304411985682,2.194828855649117,-0.7070974148784536,1.5437615970744416,0.47386251546390457,0.3731342658739032,0.4332592204556034,1.0280567706250836,-0.5338815737637586,0.46498947313332195,0.6980925708475911,1.4069679976527136,1.0320652079970072,0.6039991802392752,0.22232871446878427
2008-07-01,1.9769635227871707,0.33933968394476904,1.0499776084157466,-1.1060025340255466,-2.2259838257889744,0.8804366111807127,-0.08640807051929941,-0.3833543829465365,-0.9849672975447634,-0.3486325371882811,-2.7317372869781957,-2.8369364336569785,0.017313146363812214,-0.13797541597096238,1.0320652079970072,0.9182724146934556,1.436933262682027
2008-08-01,0.3602113070403008,1.3069551800878862,1.0521789672396265,1.0893990290274898,-0.5182698588305271,0.9889956778796591,-0.21179095266591438,-1.126410508291797,-0.18657738097359927,-0.28821507894829035,-0.4863688338738597,0.694713156256993,0.7636735183595262,0.9884037648777194,1.0320652079970072,1.1843441355297035,-0.09956287393008337
2008-09-01,0.958335792087887,1.2053215099392347,0.7696234460993334,1.7998579442952751,-2.1998058576691326,0.9168081289833196,0.21166667118594512,0.9397300776568703,-0.4985282439742073,-0.5930982081454811,-3.137619441018237,-1.9002432464757766,1.7751237338682007,0.6979543388578351,1.0320652079970072,0.8824245707936862,2.2956384183003307
2008-10-01,2.7364894553509163,1.0110923147512887,0.9195303563643488,2.602464865467898,-6.042095032045207,1.0591824824835676,-0.19126172952738515,0.32821081908970046,-3.3752992078097956,-0.2879082698039938,-5.359532170076852,-3.5662623867896013,-0.819935551183546,0.6617702399815474,0.004526601789460558,0.6839253617278113,9.377145367507953
2008-11-01,1.8523013877651064,0.7748465466245251,0.21018738172311108,0.3756916486523649,0.5557020204772698,0.11524777978728407,-0.07276099319253598,-1.2032765992652934,-1.4110927946487795,-0.27548433579199083,0.8310289868939916,-0.27048692455980017,-1.7856433753698093,1.8272137437676739,0.004526601789460558,-0.2196052315875455,-0.6157514476742403
2008-12-01,0.31554561296415373,-3.6529705251170643,9.769959755693161,0.49351002869086114,-0.6981506283236016,0.27437119518893405,-0.44483903134831515,1.0262795392050286,0.0046080932977339215,2.011591166992206,1.301105170100333,1.2266406473609368,-1.7331172375343948,-0.5195499602502083,0.004526601789460558,-0.03445876950844267,1.4724767638475094
2009-01-01,-0.5368979916392405,-0.3831556316460858,-0.23341152062488604,0.8459451205416251,-0.3285556480392985,-0.5172144402218467,0.19505045624695308,-1.8735302940703036,-1.606364194735676,-2.5425917741397885,-1.382896320412813,-0.7406215681354541,-0.21847596831868185,0.42006180212657135,0.004526601789460558,0.15476551366350613,-2.2838272237795425
2009-02-01,-0.5400759978213179,-0.04928614948618475,-0.2551886983666355,1.909263881131317,-0.5064886419932131,-1.0801826575006415,-0.2980723334309005,-1.2489664139416323,-1.128195151740573,0.5710958319577433,-0.23256129359452224,0.34039069452402093,-0.010705114146758435,2.14088758792197,-1.023012004418086,-0.5418308435783743,-1.6791200831592086
2009-03-01,-0.5571339078277677,-0.7698492158691426,-0.10775519383425176,-1.4020909960878842,4.103745243145421,0.27435768740254557,-0.4696300845946379,0.8195343765070138,1.6134704076995314,-0.9685632641769171,1.2094837208747895,0.5322772074389073,-0.7527849110846578,-1.0703672724569424,-1.023012004418086,-1.43486969832012,-0.4001112983300012
2009-04-01,-0.5866883578518061,-0.4544610305672337,-0.3185113923733282,-2.0921635410486887,0.9238408758819443,-0.787612173264925,0.16976102066129262,0.9875196041874179,-0.08656683127207365,-1.1224439902880685,0.30645537386449306,-0.784767837003447,-2.3417454593976457,-2.6028880538964674,-4.1056278230407255,-2.946940357177764,-1.8629037000113666
2009-05-01,0.4741721930774953,-0.2954518738027007,-0.07114477499343304,-2.183092090944729,3.7035711643230704,-0.9810229843146893,0.32218928756242876,-0.17700929040664973,-0.1352092091441815,0.19410184957022147,1.7286966711525715,1.924727084844071,-4.317992028784165,-3.5832824509064722,-4.1056278230407255,-4.211791129985229,-2.6214861650289234
2009-06-01,-0.6017626679175264,0.23384239850589017,0.037729761819644526,-0.10337261746859676,-0.3876173960188431,-1.907586687270337,-1.2368645666253255,-0.631248199708278,-0.74706246336688,0.8324558332318788,0.273636924563944,0.2503726982065192,0.02139219769526012,-3.3227770785703115,-4.1056278230407255,-4.4931978939761175,-1.3094912140719055
2009-07-01,0.5909282997318549,-0.874084567451307,0.09951736590339197,0.5140653288416934,0.9092751418520734,-0.2652850297132098,0.38177905389914946,0.1370598339956236,1.2770752196848247,0.2408479963739857,1.6016748652974337,1.6962167929376315,-0.27645936722791575,-3.9483122053396333,-4.1056278230407255,-3.5276610765297716,0.6387488230734933
2009-08-01,-0.8813690339612544,-0.1362194515183728,0.23769930750960339,-1.5206960355314156,-0.19027341137809228,-1.4943055995924468,0.496905158235599,-0.04457693052666293,-0.42334845545024763,-0.10055955348259335,0.21775627663346805,-0.434104590322764,-1.1472874418676535,-3.318849861901928,-3.0780892168331793,-3.6037812493759995,-1.309610009196121
2009-09-01,-1.2387651183007562,0.25546549278327196,0.591184208698511,-1.026815277192243,0.981983756532718,-1.1188801398048962,-0.007099990298890491,0.08667737869566587,-0.06231503694472936,-0.43693734684869734,1.4389676998132648,1.1033596642466674,-0.023450690996775447,-1.9356640117242954,0.004526601789460558,-0.49910899125728075,-0.536253750548771
2009-10-01,0.33210273768564463,0.09518463216776654,0.5035591175490076,-0.9653577662560191,-0.8780141525283959,-0.46474074511218116,0.24049552329918877,0.6084867558893539,0.6414939295462037,0.6784004580208857,0.28036661822161124,-0.0002691053339669125,-0.8327050633892552,-2.8439587386172924,0.004526601789460558,-0.19573838572638547,-1.1865382605081558
2009-11-01,1.448778870600267,-0.15938867612889807,0.8016845003119272,0.3030140589208367,-0.141869633451411,-1.1965435040888275,0.21240477510591702,0.05527077929124882,0.30575433564585025,0.9898090772023617,1.1174420026736471,1.023308011850961,-0.18594782007611574,-1.2996563071726113,0.004526601789460558,0.26678028008940635,-0.17923480390440238
2009-12-01,0.3859169786443857,0.055390257859349146,0.1864153254534435,-0.1934342065026905,-0.030844859086108498,0.14037431043857185,0.0810417024144799,0.8376020157635885,-0.596228853679789,2.1494579342827285,1.0987635888831422,1.3325546105178487,0.5319333323634434,-0.9559744997573337,0.004526601789460558,0.09652203733618095,-0.44755339113402176
2010-01-01,-0.32879834580033246,-0.8257776136014005,0.17807685274942614,-0.547618309125046,0.1793672778755523,0.07449919252276754,-0.02363431500429224,-1.3745296706798524,1.0709536815208496,-0.27027209005349445,-1.0656966242617307,-1.4257711552309307,0.23670268887705942,-1.0671348710452697,0.004526601789460558,-0.9567815304952131,-0.011100104763764988
2010-02-01,0.6002561320064586,-0.3720558650264265,-0.23829226675573675,-0.07967131130396926,-0.46022620767076294,0.15716413033260582,0.24086089049561207,-0.8772310451359773,0.45263898410772946,-0.08135699845021921,0.25117230761164044,0.36259838308682746,-0.647983956647507,-0.4791801868564836,0.004526601789460558,0.8573366304931198,0.8243345259614882
2010-03-01,1.029447714394116,-0.1958175231899112,0.9241967243762585,-0.390452703379847,0.9260958205251488,0.02753525443461432,0.3286750228650661,2.092283727520623,0.008735937684099708,0.846204093543293,1.8583892558859276,1.3854136835703719,-0.8532775015161799,-0.26991995714957284,0.004526601789460558,0.07298168279013426,-1.6120505159381004
2010-04-01,0.6649201867184197,0.28249163920317977,0.8452885488479389,-0.0024806955524225476,0.5247852578758908,-0.7678276378082537,0.24076046938251675,0.28343641607771863,-0.5002882569008857,-0.5897453609611965,0.09227942844295138,0.08665100954512157,-0.21452663464685548,-0.5715100577088327,0.004526601789460558,-0.04730404867624467,-0.5365561381376854
2010-05-01,1.509095619678329,0.5059347101216294,0.8836066741943348,0.1268937017281245,-1.210941287697791,-0.10605573757503883,0.19103401447439783,1.0021816699780197,-0.7379001827332551,0.5427204960847694,-0.7266470659863705,-0.6923477860604315,-0.645111713977075,0.40445363331632644,1.0320652079970072,0.9015814809599879,2.2157396976343255
2010-06-01,0.5743578416622093,0.5426269476442251,0.07723449796762664,-0.206658873784866,-0.5175388697080088,-0.06565130511675878,0.4316178114678369,-1.014529643840036,0.5147785970520814,0.8441166896905157,-0.21008263990394332,0.16938174402447195,-0.07436119233007281,0.6288084727306932,1.0320652079970072,0.6934403833335903,0.19268753105072287
2010-07-01,1.2255632785778396,-1.046364340901658,0.6427881123662906,-0.4064430517231609,0.19785524120128894,0.28596646892187455,-0.42268099705523615,0.2813054096056687,3.0639148132249803,-0.25879082223962535,1.4659938886812374,1.916568491138593,-3.175126670221708,0.6654624949689482,1.0320652079970072,1.1140836301557009,-0.7675046591706908
2010-08-01,-3.730422852235675,8.773426151988302,1.2217822502784048,-0.5519478474031122,0.6992388131617371,-0.01070449117146982,0.009191979590616961,-0.22759089700792823,1.2216094757000837,0.40301742177806804,1.11576591271761,0.2547945140192227,-0.31975842548457933,1.774850854855886,2.059603814204553,1.8951083202966634,-1.1552411450555653
2010-09-01,-1.148179616436691,0.24225021515035222,1.0079478114972589,-0.311640936812152,2.045423224376097,-0.946715642830298,0.3874026875849529,0.2622742852378355,1.7778031293542365,-0.6933075960515365,1.3126428921279572,1.5346591728906942,1.0700479966677428,1.325738384573982,2.059603814204553,1.4471093863579407,0.39570479848393086
2010-10-01,0.1129541370184811,-0.042418695615979635,1.2261951639687534,0.004803543683086219,0.8701556756004186,-1.289130956207224,0.1473698579075897,0.4892517750204193,0.16322775760700986,0.5268609388928316,1.3974539565943227,1.5633125784919373,1.4520562718343868,0.9692679485206311,0.004526601789460558,0.8127746126393903,-0.37604232620812866
2010-11-01,1.0124873387489046,1.0763382060432687,1.2523690875038826,0.3481945959313909,0.9796447727970155,-0.822238959539077,-0.0312850521842328,-0.2512133351118458,0.7196821322156858,1.007952653106742,0.6063322131585696,0.6474060386467417,0.13692815911312942,0.08312675155185315,0.004526601789460558,0.11897095388473096,-0.211359885374258
2010-12-01,0.9313146156925242,1.2984617345468443,0.9086144128803196,0.24258946448912408,1.3961528394985292,-0.29087804123413175,-0.42218247989038454,0.5782382178556144,-0.2662386578375807,2.280044094139522,2.0597351536975124,2.6556611438684308,0.1782166475005072,-0.34987406060334736,0.004526601789460558,0.023424278593371987,0.19113959458366367
2011-01-01,0.4046417592676366,-0.04736979206511102,0.7224765097456152,-0.7564747000366725,-0.33528227034972685,0.36823156405483815,0.5541204339616073,-1.2883450696311547,0.07554362245664287,-2.216864881236192,-1.4784133190005244,-1.9196760225601937,-0.06951428282373406,0.687313931303292,1.0320652079970072,0.9229902795729901,-0.42458633378555827
2011-02-01,0.7741886086493945,0.3625811739002485,0.9962969467122086,-0.4472363445688644,-0.09034443838028049,0.3430237329742491,-0.11069292009920922,-0.9889027480790268,1.1804038023018386,-0.12756732234371074,-0.1324984060070492,-0.0037948130877528082,-0.23107793303518298,1.3015708973839248,1.0320652079970072,0.7021624864722192,0.019493599559375005
2011-03-01,1.5014865560863173,0.43308259728953274,1.8859601310785392,0.21428074454989363,-0.5719596705591027,1.3359479628833009,0.18508756136808924,1.4151110148915167,-0.38103811218471395,0.7202427388482275,-0.12070631354706605,0.1591584670278455,0.3907626051120242,0.56043462355549,1.0320652079970072,1.161262278951019,0.40790613769660783
2011-04-01,1.9711596282157438,0.28778365034274755,1.1591952019728373,0.9205509661441112,-1.4969654038755835,1.2691942526304265,0.3120375694163392,0.7858344413582429,0.04445245374341437,-0.1375962518876594,-1.6348012708597004,-1.100328584190785,-0.38617903723817604,0.559427644922571,1.0320652079970072,1.1533330942795361,1.3810203575509423
2011-05-01,2.109066045341092,0.9336448243559136,1.2264347425533426,-1.070101582577083,1.1356380154798846,-0.9208198812553335,-0.48763981293690156,-0.24082342533843235,-0.4322143152788766,-0.9885335699904194,-0.005675584418618604,-0.002903175371415247,0.054710212672188965,2.2128865601756766,1.0320652079970072,1.0554076635867347,-0.2179008169106458
2011-06-01,0.21528885867927383,0.8625661582238479,0.9596938193879754,-0.3012599292015268,-1.770506471527985,-0.5378862641091495,-0.26608559553218186,-0.7241061753366042,0.4089059017274942,-0.16274953616546567,-1.294095202002889,-1.2295291706553324,0.44174491251207954,1.7929764702484292,0.004526601789460558,0.17526816505225293,0.19575100531460157
2011-07-01,0.48977653909985813,-0.8875428049921137,0.3697193823385394,-0.6151808124320538,1.873356191858254,1.61600887907264,0.5677290994001405,0.08434382487915716,0.14471840280920564,1.240185016160809,1.73238591381076,1.3426521396362447,-0.022840339429307546,0.0438545848680116,0.004526601789460558,-0.06419321202650073,-0.823392365336032
2011-08-01,-0.05578414329212848,1.0470329614169989,0.8007727708331805,-0.06803607409867626,-0.8260880796756397,-0.01909253913753229,-0.10358042853209092,-0.07678906300387281,0.3873848268358197,0.764108279494708,-0.20875546131345937,-0.31987688998397373,0.5516081946558684,0.4919600765169898,0.004526601789460558,-0.11493999392398603,1.0974167976721754
2011-09-01,-0.4339760056246806,0.4624214669592748,1.1081242322022238,0.1007836271147371,-1.6221604286707398,0.19345517859875286,0.003186212211763856,0.2703790326209393,-0.6132223484391576,-1.0201895705433113,-2.1254463627227915,-2.481517034332627,0.3325996910358955,0.39126221322508964,0.004526601789460558,0.1713035727165107,1.4486183830822006
2011-10-01,0.5831961720118022,0.3305775632215179,0.8869280453712559,-0.3345493807930119,0.8128342647653648,0.1333613789162664,-0.09316616488278055,-0.14073465249862002,0.21887916526064916,0.4430451361154527,1.209617736254866,1.2476630465811411,1.1773980664749146,0.3640737901362711,0.004526601789460558,-0.010671215493999736,-0.211194292170805
2011-11-01,0.1570408875483072,0.8185343950491633,1.2533020709137137,-0.7323323306775726,0.1174341108924792,0.49551632427204195,0.1834701491743272,0.7022066169183402,0.0036190613792881103,-0.6945747656270581,-0.12543826803086128,0.11993476420109293,-0.4547538309945998,-0.08705263741147065,0.004526601789460558,-0.04674900574924259,-0.680485430756213
2011-12-01,1.1946112364114538,0.6914604392112842,0.9280453167717613,-0.24978298591432652,-0.35048347840691535,-0.003261411905484326,0.7683776876801632,0.45617383179874776,-0.4456152660638101,2.59334457636122,1.2395301305950002,1.1390252349459984,0.16744573748640976,-0.9762147702790054,0.004526601789460558,-0.04873130191710843,0.08099491532176785
2012-01-01,0.07779070686410461,-0.20007334031620838,0.6079868358106748,-0.11373803383943797,1.4670669203300433,-1.162999097017117,-0.5500280454667431,-2.073390595727773,1.2442750298227097,-1.1626238142211498,1.2687548822896615,1.10001238312701,0.7289691795546611,0.01666616177919307,0.004526601789460558,-0.04912776115068864,0.11750821668312418
2012-02-01,-0.8019564675920555,0.2384572596496376,0.461308269264031,-0.26287570069678606,0.38236357213000105,0.16462636425576097,-0.09930498041703677,-0.2567583793964637,1.5179158866379798,-0.6646241532878822,0.7581338889186304,0.5218726288244022,-0.8504052588457607,0.41442272178222345,0.004526601789460558,0.002411939213946516,-0.772306862070824
2012-03-01,0.5328375335336311,0.1758120165617982,1.3861077268381523,-0.3554638360952364,0.42302695845827404,1.5326642482053614,0.4917092353911758,1.373605157065828,1.428625409460098,0.4202420278376698,0.6093190498122083,0.27495303290366796,1.0420436306310918,0.2533061405151769,0.004526601789460558,0.08963297060024782,-1.2877985044195803
2012-04-01,0.18773707334778014,-0.037447460875584745,0.7195230455240396,-0.396493277257546,-0.582581379112321,0.8062140016120022,-0.5739969949061607,0.45416931395003196,0.8556483336686114,0.05713181855037762,0.18881598744012365,-0.3296235002876823,0.8467311290421282,-0.7627353001001688,0.004526601789460558,-0.03168355487342697,-0.05611625713720088
2012-05-01,0.3365525567314268,0.841531934506681,1.1274292639237775,0.315798305623921,-1.051789460809753,-0.7244870840767124,0.7486777074637772,0.9097538243793366,-0.6639840655490378,-0.234453799187684,-0.6186924418503221,-0.41424717668932703,0.5778174090235072,0.22208980289468702,0.004526601789460558,0.011530501586150519,0.6258001545339299
2012-06-01,0.9047944900240493,0.40791792267240484,1.0083909078797002,0.01835674100338375,-0.5570282100921076,-0.9613366441291079,0.008449740169188386,-1.1333698258353584,-0.04213744754367492,0.09700801669994912,-0.1345791202912967,-0.23465188206584583,1.1142087277255397,0.25028520461641335,0.004526601789460558,-0.04318087264707351,0.3017270556721825
2012-07-01,0.60451384431556,-0.4569443925493221,0.9968023306403364,-0.9861223433239451,-0.438338328149812,-0.5652519661928281,0.028833800514294607,0.6909339060596348,0.22320537999680157,0.701874944445651,-0.1258570404792694,-0.4423459370173265,-0.4059257055973589,0.13146172593196753,0.004526601789460558,0.06267374271720898,-0.9890683653906186
2012-08-01,0.13692870337040422,0.3880883240241272,1.072428869619077,-0.5426105279277786,0.37354919261375796,0.7344329760802905,0.07763320414601162,-0.16307340379864482,0.8707010031140555,0.3921225216050964,0.24404240563212926,0.19680025333023127,-0.09895477019559447,-0.511997620503315,0.004526601789460558,-0.10185683921603977,-1.1276482775671703
2012-09-01,0.4330386662877685,0.13703269844431648,1.0995498278121765,-0.3823621748302131,0.766768747867799,0.840847779286959,0.11790491115810606,-0.42311090193930045,0.5921110943773874,-0.7710420525741212,0.8901600711330782,0.732245926102656,-0.2580052080704266,0.307682986692805,0.004526601789460558,0.06307020195078215,-0.34998299577779596
2012-10-01,-0.3048993353926828,0.1353540355036701,0.29915581459773033,-0.4407943529831031,-0.599780495141477,-1.3565939403119327,-0.2062567025819201,0.5936840932527041,0.18495990911851629,0.5096418133435371,0.5374297404453849,0.02445937905863229,0.23925180424705517,-0.0004524749804314275,0.004526601789460558,0.024613656294096772,-0.6110946788049663
2012-11-01,0.05802116271454155,0.1489188051443986,1.2775195245327677,0.29073946524135114,-0.5328606250595782,-1.2758504758920743,-0.10203355668417283,-0.37241671211686206,0.5167720482417705,-0.08846267947629585,0.5793977194705618,0.78725096314837,-0.07669488949979478,0.0015614822854064857,0.004526601789460558,0.038489729469185836,0.569653259006663
2012-12-01,0.515600942356555,0.31929237733787813,0.7345639263714939,-0.9061776411498069,0.30296181993725496,-0.04099775032392849,-0.0330724937267271,0.6996052867061751,0.1892094616083868,2.0799792080528374,1.544731068868728,1.660564530892752,-0.5624629311355616,-0.6751281590362038,0.004526601789460558,-0.011860593194719242,-0.22121268097970298
2013-01-01,-1.231980329501711,-0.559275019724025,0.2040929992615098,-0.4404969900436568,0.42557078413223864,-0.48719179527071366,0.37505735818739744,-0.6905601334826733,1.4593603654533769,-1.1518575116324357,0.4836338070780816,0.2656779945344799,1.296955167631381,0.1274338114002917,0.004526601789460558,-0.36114117797349765,-0.2741125097783942
2013-02-01,-0.3859498242086603,-0.27145137384458035,-0.19642268089833032,0.7206675275897411,-0.5674249769937976,-1.127661153942446,0.00990449921112698,-0.9661366725939886,0.07393014460419858,0.9765410424343505,0.39832827097835233,0.2554107282155769,-0.3840248552353616,-0.05080140662638373,0.004526601789460558,0.19826280059954954,0.6498086491380204
2013-03-01,0.2563158846481685,-0.6742466377505111,0.4070261982505335,0.4278624494378595,-0.5420876990044513,1.9742873849047489,0.08867673789383984,0.3681443589910013,-0.10750766133569907,-1.0534324942929585,-0.07963990802437985,-0.048702236144186076,-0.5646171131383887,-0.7526655137709747,0.004526601789460558,0.16099563264358366,0.5055676093147309
2013-04-01,-0.2060065585728371,0.011734972492780962,0.5415010110825542,0.08210439825199244,-1.7937128837641998,-0.06086833839195024,-0.18015156493132792,1.2565255568124298,-0.08186384225692106,-0.22147964953374785,-0.32838054365037833,0.13333136768343642,0.16600961615120016,0.27344571317355604,0.004526601789460558,-0.15418945804782128,-0.2968059783559342
2013-05-01,-0.4523485478231609,0.31437430744905276,0.4981830748946005,1.277679200493455,-1.0657262712212292,-0.24381807120903842,0.08158454620479705,0.14846956639121142,-1.0916871879660528,-0.7147186330841762,-0.745425525510532,-0.8822567162975081,-0.3944367349156567,0.0015614822854064857,0.004526601789460558,0.21689638457753072,0.04493519534378326
2013-06-01,0.8866612610498377,0.3378250449409662,0.4158863321719001,2.751276066288255,-0.47100905534657556,-0.03159658947831486,0.49304883569689245,-0.6603714551487884,-0.31311281859459,-0.09517218674233924,-1.2226214593180798,-0.693466950855657,-0.36930461154942507,0.20195023023630343,0.004526601789460558,0.02897470786341219,1.76119643374252
2013-07-01,0.39903749761531015,-0.7196740772610414,-0.16729998824123135,0.7484805583364461,-0.42565220578841906,0.8587494871232918,-0.18835864490115592,0.6368093767581017,0.25205674967544084,0.5456927047764987,0.446909237654691,1.0196911315340218,-1.070849883800956,0.13750359772948126,0.004526601789460558,0.26724670724143934,-0.15772496674632677
2013-08-01,1.1163886645905445,0.001806467301458132,0.12550321296010156,0.6323128161595207,1.172557371431678,0.8414635522001761,0.17714865823512832,-0.9989675901404594,-0.812343716030379,-0.5027892793076598,-1.0841449420229656,-0.5817681090356016,-1.1541449212432908,-0.06087119295557777,0.004526601789460558,0.7540986460704241,0.56730975519258
2013-09-01,0.06682318146021841,0.1474603471857839,0.1200449950080094,-0.6178094875165979,-0.6417973266468345,-0.5078656017901345,-0.2811322610785615,0.1265662446866563,-0.2140789945335614,-0.9738707450482306,-0.627974233497245,-0.5923935909148831,-1.7942960064144713,0.3640737901362711,0.004526601789460558,-0.9570194060353574,-0.2747820822967031
2013-10-01,0.3228599444854493,0.16569519495061502,-0.139484385053862,-0.2635454527358222,0.25430798989571995,-0.7275682502709863,0.26527126916109184,0.6491792344684981,-0.4567437154883875,-0.399684721203587,0.3076099053626544,0.059590414033080984,-3.2404701909738973,0.017673140412114263,0.004526601789460558,-0.09630640994600133,-0.40280722767925853
2013-11-01,0.7710097860762838,0.23452891421148211,0.33981813536185235,0.737148140894447,-0.977566358560091,-1.5281774596409194,0.35581882843148127,-0.24399895337863808,-0.3298124628005865,0.04439900975616912,-0.13977409269826196,0.10028944994133628,-0.8802047765514235,-0.05281536389222164,-1.023012004418086,-0.2552865626092151,0.40317809175280234
2013-12-01,-0.08292050868279988,0.509500712991482,-0.4734774449158742,-0.350692161536776,0.39259924456459666,-0.3302515395907291,-0.3812756002274537,0.4461347135027444,-0.6160022312160731,2.185311485896387,1.3048706298823831,1.3893686667010798,-1.637758780876256,-0.5814791461747342,0.004526601789460558,-0.371052658812848,-0.26401852407226756
2014-01-01,-0.7200338968951395,-0.5418896021512841,-0.22473840737219358,0.595766178417949,-0.3131007123385957,0.13956599997618171,-0.30398704242425845,-1.1323541970952937,-0.6038126480806393,-1.6854380328913943,-1.102544767037184,-0.6849746259788215,0.5250399499544272,-0.09309450920898438,0.004526601789460558,0.13324348629339847,-0.02159007421727862
2014-02-01,-0.00202638930276153,-0.1257707430269455,0.005467751753356437,0.07878825824476304,-0.07438734083208813,1.0210898879743597,0.28346159285620476,-1.2898471821927737,-0.20786939162198936,-0.23937411192569508,0.028573619417835542,-0.018097841201105254,-0.5254828067538316,0.13750359772948126,0.004526601789460558,0.21332825147536164,0.23834985690284938
2014-03-01,0.29162270054873485,-0.20742092351140323,0.20392336964847152,-0.1784183711168141,-1.0501645431672324,0.7659461242396156,-0.3169724667940771,1.4103921676305424,-0.39479962746669295,0.1105643293382734,-0.29052237628610594,-0.3536473184264795,-0.5717977198144494,0.1495873413245132,0.004526601789460558,-0.6323192937381753,-0.5749611618558771
2014-04-01,0.2468226319381281,-0.21362220183250136,-0.37227803799393616,-0.32719843109153435,0.991372259998865,0.3768839939303147,0.03005868085028896,0.5231054639757611,-0.3962885486497078,-0.9524938851204979,-0.1809907153423936,-0.45559156529849193,-0.17686435263089975,0.2794875849710698,0.004526601789460558,0.1649602249793224,-0.5244966331036184
2014-05-01,0.4279029980473246,0.45990739661278135,0.04848098135424185,-0.20880529743352108,0.11876669554355025,-0.14596878238985192,-0.3112930581270081,0.003109894413824815,-0.3245488858869341,-0.7300734311938389,-0.035358943302297365,-0.4301812538886204,0.4255885474909397,0.5181415209728871,0.004526601789460558,-0.3920649981922734,-0.15894963648142688
2014-06-01,0.3421008839740603,0.1620830670464521,0.3132784362792563,0.1713780569585442,0.6533311957272733,-0.35092334902131544,-0.40876398402723474,-0.9073102460924436,-0.29467562660738567,-0.104040143646853,0.22087728192210926,0.25051127636882636,1.6699876844529462,0.6681813372778318,0.004526601789460558,0.18597256435874962,-0.15298828115712465
2014-07-01,0.11454153412260452,-0.9066860420804679,-0.6382875388269089,-0.22813833467078642,0.09031171153918925,0.5013831218784613,0.3040176614030612,0.6552376862230863,0.2817412403904489,0.35308115681888186,0.5392416306986542,0.3776649250390159,-0.2860095741070838,-0.1494853126524549,-1.023012004418086,-0.5938627480814881,0.03443802618577229
2014-08-01,-0.5058237738043629,-0.22041124507334434,-0.15286475876717692,0.7165085253001101,0.04405069788577541,-1.1139899272746807,-0.00028373431981534424,-0.5024084765060718,-0.6599871219446808,0.0320629483944396,0.3514896603471498,0.20344733492818853,-0.07023234349133248,-0.4606417102244415,0.004526601789460558,-0.354004911769163,0.41767109690717674
2014-09-01,-0.601168848761725,0.08000613139565654,0.1749376393190494,1.2442177558462237,-0.6701319014776939,-0.34679819334518125,0.022709625421598618,0.0839572620647789,-0.4965218651186965,-0.10301815406970113,-0.5484444968433518,-0.5379366899425853,-0.5441523841116009,-0.02663391943632877,-1.023012004418086,-0.23903173403267652,-0.29158979244716837
2014-10-01,-0.1987723690764185,0.13238918081750603,-0.09112534734816416,1.0388842798524367,-0.5099960494119761,0.33226612544049094,0.2162767505777559,0.49654922587104144,-0.8061602994164717,-0.5348382012293099,0.09550048012491134,0.7066817086048018,-0.3621240048733643,-0.10115033827233604,0.004526601789460558,-0.6632431139569546,0.786465160257944
2014-11-01,0.19997091740197034,0.254040184574727,0.1925535244188339,0.45539373868576744,-0.5373289817851803,-1.3132985744667878,-0.28248341392544224,-0.5029919228223191,-0.4319241090002519,0.4504424426240929,-0.14423237858895374,-0.22891517795949132,0.32254684168940917,-0.11222710323444679,0.004526601789460558,0.4492214954519498,-0.18857606050526932
2014-12-01,-0.5389394232864739,0.3295715086203056,-0.4289499880324514,0.878659430714993,-0.33294331935305366,-0.13395608208840054,-0.29352451336330904,0.9272259321155343,-0.8274971493987324,2.422521867204349,1.4159988978931204,1.561217526839535,0.34229351004857933,-0.1323666758928304,0.004526601789460558,0.614941455085918,0.6328447053999499
2015-01-01,-0.9626745845557839,-0.33430369521963216,-0.6412812258879582,1.0509360346012528,-1.0783079688530937,-0.3163107178866375,0.14939514978401966,-1.8004650499969639,-0.08085301281290193,-1.6410486444205667,-0.6746361244385586,-0.25690467227533365,1.9101789777673053,-0.24011338961516546,-1.023012004418086,-1.7868085819059323,0.738083146031716
2015-02-01,-0.7775442070395101,-0.03198614032118036,-0.3269747683225034,1.7197508299810413,-0.3232863571211038,0.09797988069727795,0.07025717898226787,-0.4887590765121355,-0.7006511771951085,-0.1620153293343907,-0.08432272665526792,0.5714725775164295,-0.48204013636363946,-0.19681330839964808,0.004526601789460558,0.347331472423406,-0.7036933182201311
2015-03-01,0.09792795905161499,0.3089731427171485,-0.027593914197760225,0.2916788350711225,-0.992948859629991,1.528479924203129,0.163568143851979,1.621665235408365,-0.6145439981519109,-1.1646339451248733,-1.0408659509793352,-0.8910189320126749,0.41086830380500317,0.13448266183072216,0.004526601789460558,-0.30444750757240074,0.060651790277584994
2015-04-01,0.46115170748400713,0.2531006110401958,-0.48028764485680003,0.6417857525608713,0.8328152856323783,0.36844918530658377,0.492420279532548,0.4420549510995574,-0.08219354063716257,-0.758209691998351,-0.12761218223509746,0.004894306951988955,-0.43345136452239014,-0.0823534037911464,0.004526601789460558,0.6478475714725684,-0.28761555556430024
2015-05-01,0.0786421792923011,0.6302424904292592,-0.38207960086195686,0.6870127700373041,-0.24521318326580943,0.9080146774471545,-1.0752772552107481,-0.5422103639371362,-1.0104042424981043,-0.4979780231758488,-0.17882352837383744,-0.07885665202635359,0.41828826403705544,0.6423355523662072,0.004526601789460558,-0.1359523333034115,-0.42340198239564697
2015-06-01,-0.8964651543353152,0.3194660067601806,-0.9706453222148403,0.23044308012996212,-0.1311604215844887,0.1877269534814651,0.39803262519504923,-0.42889034423417227,-0.5125993478842351,-0.38307961416993075,-0.5553412332001205,-0.4463702760626306,0.763795121933583,-0.20386215883008302,0.004526601789460558,-0.21603709848537817,0.40456403486865883
2015-07-01,0.1588657787065603,-0.8638727539439914,-0.7810616610520182,0.43972865787818743,-1.2149510922910849,0.5556316190404863,0.122696233152777,0.4179309977299458,-0.4437714879447165,0.4895485627631911,0.09923306826214515,0.12504135224518045,0.023474573631303824,-0.29449023579279804,0.004526601789460558,0.16059917341000873,0.38927906221950925
2015-08-01,0.49768099870228616,0.2527561022514161,-0.1600529635528843,1.2706125024663846,-1.9593616012566766,0.32719558547204003,-0.3453803976940823,-0.7851239662116353,0.27919582371279833,-0.7212051845045405,-1.853468535119105,-1.03373386407124,0.4740576425543719,0.4818902901878002,0.004526601789460558,0.5998760042101041,1.176692743899109
2015-09-01,0.40300041838766254,0.20555262933206536,-0.02329016804425085,-0.4594972193582536,-0.45538196012144777,-0.7610292545324269,0.16770998192783126,0.47884340223797567,0.23965413894689455,-0.5659800202294273,-0.9144259837327012,-0.16097197376862288,-0.44613710298331677,1.1525380597119057,1.0320652079970072,0.18954069746091692,0.6417762988148821
2015-10-01,-0.4276897488533002,0.13286275651445553,-0.5218843970328024,0.6491379273197179,0.5761898917285198,-0.4019179628848301,0.3666037964666281,0.09047107134035189,0.17605126027056686,0.9085015352249884,1.0899536199605693,1.2519912334544507,0.6672159621405084,0.19097091481936226,0.004526601789460558,-0.5506486916219124,-0.3206513996531464
2015-11-01,0.05370877532200866,0.25975158323367376,-0.29483524791609167,1.9232454537503267,-0.4587270766420262,0.2241823316871677,-0.2440760937029189,-0.06646045943777745,-0.25190740123684907,-0.7281577114622605,0.4974488216406005,0.776573737777449,-0.4533177096593902,0.5089812637314447,0.004526601789460558,-0.07925866290231635,-0.26865513376894784
2015-12-01,-1.3725029629470609,0.3114780972628088,-0.35330216456175756,0.9744308260744918,-0.5483542236431825,0.53990833711392,0.46265030659383877,1.0055255213378453,-0.696970888535759,2.412945748024434,0.8554249329005612,0.7050598114064539,0.16134222181175625,-0.11524803913320143,1.0320652079970072,1.0546147451195884,0.6781492059385277
2016-01-01,-0.07353649831486234,-0.6820138613572594,-0.7483720431684759,1.143047525405406,-0.6738467136160019,0.31257602941005136,-0.5685502016759013,-2.0068971271790144,-1.192240070984379,-1.4565230277713381,-1.4048351469743798,-0.5119014489806534,0.6359803230996359,0.967253991254791,1.0320652079970072,0.828632981982354,1.1127809670708024
2016-02-01,-0.7543230623463226,0.0529342955710512,-0.5280881877624546,1.412678297501375,1.655710907559745,-0.3044954406960831,0.32795794166457415,-0.13623149645189045,-0.13212481735641976,-0.5796832878145523,-0.05511942428229248,0.09261086744905431,-0.2580052080704266,0.776935029633088,1.0320652079970072,2.4331035002567085,0.6349869774733158
2016-03-01,-0.0823107537898397,-0.7043294656222532,-0.2812252904773027,-2.0797444607064057,1.4149178096778348,1.012656849637572,0.3115865099544951,0.7454032211731098,0.3995221254726986,-1.4518682505596774,-0.38322384923620445,-1.377506800079933,-0.1546044719350937,0.4949810124157534,0.004526601789460558,0.9931635639156046,-2.1258117093107756
2016-04-01,0.03807784641765114,-0.33192625308245843,-0.5631973185548086,-2.300315231766394,1.5726349776485398,-0.811322419589897,-0.6151568468402722,0.04966545289198946,-0.27117967816851746,-0.018890188558000422,0.3706437663818716,-0.5582618834102141,-0.10649440720546395,0.05090343529844207,0.004526601789460558,-1.4672624396452154,-0.6425357883475166
2016-05-01,-1.356673445504192,0.2075978055964659,-0.29094245664811796,0.6849953694806561,-0.22207226314283704,-0.19409392547013038,-0.23346550627514026,-0.017216213036105352,-0.6681045396772216,-0.8542361937969437,0.45090469391489696,0.5448613093100545,0.2439191985865055,0.9833656493814987,0.004526601789460558,-0.09472057301170866,-0.080789644451676
2016-06-01,-0.08665475763970433,0.11880520213018826,-0.01669801622847355,-0.39031450993535977,0.23478462423023638,-0.4121653186725279,0.2247580932973297,0.09906748392300842,-0.9232994481234709,-0.23920448303792416,-0.4656509904802715,-0.9481954478552022,0.7684625162730141,-0.5552977017188369,0.004526601789460558,-0.28383162742654666,0.0740400007767475
2016-07-01,0.07330418198847825,-0.9382475448471951,-0.7752674752632555,-0.40713951850561986,1.129080120694737,-0.5920829707006457,0.3255297531007872,-0.6048696177624637,0.676297130432311,1.204658536649256,1.4398618761866029,1.0659483675795105,0.7659493039363974,0.6389789569231753,0.004526601789460558,-0.317530662280347,-0.9845145522956649
2016-08-01,-0.7319432834512654,-0.08920597653295864,-0.5192801394753376,0.7318293783558701,-0.13361709443567155,0.26835086912471223,-0.0390113958805791,0.4256289769276359,0.14867041739486014,-0.11203818507309128,-0.20821781121229832,0.5153165829878618,0.5541214069924979,0.1274338114002917,0.004526601789460558,-0.380171221185052,-0.5585080371519366
2016-09-01,-0.24744192545780333,-0.26046932977156423,-0.8128813633727874,1.0445536657494745,0.07498336380196056,-0.2037394359698548,-0.13755556899180058,0.06469880773417311,-0.38418202242216515,-0.740633730557011,-0.3996904146171303,-0.39518642822854516,1.3676841433906193,-0.010522261309620994,0.004526601789460558,0.2478202047963083,-0.3004670280931413
2016-10-01,-0.5299928809034373,-0.17646786104342732,-1.455858658554982,0.061260074756045,-0.17135626011260643,0.4394106000986596,-0.318213760236301,-0.3916953656500164,-0.004316831576704837,-0.047201602512660534,-0.47765950751623737,-0.7524722205718671,0.9124336801281201,0.08413373018476986,0.004526601789460558,0.02540657476124311,-0.5840273897449219
2016-11-01,-0.02995355802639496,0.05387711403673206,-0.9681361282260494,0.3442614306326964,0.13892515094813573,0.05630337535266953,0.18535238336064203,0.10675177667920369,-0.6578066627293956,-0.3676813376425452,0.004986042935887722,-0.05705074175067675,-0.008120095743370966,-0.3277205306791258,0.004526601789460558,0.12174616851974841,0.8138276372024045
2016-12-01,-0.003201513423745267,0.10543069087869472,-0.40650431684208604,-0.17741586166025888,0.06026958081767385,0.19348872951330895,0.34907539175789704,1.0704701879376588,-0.07124889633294007,1.5734087081674948,0.6880512073127582,0.47833104145849914,0.5882292887038022,-0.34987406060334736,0.004526601789460558,0.3560535755620368,-0.11895887784756146
2017-01-01,-1.0938820531789812,-0.7258032351996124,-0.7851107743325165,-1.2065234488510699,0.2732421545329055,-0.1061078129465934,-0.20423156834189107,-2.2083613168172582,0.2667103619860051,-1.757412787486225,-0.6384730732311675,-0.9722277086204646,2.214636700832453,0.754781499708871,0.004526601789460558,-0.4808718665128727,-0.2737057264742595
2017-02-01,-0.38114507515667956,-0.37954878036688067,-0.505625158270927,-1.7752680785069903,-0.24124221050474218,0.15922578230256618,-0.19621240068092274,-0.8449987153670196,-0.43523052714710636,0.2103174365889984,-0.4833396244590733,-0.8064494170382837,-2.2840133817220774,0.39428314912384427,0.004526601789460558,-0.006706623158257488,-0.20502594534218593
2017-03-01,-0.7560289956711067,-0.45268824952608455,-0.11077348336125306,0.06989964300963145,-0.0728429084704944,3.1947868030558126,-0.5985417316421345,1.7018699252881044,-0.14930733338225,-1.0876621824131143,0.1506562443553387,-0.04174486243095101,-0.2712893304211536,-0.21091100926051795,0.004526601789460558,-0.010671215493996215,-0.4277344045772881
2017-04-01,-0.41192646646724235,-0.5074672119717891,-0.7181255492435348,-0.38100648470070353,-0.2272136690576511,-1.6526132093980572,0.20632265121376686,-0.19789689124740661,0.03741143457371767,-0.19948851428644607,-0.21753229021468537,-0.37225236814576523,-0.28385539210425026,0.05895926436179372,0.004526601789460558,0.18993715669449188,0.31726545791966004
2017-05-01,-0.4831847988052768,0.10537710348196265,-0.358843242033166,0.5491610843291592,0.2924707752937957,-2.1697792324307104,0.11185786937187883,0.41257709963840633,-0.020702841802829667,0.014446394673132707,0.5404018270114931,0.45553515864235977,-0.10757149820687753,0.2653898841102044,-1.023012004418086,-0.8586975161089827,-0.31705298734507087
2017-06-01,-0.42863375369189977,-0.10574697998041319,-0.16719131878480462,-0.12899101799291057,0.04045540163427087,-1.3437117335313822,0.4110425224981969,-0.7136567042501744,-0.7489866028671952,0.2927636673179265,0.0065725239715490906,-0.5557423683279118,1.217968494194675,-0.018578090372972644,0.004526601789460558,-0.28383162742655016,0.08991534919472917
2017-07-01,0.26910850119288765,-0.8484936798756049,-0.7356129528471539,-0.4362377336064282,0.4156515505017037,-0.22919008964041382,-0.3000317104550173,0.6542628337382663,0.0003339819975631103,0.4173533894465242,0.4003661039390747,0.5083099873070652,0.16780476782021217,-0.233064539184735,-1.023012004418086,-0.6414378561103793,-0.06174642605459815
2017-08-01,-0.6389808578705793,0.011596386807188554,-0.3548982011194762,-0.18395030563126635,0.5806015293570729,1.2422865991239689,0.1703646316305378,-0.220926354607153,-0.891572621121175,-0.9104637384011023,-0.18136459764633545,0.012632079863055713,-0.46049831633545096,-0.31765074434994073,0.004526601789460558,-0.43052154384896235,0.5151622955139253
2017-09-01,-0.018743275379915995,-0.02913579950657309,0.07469480376158084,0.08869079810618685,0.2725981900097081,-0.8960684125310028,0.10580496858804121,-0.37182154918790483,1.1264074911105593,1.2429561148638653,0.8609174704553341,1.0935001648925085,-0.9078501122542718,-0.5623465521492673,-1.023012004418086,-0.46223828253488974,-0.42735822001727014
2017-10-01,-0.29722670797752493,-0.1454053766729872,0.42390449365208904,0.09174095095066183,1.141484016946595,-2.31357273145439,-0.4104310499559874,0.9192784619767185,-0.7340493545702561,1.5700999169245187e-05,0.26875699178559803,0.0837225535978677,-0.7452093710414157,-0.049794427993467005,0.004526601789460558,-0.4352790546518527,-0.17675090585261033
2017-11-01,0.5587594218057033,0.2211680804205289,0.4542126202750995,-0.25152901224532864,-0.16376401750481745,-1.462538542667279,-0.21535960598944195,-0.6181154711886186,-0.6078799258249752,0.04592855137170558,0.12109570525081446,0.2982566361122473,-0.957037267985328,-0.4112997572114104,-1.023012004418086,-0.5791937564392474,-0.03028371739855352
2017-12-01,-0.03681446742460845,0.25900856508420295,-1.100506212328303,0.10935666492311799,0.09736006040063483,-0.35816392190901497,0.31088424277001797,1.0181436331835911,0.10997451937533045,1.0138278960528324,0.8108589876177219,1.2432018780290064,-0.9703213903360421,-0.739574791543026,0.004526601789460558,-0.3817570581193482,-0.11390828514224975
2018-01-01,-0.6221446257357063,-0.44709161896040517,-0.6984916045199213,-0.7117398701071084,0.6180505647832786,-0.4498195425824687,0.12810954009002068,-2.1252453588933258,0.12394185402681213,-0.39198317047423886,0.5273331573317236,0.9228668491578671,0.45107970119096735,-0.3539019751350232,-1.023012004418086,-0.6327157529717502,-0.5143162509435155
2018-02-01,-0.3717613252708049,0.24181522055975774,-0.18462269331410744,0.7266810117361293,-0.21044294627572552,-0.06760534111259725,-0.21151112371483635,-0.27865391158351177,-1.6919816570271666,-0.16612686402795604,-0.5795607535200531,-0.8279461640478863,-0.5764651141538997,-0.712386368454212,0.004526601789460558,-0.33457840932403193,0.3692383247642398
2018-03-01,-1.8244191267933305,2.5353171967574157,3.868727775335708,0.061546436074289196,-0.23441242241114016,0.668414799756067,0.2889188509484354,0.8221987811380006,-0.17783258858829953,-0.04798760732946869,-0.35510289180470317,-0.5950661055763397,-1.9569367476273274,-0.5361651076933744,-1.023012004418086,-0.8004180087735914,0.5690560435185573
2018-04-01,1.8123469978215612,-2.574660555188333,-4.661382323262078,-0.49194642293679847,0.46559299723338826,-1.2746152195520795,0.4938711835636959,1.0017925523240767,-1.3935187289861455,-1.4453359249953113,-0.5867044440790549,-0.9597712832505539,-2.6276054111717757,-0.47473941108531137,0.004526601789460558,-0.2188123131203974,-0.06986049302378748
2018-05-01,-0.027563454315565113,0.35462580326428966,-0.020603913694604833,0.9396700497526326,-0.43825490358469144,-0.7893461078050131,0.0819300933278424,0.1746163385129865,-0.34469074385473125,0.829543152705821,-0.5495205599493604,-0.35129591781802305,-0.8784096248824115,-0.2924762785269601,0.004526601789460558,0.0285782486298355,0.475801511023629
2018-06-01,-0.3640447232221364,0.06596071520682982,-0.04628953871547263,-0.07584771900213404,-0.705334119580456,0.19306284965610757,-0.8398284507588475,-1.6256147634915181,-0.8854620816700122,-0.8880019871345218,-0.5588392435171338,-0.7947609077371011,0.22130028755689063,0.6631464441132348,0.004526601789460558,0.11104176921324822,0.21492741824489278
2018-07-01,-0.21657106869070722,-0.47659309332125505,-0.6683569217886725,0.10784797914244482,0.370596360286298,0.3444671866233659,-0.42471973332586943,0.5955399256446043,0.8045075754025041,0.21157647080483555,0.6747726627312426,0.6153175975373013,0.009113360279182397,0.05895926436179819,0.004526601789460558,-0.16291156118645034,-0.4742390958556744
2018-08-01,-0.49126190467673964,0.34079826310010797,-0.32466074347043566,0.23608059406415866,-0.7346814016437727,-0.43627209248573307,0.20744351032672068,0.15036121532805705,-0.5892610879770148,0.6321636391851816,-0.22962396014291142,-0.44680426557113667,0.704555116856047,0.06298717889346954,0.004526601789460558,0.03333575943272584,-0.06551187150702596
2018-09-01,0.19624861113156133,-0.121899557337759,0.024885123158448718,0.4930460834238559,0.014022396404648384,-0.24974382091230546,0.2253511791275106,-0.25148233081818183,-1.7433304943194725,-0.45102432680871374,-0.4672617560677308,-0.39418954332120093,0.40368769712893604,0.30164111489529133,0.004526601789460558,-0.011860593194721002,-0.3587975939946373
2018-10-01,-0.47121618314046865,0.3812835455596592,-0.1063011915868317,0.4749466729458336,-0.5015047280524031,-0.5922808559719798,0.0016395338778632813,0.9001410515762457,0.08745532333315206,0.13553930382076815,-0.8198878248572563,-0.6756447131878313,-0.3786394002283129,0.5745323244163532,0.004526601789460558,0.0959763183374326,0.10621404023718853
2018-11-01,0.022567720287415573,0.22386342602210174,-0.1495162197302173,0.8625744701897055,0.11725631646876357,-0.4653264284649799,0.08244901647539202,-0.9816501921031496,0.30073631507192905,0.30668090006151644,0.603908403487748,0.48815921219986336,0.3275732663626555,0.2029572088692246,0.004526601789460558,-0.06300383432577947,0.5412288256487553
2018-12-01,0.5249048934897428,-0.003952379354084795,-0.41092678967173973,-0.2456543837937414,0.047237691220680014,-0.2805707976182699,0.10860717104799471,1.2695090660699373,0.1925127443389502,1.2218980954275653,0.07164876186671922,0.06556359066781166,0.4018925454599177,0.11736402507109767,0.004526601789460558,0.011530501586150519,0.25039676245404413
2019-01-01,-1.3240395153987845,-0.18671838110617373,-0.6435633660826977,-0.45198707042988606,0.479299868655346,-0.6432312054219231,-0.665848635889647,-2.394604132259298,1.1116371653385815,-1.360201500189256,-0.049392197880135755,-0.10260890974792743,0.21483774154843469,0.7084604825945945,0.004526601789460558,-0.005517245457536221,-0.42292320204653183
2019-02-01,-0.9447254787688393,0.04001144312735429,-0.4614028941915825,-0.503100414856777,0.20056411249104047,-0.4518614616008433,-0.06804541187649786,-0.2716674562600202,0.253449336570946,-0.6674118094494386,-0.45320946040490734,-0.649681665865548,0.2593575029400341,0.5151205850741325,0.004526601789460558,0.0016190207467984183,-0.4938438912035939
2019-03-01,0.07070140734570164,0.17070966613442343,-0.01727586978104581,-0.3835636323208201,0.2316656972240219,1.4136116290533172,0.4663119598391682,1.1396781032820869,-0.36299190744135895,0.87582464699965,0.6353817764045206,0.6485098146227802,0.6054627447263556,-0.47071149655363553,0.004526601789460558,0.01509863468831784,-0.14735811223972736
2019-04-01,-0.26275296101955203,-0.05144828503027862,-0.5154933904371031,-0.035895800169195524,-0.18843235823531534,-0.22360478867778733,0.00812874898448676,0.45478354030288015,0.7796080219242718,-0.33602327306387025,-0.5535945569174278,-0.5540519523213637,0.18324307217375352,0.6560975936827999,0.004526601789460558,-0.0031384900560901675,-0.5095932447928602
2019-05-01,-0.23063598621721781,0.12388266273586013,-0.0726375446619969,0.6054869406701955,-0.6768103001482707,-0.38692694749727696,-0.07837498598380253,0.6745854628070226,0.546489662175641,-1.4968177150233277,-0.43132288764594795,-0.05285801603409343,0.01342172428481755,0.10930819600775048,0.004526601789460558,-0.003931408523240026,0.5092513381211071
2019-06-01,-0.2733915582353429,0.14087177903273648,0.10162553197115957,-0.16288444038346545,0.37700865090716695,-1.1160255341867635,-0.11637881201782398,-1.3865196772863746,-0.15246712915607546,-0.1313032547124818,0.09747433626461174,-0.15534050736136515,0.5225267376178103,0.13750359772948126,0.004526601789460558,0.17011419501578767,-0.2511098138926666
2019-07-01,-0.15537790945093008,-0.26741088095040855,-0.739704741020067,-0.7921707943178302,-0.48572304467756827,-0.21347158030474325,-0.13031095946252594,0.5453819861163529,-0.1319265404534643,0.8397232577454345,0.5023866971880975,0.8920977069834394,-0.19158459631682995,-0.2169528810580317,0.004526601789460558,-0.15300008034709825,-0.49875012983372197
2019-08-01,-0.10895573416686016,0.19528626597964877,-0.21790680244175414,1.879142173479947,-0.6234213744208555,-0.6568028091880735,0.20237828021822887,0.23014346400264873,0.57258723522064,0.8939129803349287,-0.03361065154959803,0.2003505502529879,-0.1108027712110991,-0.5381790649592123,-1.023012004418086,-0.7433278791389213,0.4185350614469313
2019-09-01,-0.7773752863656993,0.15460838492398774,0.01636771136576977,-0.45110465457902527,0.2628870569104553,-0.8269859176238874,-0.33590709011757597,-0.3726137194582507,-0.4913097254052583,-1.1457886168191056,-0.3173935314060468,-0.39164825717032636,0.06619918335389759,-0.8181191249107136,0.004526601789460558,-0.2354636009305092,-0.40311681497267093
2019-10-01,0.6314991360024655,0.13453573280667636,-0.20748377890168537,0.034874803526761616,0.13054393210442727,-0.5018070185524668,0.12764806629338107,0.46247479955853554,-0.1973795175034187,-0.29248572235052483,0.12817895904270263,0.0885550770404601,-0.503222926058032,-0.32973448794496374,0.004526601789460558,0.006772990783261934,0.39486243305767055
2019-11-01,-0.4549910151750808,0.24918246161621233,-0.15103649053714166,0.23974263108550997,0.045518479918069774,-0.5074611124678997,0.05352999234151075,-0.616223096102118,-0.9411743146411949,0.44696788540099747,0.4227563375070039,0.8213450290052542,-0.06412882781667896,-0.11122012460153008,-1.023012004418086,-0.8131047042479627,-0.0065066932940731565
2019-12-01,-0.5248077459594008,-0.018125056568476006,-0.3980535033378795,-0.3721571076815067,0.2173768688113733,-0.17866798567060796,-0.4220754922106849,0.8477629793981778,0.588329489421843,0.7406385844705152,0.6540351996576909,0.22283604477206045,-0.26051842040704976,-0.6600234795424217,0.004526601789460558,-0.18749203366804312,-0.41586749163854103
2020-01-01,-0.9732850977572043,-0.243760293763833,-0.45646700341582913,-0.6196332215738416,-0.5043250365151344,-0.6791456050718102,0.13769159657985305,-1.4948828906200042,-0.22156041035934643,-0.29976333877427275,0.1581291086561876,0.10468310705016819,1.0801008460142354,-0.33074146657788495,0.004526601789460558,-0.00036327542107270614,-0.07874132852201016
2020-02-01,-0.3541734392766407,-0.02944906538255972,-0.14020868035088063,1.3401520338246553,-1.1223676390389787,-0.4038714344139946,-0.14004915064828422,-0.5867765159278228,-0.6999836410997705,0.3319325406599432,-0.7095092203648554,-0.09338080159107856,-0.35817467120153157,-0.11625501776612263,0.004526601789460558,-0.018600400165480712,0.3179307106152706
2020-03-01,1.4493180036152475,-1.8171338972009186,-1.5699038183555276,2.107704257478327,-3.0543504141147424,1.1610431015675284,-6.86375807532831,-2.6116803430386226,-0.040058515301455586,-0.014830140178782385,-2.3349793916677535,-2.7804461041204784,-0.45403577032698866,-0.35893686829961574,-4.1056278230407255,-1.601265660593258,4.84615461584233
2020-04-01,0.9515500881063782,-2.5581382087839653,-1.3417980497634516,-1.9891294919367917,0.21087013326479215,-0.5209412430151241,-9.841789358377762,-3.8299618065213057,2.6958215299393467,1.2710657000695529,0.7531708641007832,0.4656633994384389,-2.3572555698179385,-1.4343900482571843,-4.1056278230407255,-4.852231375900816,1.1103222679847515
2020-05-01,6.182613700883903,-1.7068246695336635,-1.0859054005963173,0.4850621275428313,0.6112512313336916,-0.2109295349591079,3.3801730901928275,1.8061755765901306,-0.36502715891644816,4.9374829864548735,2.710553501530093,3.2192270127998697,-1.965194445304808,-2.0556958647682477,0.004526601789460558,-1.4712270319809557,-2.1848168875237275
2020-06-01,0.1383019546459196,-1.966966822680655,-1.3368218034886186,1.0125457299066398,0.9591254253643492,-1.6777606408345835,6.020607194766895,1.6793777531219733,-1.293448864447652,0.9423302656975283,0.21942937729543255,0.7916177040651908,-1.0949049161657611,-2.460501275201713,0.004526601789460558,-0.2830387089594002,-1.5583777988615557
2020-07-01,1.4315671966108245,-2.0798803994315858,-1.340839871450826,0.9443085554344738,0.4074008681487737,0.592576712262405,2.7337482967261932,1.5167209144982556,1.2134354178648168,1.124249652805832,0.8143731555054271,0.9244548026341362,-0.42854461662696103,-1.8391954586906474,0.004526601789460558,0.02857824862983638,-0.42172445124762364
2020-08-01,0.7413472365071453,-1.4108222986997327,-0.8461589200784947,0.9511805366827196,0.6904980883815169,-1.1908352330775416,0.744630467317115,0.5036169633307592,-0.10019277842687407,0.212226764339972,0.3557694869800286,0.7589809396890401,0.32111072035419325,-1.0084380865324165,0.004526601789460558,-0.02692604407053651,-0.9073697186001263
2020-09-01,-0.5496323812313281,-1.1447015920321308,-0.26072783337569144,-0.20031766368309867,-0.5061250437495274,-0.42198857328100053,0.7198759893155258,0.16822299406093644,-1.4436004538769964,0.01697678965253887,-0.42307526642602405,-0.3199432330654857,0.4790840672276118,-0.4314393298697918,0.004526601789460558,-0.22119106852184178,0.5775261358751718
2020-10-01,-0.43533901995814756,-0.6279461889857436,-0.2546529780039125,0.8069726313636076,-0.41022533779261267,-0.7945827438422512,1.2287316396012953,0.8836104542428754,-0.20778661795134354,-0.4893204551937515,-0.20013360737300742,-0.03138851213344537,0.32577811469363716,-0.3982090349834617,0.004526601789460558,0.5523008961812127,-0.39715545964836707
2020-11-01,-0.62611886666066,-0.5950267046568852,-0.14058703261406022,0.22714946785713205,1.5347244812478098,0.7719044610341504,0.2408993327790812,0.37934509543251277,-0.6530042126018888,-0.2970291642145996,0.8403748037382043,0.8659453823083009,-0.32334872882261606,-0.41230673584432936,0.004526601789460558,-0.2362565193976574,-0.12243633512007163
2020-12-01,-0.9956986859335308,-0.8705652102210264,-0.3111655863361598,-0.1201737313239754,0.5817227791610815,-0.6949638036134057,0.7119888157728858,1.8445690526068563,1.256698106515763,0.7264121229643914,0.9967940765363894,1.5632639788791867,-0.8547136228513958,-0.45359285979401104,0.004526601789460558,0.15980625494286108,-0.1420915283994758
2021-01-01,-0.8886537464877051,-1.8208375170375923,-0.2686835265967504,0.4227583828709145,0.11060005557691688,1.4611262089797439,-0.2911418143530364,-2.9820670139766685,0.60705606167335,1.1364603602378915,-0.14812216358660074,0.3106444508893061,-0.12229174189280773,-0.5250883427312648,0.004526601789460558,-0.02335791096836963,-0.4477117846329764
2021-02-01,-1.5774392466161964,-1.9224556315616945,-0.0807565001466894,0.39517363302207675,0.7686329992086032,-1.2377476638011837,-0.8164028937818305,-0.45739263730470464,-0.4850081039892542,-0.4113960397894199,-0.39440681366614166,-0.5771277435501379,-0.4059257055973525,-0.33678333837539864,0.004526601789460558,-0.18233806363158084,0.24718425430705923
2021-03-01,0.34092602172199277,-1.3311835851105684,-0.21836021531692892,1.2206742512106652,-0.7415892877909875,1.7598859599850867,-0.11379572371236872,1.240965557657565,1.599874597676088,-0.443055847129279,-0.7510232676303765,-0.5811284913849302,-2.5615438297519812,-0.16861790667791507,0.004526601789460558,0.30649617136527535,1.0315805398315672
2021-04-01,0.0483483888674924,-0.5087121152457115,-0.19358201494148572,-0.1869694814394623,-1.1987291604424708,-1.1735189994086603,-0.27797863773561016,-0.18188753740477,-1.6279258149599947,-1.8084991615037582,-1.643510280555829,-1.3806008108432177,-0.08100325350542993,0.04788249939968408,0.004526601789460558,3.3183812501782865e-05,-0.023177609059077005
2021-05-01,0.6230215781990865,-0.876534581435055,-0.5638186389927349,1.4182030150648566,0.868287458461499,-0.01679323307198476,0.8114459342412728,0.9407762018975452,-2.2565557295061383,-0.8259028460180905,-0.540471485807134,-0.9173982799434602,-0.8633303508626788,-0.24011338961516882,0.004526601789460558,0.00796236848398364,-0.03624507272285684
2021-06-01,0.026691156233391713,-0.5518855345258057,-0.3315201874960592,2.559401185933694,-1.4740699062601879,0.7693980875893282,0.009096765270236968,-0.4207801013758448,-0.8739156915181082,-0.2902607088635641,-1.6218684400090386,-2.69388918550434,-0.31078266713950026,-0.38310435548967625,0.004526601789460558,0.003997776148242711,0.21562218972894345
2021-07-01,0.1912738440147057,-1.057662495249589,-0.8765324593536032,0.531376834536822,-0.8930062115493819,2.2791811899007426,0.04129200105563151,-0.011174154792680807,-0.7551040974694444,1.4330117637412958,-0.5700822531736064,-0.4433772082985285,0.11933567275677365,-0.2743506631344167,0.004526601789460558,0.003997776148242711,0.032310513506627524
2021-08-01,-1.1284290190469273,-0.26502297583392764,-0.9856120573025627,2.6186509330017675,-0.07866130474607026,2.209391552809258,0.19183223317823972,-0.22587215736052874,1.51563971340076,-0.46117219647814983,-1.9427261575372623,-1.8159717621317797,0.14051846245116614,-0.18170862890586262,1.0320652079970072,0.9471742928210087,0.49307360211421264
2021-09-01,-0.6668064174015761,-0.8019830515270526,-0.4423692225296386,0.3590737832402934,0.3807403021872708,0.3992483631639717,0.09312633063559911,0.15893814884272736,0.5280640017480084,-0.9634203642687068,-1.3573545931309188,-1.313519310315581,-0.5750289928186774,0.22511073879344054,2.059603814204553,1.1402499395715917,-0.34499360056071654
2021-10-01,-0.4297556863635468,0.5236846410491095,-0.43616392851123215,-1.6639632036272027,1.5513929724383047,0.9678529485510058,-0.21994722032600073,0.008867190213265616,-1.024504842080537,-0.8880685944978856,-0.5292638987087551,-0.896645659980127,0.36275823907536703,0.4496669739343925,2.059603814204553,2.0540884729598754,-0.0918015924812921
2021-11-01,-0.5682112992137887,1.156967406275548,-0.19731631893410467,0.06493613720985243,-0.2655204541899507,0.26803309008918286,-0.1890342454932417,-0.5769764903381961,1.5543402675584828,-0.6150403543374265,-0.6072847720407947,-0.4830279971304991,0.7454845749096161,1.0397564528249659,2.059603814204553,1.6948964073417467,0.29552091039494993
2021-12-01,-0.5493569656728806,0.6789524191200939,-0.26930367336407063,0.29532376798415516,0.3636246849188474,1.5847076175026433,0.09418604262215674,1.6155619516149489,-0.13452238823303286,0.23802193906840918,0.15283277271410048,0.11335423945943532,1.0438387823001039,1.2159777135858023,2.059603814204553,2.1202971649667486,-0.1942533874871274
2022-01-01,-1.1340532453993732,0.1699059502362774,-0.6125216197190378,-2.7141166465180264,1.0007771813326913,-0.730698744551357,0.07031363440726533,-2.5418309414231723,-0.926107070246067,-0.8646008272603309,-1.2122674826012847,-1.5541628806095,0.6302358377587784,0.943086504064736,2.059603814204553,2.91480146904923,0.09328121104752021
2022-02-01,-0.12556777093728966,1.0003302003722903,-0.07378026498885484,-1.8730468181572961,0.3764965249172566,0.12280925795537057,-0.15643084930982018,-0.7488411081099267,-0.3989298327199051,-1.0448265679823316,-0.9276111255960148,-1.0811996944630289,0.7210705122109956,1.931939521591261,2.059603814204553,1.4510739786936813,0.8021119180581147
2022-03-01,-0.3263728501715928,2.007080478602053,0.03717936189062368,-1.0168403701227036,0.548882138448847,3.7425252025822124,-0.3577243783031581,1.3563618875651198,-1.017237968316413,-0.6812620312482679,-0.5579117743421315,-1.0266426522714407,0.9246407114774271,1.6499855043739218,2.059603814204553,2.093734396317284,0.11361497647585685
2022-04-01,-0.9976275323062508,0.8137780935807136,-0.03337879556045437,0.00152677955818115,-1.1916334631315741,2.1382323192952675,-0.15310351076447504,0.33707747396914006,0.052059708311273496,-1.1733508309035643,-1.364318245490942,-1.1754236306150014,1.3195740786609895,1.129377551154763,2.059603814204553,2.287999420768589,-0.39330361774196354
2022-05-01,-0.5347221541095156,1.0646910732029153,0.05288605557965713,0.3268535887923358,-1.3022671658717901,0.3483159214313499,0.12851624734885483,0.4630154337597553,-0.19787176906109735,-0.4460767511867827,-1.1686475783930375,-1.7989153827138236,1.112054545722719,2.854331949345126,2.059603814204553,1.7416785969034898,1.0347289706085203
2022-06-01,-0.4617159093682996,0.7342269914585168,-0.13146730578184146,-0.21756405635760817,-1.5940519241364417,2.8438950723042296,0.46387415396966275,-0.6249508673405193,-1.654961407368094,-0.3509284240493495,-0.833092342278318,-0.5756181989731802,1.4473888774949366,2.3729961628098106,2.059603814204553,1.5311587438756478,-0.15373345057266216
2022-07-01,0.14972085859225254,-0.3466333587750623,-0.631730828255783,2.917028660905927,0.5499745116074612,2.07335904236344,-0.39140936845845214,0.3861824077572272,0.11619665233623933,0.22653139435944022,0.21540521198914186,0.41596661340726154,0.7286101492208651,2.141391077238424,2.059603814204553,2.4382574702931703,0.8363483128719936
2022-08-01,-1.3713003156123584,0.22570235180522477,-0.6839963807398881,-0.5453434596514463,-0.36142072608073184,1.2246816116841983,-0.1606283669610405,-0.10731371789437258,-0.33017076816599444,-0.28058647733216513,-1.4948806087575626,-1.730893861574662,1.1260567287410443,1.894681312173255,2.059603814204553,1.552171083255075,-0.9351677776667124
2022-09-01,-1.0480479730408587,-0.2651059966066608,-0.3558978533209635,0.4283373046568522,0.3326677878248074,0.7783514775251488,0.2821354753340184,-0.2770750613440524,-0.1476528968671098,0.28712151839287336,-0.6851861977221194,-0.43989123021458143,1.6865030798078948,1.4596665427522166,1.0320652079970072,1.5513781647879252,0.5765325766544548
2022-10-01,-0.8258424361605331,0.4380137399881855,-0.4616493695376333,1.4717192507069952,0.9761690490058327,0.2353092114869073,-0.11722417403246242,0.19026318228068106,-0.4552880183862947,-0.6052807438807972,-0.34776431353262016,-0.40695304324799497,0.9063301644534666,1.4818200726764381,1.0320652079970072,1.2020975800091502,0.5987220659171378
2022-11-01,-0.6918110597161946,0.4971327938107181,-0.49614032476829856,-1.8852617334243402,0.7349738168649368,0.7630944993361888,-0.2625672783481179,-0.15958103582282274,-0.46617097209117037,-1.143351684151456,-0.6075034642295966,-1.0921674193208781,1.3181379573257737,1.7798857480204806,1.0320652079970072,0.8964275109235261,-1.46779831657284
2022-12-01,-1.3543149439616016,-0.0008822336546384242,-0.7947105057752846,-0.9209603551381071,-0.7238398029593746,1.6190154806355388,-0.008961715810229321,1.4006865043411287,-1.0651750732571506,-0.12101817195970398,0.12899537752597937,-0.7150970195968496,1.3360894740159381,0.505050798744943,1.0320652079970072,1.0086254740249898,-0.3032641132905955
2023-01-01,-1.6375959937291884,0.03110590310320088,-0.715153955350058,0.051265549954119305,0.5710303273471881,-0.1415631413690058,-0.7447138763098007,-3.249883855834221,0.4535352163308788,0.4243499977020023,0.1675466122844053,0.4962130763398052,0.8381144010308516,2.0316304062502466,1.0320652079970072,0.749341135267539,0.44091174302656105
2023-02-01,-1.3759206213956945,0.22165860366974605,-0.6000343817400129,0.13563281515201767,-0.5549315146363634,0.07016557214918767,0.02415828262351371,-0.27314345252785044,0.03928970036800455,-0.7733019332835441,-1.0436772274116526,-1.3597406509299377,1.1084642423846822,1.5885598077658565,0.004526601789460558,0.4793523972035775,-0.5647689001833527
2023-03-01,0.36273997637312205,0.2727778248879649,-0.5668097317717832,-1.1805852635955192,0.12411943094077664,3.0375428434308085,0.04003916103138124,0.6720624345055507,-0.8533005503759852,-1.7835440275170182,-0.4815388471475772,-0.8208449901743818,0.6410067477728759,1.2461870725733755,0.004526601789460558,-0.08718784757379733,0.44017089343372234
2023-04-01,-0.48053165500281747,-0.1135367780059447,-0.6521610796778554,-0.28544652395460746,-0.109664045752921,0.8828553062924674,-0.15294038661848902,-0.24859285038046663,0.6755735511472446,-1.087071500882557,-0.6769123003585847,-1.1262992361665778,1.1619597621213669,1.5190782820944417,0.004526601789460558,0.03452513713344711,-0.0744020666210954
2023-05-01,-1.1967046330050919,0.11322616241902199,-0.5047985280662838,-1.5102263067121526,-0.4490659563929993,0.14272088568021019,-0.5640911730776962,1.1621251136840443,0.5523569983825646,-0.5904254940068256,-0.3662723042357298,-0.42410539358764293,0.5832028640305559,1.3801152307516122,0.004526601789460558,0.004394235381819401,-0.1731920919192729
2023-06-01,-0.9451055571618021,-0.11343912384889301,-0.4698735747787236,-0.7595137008538593,0.6125500708061232,-1.3236328983589125,0.6764675629886244,-0.6012801690352798,-1.9214249210959755,-0.5577576025360701,-0.12228899782521957,-0.6265510850410341,0.9928564749000421,0.498001948314508,0.004526601789460558,-0.11335415698968984,-0.6242485389227217
2023-07-01,-0.6865398289650319,-0.41975202141413404,-0.8860961017627466,-1.0097648888024302,0.5941243266252482,0.3701879604559783,-0.6252447578359304,0.14588839348853572,-0.09718772900435517,-0.027017002530832775,0.5581611022674536,0.45693739879577333,0.49524043224876435,1.1213217220914113,0.004526601789460558,0.1296753531912294,-0.4668701983020226
2023-08-01,-0.6528480495594496,-0.13919578698570853,-0.5755896623226187,1.8681159606394782,-0.2719227078107801,0.323798483846928,0.21803911207880847,0.3907050360783045,-0.9993292419368418,-0.18959229396538044,-0.4248590259386318,-0.14917403714369315,0.5167822522769528,0.4426181235039587,0.004526601789460558,-0.007499541625407346,-0.07691260357953013
2023-09-01,-0.6626638278115028,-0.570898281644899,-0.17493700988448718,0.6325893680217765,-0.40503957772402766,-0.7957454159867026,0.07481984325186686,-0.12150541031007316,-0.5902532850661621,-0.3739634565747096,-0.43041428322309333,-0.24060693985833442,0.8413456740350795,0.6419998928219345,-1.023012004418086,-0.5621460093955589,0.10824939669875948
2023-10-01,-0.7845067371440733,-0.4248722269946379,-0.4205989810428738,2.175861048928428,-0.47629608391050515,-1.8539963629080802,-0.19629031418182438,0.2541471831783478,-0.31193480914510674,-0.4291972575530692,-0.572988036405218,-0.5104921446887306,-0.018172945089863616,-0.5623465521492718,-1.023012004418086,-1.2686363636245968,0.4048124246738383
2023-11-01,-0.46188600621493536,-0.7043332911313915,-0.42712167719748845,-1.5873687335246902,0.0030977251030741126,-1.3557742088286089,0.23591604583944634,-0.6246418677034836,0.04894002176670768,0.03211061999272293,0.2796014423329108,-0.13029859699791294,-0.0034527014039334165,-1.530053018384494,-1.023012004418086,-0.759186248481885,-0.23719242511290428
2023-12-01,-0.20050606465260354,-1.2535024280775968,-0.8776072546665455,-0.5614038501540904,2.093391695853128,0.41588110936066197,-0.3944592390545809,1.1331275307576452,-0.6429292738338372,1.0961875128824488,1.2922752129676773,1.3290483255547911,0.08199651804124136,-1.9237816638558487,-1.023012004418086,-0.9114265941743374,-0.45213240319471787
2024-01-01,-1.8678924069864045,-0.8798198660315207,-0.7862280536347172,0.10168424619837567,0.40645951193729507,-0.7869886715550571,0.05518672949041767,-2.400964308350383,0.921584558374162,-0.8754030859416239,-0.12536040039806184,0.25656760044820104,-0.07489973783077641,-0.9218379241013773,-1.023012004418086,-1.0149024541371738,0.3140025518411883
2024-02-01,-1.6132617663938784,-0.8461755009373737,-0.5818689622685632,1.6567245560382575,0.5375078589323051,0.8867592380755813,-0.11495033671283085,-0.26651492278815786,0.04568836003272799,-0.6396819025824949,-0.33109554995278084,-0.5913536069005358,-0.15711768427171685,-1.0879893985330253,-1.023012004418086,-0.9518654359988956,-0.3956003234768105
2024-03-01,0.4468678376197818,-0.9406353296141059,-0.5901874545205661,-2.278473668946059,-0.004246050470379019,2.284880368792841,0.19423486791541655,0.5412696542980083,-0.32505436435528456,-0.013224423629684727,-0.5280696320428004,0.401358483777201,0.2309941065695809,-0.888607629215045,0.004526601789460558,-0.4840435403814651,-0.29216936865925397
2024-04-01,-0.13738673443870547,-0.18257604160243174,-0.6435022216371918,0.05338101302952151,0.29850873133920325,-1.0080576157397843,0.24990078677397368,1.4823704353545364,0.07779704563822465,-0.744986266735547,-0.704901270674659,-0.7053798387953543,0.03101421064117969,-0.8241609967082273,-1.023012004418086,-0.6331122122053215,0.041583732899988
2024-05-01,0.1412408863515608,-1.2984070410070154,-0.5512778872863588,0.32949410611781416,0.38150710801963483,-1.129866052784639,0.20095791954473768,-0.14384324353744496,-0.5648397743672366,1.0489813445739071,0.9452127839726745,0.27924301438843,0.19688622485827653,-1.0638219113429659,-1.023012004418086,-0.854732923773244,0.07781984563817217
2024-06-01,-0.18083778171731968,-1.514730304864412,-0.26604939377571835,1.0163428794143876,-0.2037679664995368,-0.4674943415675703,-0.7860569483631225,-1.3530012814014145,-1.5553808552870134,0.7398818047225006,-0.09205289278018448,-0.019219351914219994,-0.24005369138026844,-0.9490263471901959,0.004526601789460558,-0.4662028748706303,0.19336214336218077
2024-07-01,-1.217950068929923,-2.0131723959562,-1.049534097188089,-0.4048333207559528,-0.22011257999542802,-0.11100538331596532,0.43835323980935914,0.8586450748680665,1.2022666785445075,0.5676157077093821,-0.41779919067523064,-0.5743697034669427,-1.9282143209230718,-1.5793949713975253,0.004526601789460558,-0.10820018695322456,-0.08504610975086586
2024-08-01,-0.3117120729225429,-1.2113593066031842,-0.598759363625869,-0.4619021146379231,-0.54961129979688,0.03797828998276396,0.26050493181720835,0.25858970467233294,2.8661444658993234,0.5566544673725444,-0.20949898491431473,0.37117135196353174,-0.43177588963118896,-1.3608806080540916,-1.023012004418086,-0.7310376428981267,0.41256290656588196
2024-09-01,-0.99658372908338,-1.0821183421316642,-0.4382096453424439,0.5013095346334726,0.5932634208960588,-1.5885514650235184,-0.24988921527007488,-0.2673997778772058,-0.4554103210090574,0.28492520808690847,-0.24302042990352027,-0.44456152840041374,-0.6238571182159183,-0.3448391674387503,-1.023012004418086,-0.703681955781511,-0.2438989498527451
2024-10-01,-1.209001817151593,0.3705881683796106,-0.3794474606937474,-0.29832387766310353,0.15862236383122794,-1.1373476864594565,-0.06155070690327889,0.8819826861149539,1.0782420515173254,-0.31087586650762294,0.04865039034891444,0.6044043899023737,0.22058222688928583,-0.39317414181886917,0.004526601789460558,-0.4590666086662956,-0.34879504453563437
2024-11-01,-0.08818882073330028,-0.5355155633766032,-0.5019708496197237,0.46840957718644677,-0.48652246543100547,-0.5534315536792945,0.4868204514689315,-0.9570575037896895,-0.30331362884284496,-0.43214698845439203,-0.2738164768644818,-0.46119259924277534,0.25540816926820137,-0.3226856375145333,-1.023012004418086,-0.5795902156728241,0.05225729481819855
2024-12-01,-0.6889372948880891,-0.5335690638228542,-0.8190733211054756,-0.8636440196397203,-0.29533109196269125,-0.5175604863387202,-0.36852267726991417,1.8835667806415919,-2.2219973118581953,0.4985117889383087,0.3059172607620251,0.28323236841471766,0.47298055155295826,-0.991319449772792,0.004526601789460558,-0.5458911808190238,-0.04146125863162157
2025-01-01,-1.2312854018935264,-0.5521734200143054,-0.5572300947297535,0.231714662524564,-0.05512522983994436,-1.1380168403188322,-0.05105534173121459,-2.6545062753801445,0.9481026695950955,-0.7484051069735909,-0.7512563505112683,-0.7304193822025518,0.5282712229586615,-0.5643605094151097,-1.023012004418086,-0.8329276659266669,0.08847900814738695
2025-02-01,-0.2921529667272106,-0.4616984449351231,-0.36830371522719113,-0.9898929432832841,-0.2602760251944283,-0.26116472927952156,-0.00655724254261666,-0.5291765687099987,0.6674626592991202,-0.6878221729455363,-0.7024937153423149,-0.6571459555479069,-0.17794144363230696,-0.027640898069245492,0.004526601789460558,0.16496022497932591,0.05873162908798131
2025-03-01,-0.3939872624222084,-0.41510338783304646,-0.39872080547828553,-0.9051082865059412,0.6089616105237556,1.6692384745014741,-0.27850573511689014,0.7800507297101386,-1.4676648779647488,-0.8173561176536037,-0.7108050111866293,-0.9144315372363937,-0.37684424855929455,-0.028647876702162213,0.004526601789460558,-0.21484772078465691,0.18643638762037731
2025-04-01,-0.19383245284912975,-0.46138506743909047,-0.24590835197271244,0.9103577755094024,-0.05801817993233956,0.14335771656935406,0.18067585968978797,0.6741021037044965,1.2935895674408726,-1.1554022361013485,-0.7750571716163389,-1.059290807343723,0.8205219146744894,-0.514011577769153,0.004526601789460558,0.14751601870206424,0.5502032573054494
2025-05-01,0.5532061640647714,-0.3356441406197716,-0.5926530181065386,-0.7948561959659846,0.4387329873800049,-1.0230428933050928,0.061094020748374805,0.7057712688051362,0.3859474749112578,1.3993752082009379,0.7683413822069838,0.7296207360407209,0.0927674280553388,-0.14042250495618205,-1.023012004418086,-1.0763536353411594,-0.7449011868993751
2025-06-01,-0.3326385959888526,-0.06677913301954606,-0.30127126296647055,-1.1374937995108063,0.49887575464362116,-0.4458876313659001,-0.20794515639959918,-1.1160327909984875,-0.569885485282238,-0.8711447052121201,-0.3671389366100366,-0.4191586280845462,0.22776283356535293,0.11937798233693557,0.004526601789460558,0.06304639869131172,-0.1553893826071913
2025-07-01,0.04391919806567184,-0.3803181945051255,-0.7251633908254351,-0.9812595013525592,0.21133296577142854,-0.12605562127512326,0.2698326363988863,0.827700042282309,0.6926335313059613,0.6952550516640974,0.7985950736974804,1.1499232713228456,0.35342345039647916,-1.0759056549379933,0.004526601789460558,0.008382630977028564,-0.503149509267194
2025-08-01,-0.1246306292621621,-0.10736469571646055,-0.29600750199574466,-0.2819701914041825,0.4958075242126172,-1.7532995555183188,0.0476539393237425,-0.13801496316313297,-0.15042491727646137,-0.4435517326004358,-0.13200887900611075,-0.3469102120310921,0.4995487962543995,-0.2169528810580317,0.004526601789460558,0.03531805560059697,-0.29977225660908957
2025-09-01,-0.7621943935530369,-0.15817870363156525,-0.25674934646423553,-0.8464451620432063,1.0294694643729587,-0.8121167789794005,0.030370851105884045,-0.5355557436902707,-1.393160716291568,0.108841876133481,0.05288594316374923,0.0758485258748182,0.8485262807111466,0.08816164471645016,-1.023012004418086,-0.548666395454043,-0.34689792240042466
2025-10-01,-0.39168563218104685,0.06606993235512086,-0.21499086666576556,-1.8736363080686362,0.11658957024634592,-1.1577106243238926,-0.0733677804184599,0.4621166441150222,1.7884619249372198,0.1665688207765415,0.040501355817816144,-0.19410480917506143,0.8596562210590464,-0.1313596972599092,0.004526601789460558,-0.4658064156370571,-0.0340635622599782
2025-11-01,0.10741421270533857,-0.17786708532211606,-0.3004724350760896,-0.8964316307051027,0.05983081693059654,-0.5016310664041043,-0.2906457151133828,-0.1970252390238072,0.12070150934746168,1.0552118072678038,0.4914534096562273,0.34724476105338264,0.8144183989998358,-0.15552718444996863,0.004526601789460558,-0.004724326990388124,0.11120343545426847
2025-12-01,0.14754680969423326,-0.503263472061393,-0.7320572048658569,-0.14822255189828237,1.3303091078745093,-0.08661710181272651,0.3269642235569618,1.967506263544898,-0.5490543991200171,1.3864529280111786,1.1677865344375056,1.0546416255503601,0.6248503827517298,-1.1776104968628192,0.004526601789460558,-0.02256499250121944,0.025385837720498506
