fecha,Crédito SF sector privado,Crédito empresarial,Crédito consumo,Crédito hipotecario,Tasa activa TAMN,Tasa pasiva TIPMN,Tasa referencia BCRP,Tipo de cambio,Índice BVL,IPC Lima,PBI desestacionalizado,Demanda interna,Reservas internacionales,Liquidez M1,Liquidez M2,Liquidez M3,Tasa interbancaria,IPC Subyacente,embi_peru
2007-01-01,69819.4704288,39105.687117208,11831.0232587766,7881.54078481538,23.75,3.17,4.5,3.1925,13633.78,62.5631613837047,96.1704480882607,93.2303106917057,17849.37171875,17720.111612,82579.596567,124721.3870822,4.47,62.6756285764583,122.47826086956522
2007-02-01,70717.51374107,39559.563157262,12056.9093211079,7995.38432183009,23.57,3.24,4.5,3.1903,15150.74,62.7254923290977,96.2881263161898,88.8989687916799,18135.788338558,18071.896172,85842.029725,127949.0263743,4.48,62.8372619299165,127.05
2007-03-01,72596.32102162,40630.0719772574,12336.7108613191,8132.87039118353,23.4,3.22,4.5,3.18561363636364,17152.82,62.9443010952826,97.8314819751364,95.8545612432049,18427.065849057,19144.793538,89837.639732,132484.04216132,4.51,63.0473358990571,131.8181818181818
2007-04-01,74195.32338948,41664.4402653269,12608.628826091,8279.94003762214,22.7813333333333,3.1,4.5,3.17828947368421,20674.78,63.0564721201698,97.4418401983132,98.3570111219344,19703.97977918,19148.938407,94523.790386,138682.05171998,4.51,63.1278616997818,117.76190476190476
2007-05-01,75878.92549683,42288.9443664249,13065.2382779562,8431.4777033389,22.13,3.12,4.5,3.16752272727273,20129.5,63.3666290173321,100.527037479075,107.184472888541,21270.882176656,18761.899696,96594.862494,142112.50918394,4.49,63.1822808910592,109.65217391304348
2007-06-01,77226.43963749,44500.9200117845,13432.2910013319,8596.52924452364,22.41,3.13,4.5,3.1702,22365.9,63.6642570439849,99.5749215128561,99.2128146919206,21527.987381704,19274.713874,100303.463086,145562.69808049,4.52,63.287757605965,103.95238095238095
2007-07-01,78477.658902,45387.6072509767,13688.0606578176,8744.5836701657,23.2684,3.1697,4.75,3.16090909090909,23418.17,63.9670093814535,100.210927651919,100.443853932366,23333.01136076,20309.0411,103764.408333,150155.38875196,4.69,63.4303659117624,128.9090909090909
2007-08-01,79557.26584304,45928.3784950448,14075.4409992043,8911.91536907082,22.86484,3.18484,4.75,3.15818181818182,20846.26,64.0545851031271,100.651163150322,102.171396768093,24069.498417722,20471.752884,101243.402325,149469.98013396,4.77,63.6253143286711,168.91304347826087
2007-10-01,81454.493395,48491.4976933074,14776.5376530189,9234.60620447365,22.75742,3.35258,5.0,3.01986363636364,21696.27,64.6492926190962,102.132121038679,104.457496244386,24889.700433333,20990.200969,107949.649152,154705.909566,4.98,63.9651560873719,138.3913043478261
2007-11-01,85689.261382,52183.1911920922,15156.493829535,9401.27721257286,22.543,3.41769,5.0,3.001,18255.97,64.7210579671552,103.674025022899,105.567331689782,26347.593833333,21446.624901,107019.319843,154200.291856,4.99,64.3431523834497,175.27272727272728
2007-12-01,88191.467168,54029.2768759058,15597.9792328987,9479.43615983551,22.28445,3.34774,5.0,2.980775,17524.79,65.0143122764871,104.519690129532,106.721336415472,27688.761066667,24476.05034,109409.208231,157745.500608,4.99,64.5621312579215,174.47619047619048
2008-01-01,88236.25958191,55002.447038949,15880.1213589618,9612.91783452924,23.25774,3.24677,5.25,2.95031818181818,15009.98,65.1586741108229,105.308133148231,101.997000001706,30736.578703072,23287.01957,107969.459903,154603.04157626,4.44,64.7251945890526,194.95652173913044
2008-02-01,88303.65711578,55635.9669414977,16195.4709745973,9772.78071438503,23.3324137931035,3.23827586206897,5.25,2.9055,17766.94,65.7496751808387,107.402329433869,102.495064625279,32306.01449827,24572.382756,114879.933722,159691.56462293,5.02,64.9566176856078,208.9047619047619
2008-03-01,86872.97808525,56337.1281915657,16609.2212595853,9930.70816724898,23.8580645,3.259032258,5.25,2.81092105263158,17387.47,66.4346886068455,107.343803572593,106.865091939026,33576.401018182,25902.348079,117525.068351,159856.78139,5.21,65.3117577651741,221.76190476190476
2008-04-01,90691.15923265,57598.4934294523,17032.5496417745,10119.4682143332,23.8103333333333,3.24233333333333,5.5,2.74786363636364,17429.94,66.5371442717145,109.026491768101,115.680553991645,35625.203017544,26152.702239,121842.305483,166336.5972188,5.37,65.5742362676283,181.5909090909091
2008-05-01,92479.41035036,58652.4897228945,17619.8664589651,10289.8868105404,23.5655,3.3832,5.5,2.80457894736842,17130.79,66.7829931511919,108.101418541177,115.446784051053,34859.471866197,25999.166816,123957.302777,168446.71961496,5.52876,65.8791036031216,154.45454545454547
2008-06-01,96859.05798422,60078.452447191,18106.4018133513,10487.0779904577,23.7253,3.517666667,5.75,2.89161904761905,16293.97,67.2969566655574,110.014931554907,118.429458640924,35518.454208754,27046.178928,123791.270216,170815.87968674,5.6801,66.2385302969872,160.28571428571428
2008-07-01,96892.56973114,62250.3215782118,18362.1458888439,10699.4874762643,23.69548387,3.49870968,6.0,2.84842857142857,13765.45,67.6707723621643,110.063367230517,116.353920225694,34842.622375887,27052.98923,118785.43825,165832.24933162,5.91071,66.5015189061526,197.8695652173913
2008-08-01,100571.89224765,63076.7774105759,18850.6889869392,10916.4314614049,23.87355,3.59161,6.25,2.89230952380952,13287.42,68.0703582039768,109.691103459051,109.566734539777,34917.491457627,27106.428248,118728.794953,168675.238581,6.208432,66.8691410802485,195.28571428571428
2008-10-01,107686.6301157,67477.8909100738,19767.5313263838,11318.0917721824,24.07032,3.71613,6.5,3.07515909090909,7055.04,68.8761803820454,110.43730592219,118.787035432857,31932.859255663,26978.456508,103457.433645,159412.12617924,6.6015,67.4821489564633,500.4782608695652
2008-11-01,110721.9336351,69797.0097531879,20157.4126131157,11453.9813509363,23.53833,3.89233,6.5,3.09188888888889,7405.5,69.089023978282,110.531973336922,111.368122663022,30970.199451613,27041.55636,105913.423027,160092.7509506,6.5451,67.8825394144718,484.4
2008-12-01,112728.05364628,70680.0542126171,19436.0058197608,12713.6168191822,23.02097,3.83548,6.5,3.113775,7048.67,69.3378988396748,109.37708933771,118.585913151478,31195.886528662,28930.094094,109357.855689,163984.4783773,6.5354,68.1536495159442,522.9130434782609
2009-01-01,114337.09751056,70736.7651163958,19531.3189618387,12811.2134800854,22.92548,3.87194,6.5,3.151125,6905.39,69.4112438363932,110.369635699562,107.005590157499,30097.812358491,27183.662274,107539.436619,163666.00693422,6.57342856,68.3903806115338,463.22727272727275
2009-02-01,116001.921158,70790.4151243323,19710.1156918431,12906.8422941846,22.88786,4.07929,6.25,3.236125,6671.72,69.3593334568676,109.706950954861,100.061146172732,29412.2152,27912.53991,107985.035102,165695.2409735,6.43575271,68.7047599828106,419.35
2009-03-01,114749.7419878,70827.4219514962,19710.1829518929,13021.7281845708,22.64355,3.96774,6.0,3.17477272727273,9237.65,69.609179021041,108.478546892175,105.295926200849,30929.456107595,27430.69308,111311.365558,168174.97724816,6.07282322,69.0247606792877,408.90909090909093
2009-04-01,112559.40698639,70835.5359260815,19788.9940671744,13110.901336424,21.95667,3.704,5.0,3.085025,9979.19,69.6224126578754,109.378452114632,111.872346093238,31078.952541806,26839.218266,112872.738109,167750.6061189,5.3285,69.1304052823573,360.22727272727275
2009-05-01,113943.63314136,71889.0022484289,19908.0989958532,13232.2851791579,20.71935,3.3429,4.0,2.99405,13392.27,69.5924708515071,110.800279504928,111.214191789367,31188.562107023,27264.389959,117452.548931,173418.82702639,4.26514,69.2474618217576,291.7142857142857
2009-06-01,115198.31229094,71882.27469228,20162.3828908372,13368.8540311628,20.69067,3.00767,3.0,2.99047619047619,13059.7,69.356151245964,107.023017551328,107.7296193803,30790.449435216,28204.708939,119029.060065,175360.53264042,3.1308,69.3549844550129,257.5
2009-07-01,115811.90843004,73069.0094112619,20135.9004241165,13514.9013103416,20.57903,2.61032,2.0,3.0125,14092.02,69.4856310540512,108.611652967622,109.033442166256,32088.724214047,28689.702799,123573.11026,180740.00888312,2.24,69.4122563990387,274.2173913043478
2009-08-01,115353.1735417,72780.6444635256,20297.9119648029,13680.8041923515,20.22484,2.27548,1.25,2.95054761904762,13955.38,69.3415150199903,110.61198960687,109.2146148798,31954.639762712,28900.503286,125104.676709,181120.179704,1.33,69.4942349057845,240.0
2009-10-01,115909.9925559,73065.9048790417,20788.9684276334,14102.917599005,19.9171,1.79032,1.25,2.871775,14213.54,69.3660151971089,112.091018593256,114.596002600032,32920.18137931,29698.962014,131251.464001,186676.8203283,1.15272,69.5943076247658,195.0
2009-11-01,117996.14189088,75157.1553836667,20950.0972361733,14354.0738676,19.83067,1.656,1.25,2.8845,14129.0,69.288278429942,113.168139880958,115.44261646711,33428.290243056,30861.314825,135068.392689,190702.3621866,1.2190023518,69.7036970709349,190.33333333333334
2009-12-01,119363.61136519,76182.0013762681,21169.8777730947,14523.0772907972,19.94419,1.55581,1.25,2.87747368421053,14167.2,69.5079961016632,113.798278152966,121.607464082537,33135.01515,33146.581897,138949.152986,195611.41383826,1.24234,69.7520612643156,178.65217391304347
2010-01-01,120129.76716614,76462.5156841388,21154.9872540635,14692.8862977176,19.97548,1.444581,1.25,2.85645,14440.5,69.7136816328321,114.066790233887,112.903130036532,34342.265839161,33229.043362,137428.53122,193474.17901814,1.0,69.8998374002861,178.38095238095238
2010-02-01,121505.54801455,77734.8787515814,21261.7134744813,14804.9784619772,19.76036,1.39174,1.25,2.853975,14002.32,69.9385138944542,115.262996368135,107.840506227174,35009.615964912,33491.518213,139216.329727,195930.4083733,1.21524,70.0183841921873,199.95
2010-03-01,123443.01805136,79498.1358149767,21416.641093024,15086.4918375193,19.48806,1.35968,1.25,2.83928260869565,15129.0,70.1349097028041,116.784441379103,122.03516136079,35268.633450704,34660.179977,145206.833397,201114.28720832,1.23264,70.2482057521336,157.82608695652175
2010-04-01,125852.1622044,80893.2064074086,21703.5374270297,15361.6373669618,19.39367,1.29767,1.25,2.83985,15842.26,70.1526941164795,118.008785407794,124.548610365914,35049.049684211,34431.526529,146671.725765,202927.155342,1.2197,70.4073572040087,143.8181818181818
2010-05-01,127792.87440496,83277.8128437899,22056.4931634351,15647.595280535,19.17935,1.33258,1.5,2.8455,14487.31,70.319559174288,119.065058648937,132.438300526791,34610.14084507,35326.166485,145963.095472,202662.12489236,1.4461,70.504234594747,201.76190476190476
2010-06-01,129247.02656823,84633.3151160776,22425.5888031446,15815.1299368178,19.124,1.38977,1.75,2.83805,13985.01,70.495954894733,121.016451371327,125.512016846495,35341.394734982,36556.672428,146627.785512,204712.33173754,1.62,70.5971089533456,206.8181818181818
2010-07-01,131681.67741488,86787.7426012534,22347.4091921963,16072.0756526304,18.205,1.4506,2.0,2.82281578947368,14275.38,70.7525287206685,119.833063860523,128.081492010697,38634.83,36659.609221,151850.596371,211606.68837918,1.9,70.6516637272676,186.77272727272728
2010-08-01,131301.8252928,83110.6205768534,25212.9847685243,16424.8584399823,18.0813,1.6216,2.5,2.80202380952381,15153.33,70.9425101139349,120.236261309806,126.960816069307,40204.164928571,37462.708851,156261.809919,213988.4562502,2.377,70.8189951026845,156.5909090909091
2010-10-01,133094.1891632,83288.38827376,25773.76086676,17119.13724456,18.7145,1.839,3.0,2.791475,19220.93,70.8192940467514,122.970312003998,133.645971197252,42955.707392857,38052.831415,166917.632618,226437.0713184,2.945,71.0383314229022,157.14285714285714
2010-11-01,136324.56129984,85157.6706188,26382.46855916,17500.07606312,18.718,1.842,3.0,2.80559523809524,20854.5,70.8248925993405,123.231676736611,132.298066188354,44104.377173145,39562.585502,170183.828916,230175.30687032,2.974,71.0706745820922,151.63636363636363
2010-12-01,138872.91252165,86971.37392984,27081.49230472,17830.15046552,18.733,1.802,3.0,2.815675,23374.57,70.9512908774276,122.028484466777,137.314631434965,44105.06,42650.59097,178157.503082,240259.30354422,2.9789,71.2306529594217,156.65217391304347
2011-01-01,140589.21448914,88180.1146114,27330.06814364,18133.79586248,18.679,1.865,3.25,2.78704761904762,22887.41,71.2283105646479,124.493209014376,128.114844836176,44510.84631769,40449.596,174891.25785,236090.3448417,3.2107,71.363027736877,145.57142857142858
2011-02-01,142075.18980403,89863.01794076,27724.23665468,18491.48809464,18.58,1.989,3.5,2.770525,22842.96,71.5006315782516,124.455705720215,121.592437813049,46267.835054152,40715.4568,175935.540597,237934.31521508,3.3868,71.5142000198283,146.1
2011-03-01,146660.8696916,92502.32144996,28149.16749556,19019.08291616,18.6542,2.0394,3.75,2.77939130434783,21957.49,72.0029008320805,125.546888198792,132.379148910679,46126.680428571,41985.2228,177023.986819,240308.924493,3.6787,71.9400110237659,156.7826086956522
2011-04-01,150299.61079506,95838.65067996,28528.16094584,19424.79817756,18.512,2.0897,4.0,2.81563157894737,19636.22,72.4931779487685,127.139478536761,139.036911851316,46512.36570922,42249.101075,173285.38748,238706.359223,3.9686,72.2280078780509,192.9047619047619
2011-05-01,153638.15464345,99484.56708892,29149.28984952,19852.06608976,18.4926,2.3042,4.25,2.77495238095238,21566.07,72.4759927600571,125.646771654151,137.716300838059,46307.027472924,41496.145273,174722.269468,240573.5926779,4.2338,72.4769150012888,187.22727272727272
2011-06-01,155060.683877,100603.84397368,29757.19131132,20236.49070784,18.581,2.477,4.25,2.76407142857143,18878.78,72.5478476794027,125.014390601825,132.696024811505,47151.686254546,41727.030869,172094.432631,238562.14554975,4.277,72.7111590328476,192.36363636363637
2011-07-01,157123.9245826,102122.02537804,29713.05070752,20511.06143844,18.54,2.4761,4.25,2.74131578947368,21963.1,73.1231175318247,127.592427623666,133.898419960251,47673.64,43670.59921,179089.168806,244735.8127729,4.2598,72.8953473925147,170.85714285714286
2011-08-01,158710.31575643,102885.16833524,30403.52813,20876.15519252,18.659,2.5197,4.25,2.73938095238095,20697.11,73.3174920842417,127.581692990738,133.874483964726,48515.287912088,45088.849836,179909.047819,245620.58458351,4.2298,73.0753835148556,199.56521739130434
2011-10-01,161259.00356345,104805.316539272,31313.6861172881,21708.36504196,19.0103,2.5842,4.25,2.731825,19629.63,73.794119647811,128.017422006078,136.00811980482,48696.4,45266.2366,179923.471814,245467.5882633,4.2683,73.5091203239164,231.95238095238096
2011-11-01,163448.9970518,105899.250560177,31948.936345983,22191.62449044,18.849,2.5703,4.25,2.70495238095238,19911.82,74.1124844688423,129.133455224779,142.168005154503,49049.964296296,44833.489529,181021.02403,247789.0806115,4.2555,73.7227203557503,214.1818181818182
2011-12-01,166491.2947125,108548.623418145,32544.7498666951,22614.43452,18.861,2.4681,4.25,2.69626315789474,19473.71,74.3132616323748,132.606320528935,146.534094345461,48815.920444444,48766.340076,186699.033667,253519.3270189,4.2422,73.8285892267102,216.3181818181818
2012-01-01,168478.50528848,109561.675151323,32780.1298545166,22974.11812,19.0294,2.4645,4.25,2.69265909090909,21948.07,74.2379662035315,130.800040238765,130.724396897196,50829.617732342,47660.215421,192657.426383,259248.57675303,4.2288,73.9911208484441,219.4090909090909
2012-02-01,169480.49920556,109249.018476002,33200.7636420781,23306.45652,18.7579,2.5004,4.25,2.68352380952381,22728.75,74.4791719574771,130.806109695367,129.364997959174,53315.228097015,47244.886147,196969.868385,263092.27100488,4.2284,74.2265678067965,199.23809523809524
2012-03-01,171788.78115255,110963.617479351,33600.1745870488,23855.8948,19.0135,2.5203,4.25,2.671,23612.02,75.0496945317084,133.194077246808,140.507884472862,55788.97124,48303.579478,200835.01811,266124.33124823,4.25,74.6863175475626,165.5909090909091
2012-04-01,172735.33267432,112169.362331054,33912.8378326264,24261.46532,19.2147,2.4393,4.25,2.65702777777778,22677.93,75.4486137965042,131.283680272894,144.806417476591,57489.53296,48877.633689,203217.273484,267052.0744348,4.241,74.9595238774127,164.14285714285714
2012-05-01,177241.72270187,113621.436976155,34610.877242245,24771.4042,19.341,2.4561,4.25,2.66927272727273,20997.56,75.4782355070343,134.733309625153,153.16898541852,56881.97047,49049.267699,202632.556513,267683.9359656,4.2429,75.2073130290276,180.52173913043478
2012-06-01,179819.13209074,115998.882488432,35130.1822516484,25262.97736,19.6167,2.4757,4.25,2.670575,20207.16,75.4505385376399,135.183577772318,144.176999202329,57224.8797,49688.612642,203834.77672,268954.00174285,4.231,75.3595779891604,188.42857142857142
2012-07-01,181123.09689461,117936.077679402,35269.5429082778,25761.41976,19.469,2.4835,4.25,2.63504761904762,19627.5,75.5187147850747,135.719791317355,150.609898412598,57979.94612,51211.407458,205076.629869,269490.41082912,4.2458,75.5085435722284,162.5909090909091
2012-08-01,182418.70565092,119133.979357344,35789.7575508156,26288.90612,19.4068,2.4274,4.25,2.61597619047619,20311.66,75.9026527314205,136.461298836738,149.843017725291,59771.35644,52317.047715,207717.544534,272315.19691363,4.2191,75.7092081120644,133.1304347826087
2012-10-01,185785.8750328,121322.060417516,36619.3508007241,27179.77204,19.3323,2.4474,4.25,2.5876,20789.41,76.1899418708041,136.934161246795,152.587283132412,61904.24751,52997.567365,216771.13162,279389.53283215,4.2392,75.9501888965411,108.04347826086956
2012-11-01,187418.11727806,122420.900997784,37047.2903953365,27791.33744,19.2763,2.4423,4.25,2.598625,20044.62,76.0852045683551,136.929107520625,150.006752363787,63215.55078,53405.378358,220904.702534,284526.5854601,4.2479,76.1056672112919,122.95454545454545
2012-12-01,189786.4767449,124312.63549808,37561.04472,28267.92312,19.085,2.37,4.25,2.56688888888889,20629.35,76.2820940603079,137.212652262184,156.777358614856,63991.44132,57246.572749,229100.772696,293116.9648653,4.2439,76.239948250433,117.19047619047619
2013-01-01,190095.36363034,123224.05227056,37661.29628,28605.63412,19.4116,2.3774,4.25,2.55190909090909,21435.29,76.3701370802442,139.220843976578,151.351823908007,67015.62032,55965.265347,233063.537814,296458.76058576,4.1518,76.4609908248117,110.04347826086956
2013-02-01,191252.52387351,123580.22417488,37899.46748,28835.53404,19.27,2.3671,4.25,2.57805263157895,20611.68,76.301403956872,139.692313609953,143.833231973686,67629.27501,58133.640877,236727.609988,299798.03054352,4.2008,76.6181403870704,127.05
2013-03-01,193004.49590187,125041.40952224,37945.42996,29237.31836,19.0781,2.2871,4.25,2.59394736842105,19858.95,76.99485097723,140.50289174793,147.50726902194,67918.10164,56992.099071,238369.965129,301960.5751721,4.2404,77.283710251178,140.28571428571428
2013-04-01,196270.61000216,125714.79590448,38322.34748,29683.2578,19.0897,2.309,4.25,2.5975,17352.92,77.1891755363707,140.16300659789,159.145521365613,68254.96787,57213.375226,238941.275364,304870.24164432,4.2005,77.5112484808233,132.54545454545453
2013-05-01,198978.23225819,125962.63071624,38851.36808,30123.38372,18.9452,2.3039,4.25,2.64438636363636,16049.65,77.3386026616823,140.945792615766,161.176572274146,66765.36204,56633.895273,237705.728137,303709.93546333,4.2542,77.7032729944286,133.7391304347826
2013-06-01,204373.81705398,128566.11272152,39399.37024,30545.72828,18.8077,2.3187,4.25,2.7475,15549.55,77.5410733474478,143.524738092231,155.867201933705,66682.72882,57058.777286,234434.893031,303308.7990701,4.2605,77.9082787861726,179.8
2013-07-01,207446.10347391,130342.85656488,39424.50412,30799.88912,18.4748,2.3271,4.25,2.77671428571429,15118.46,77.9663696202748,143.141670387105,162.319348615075,67614.7534,58546.303127,238330.824332,309834.63009743,4.3269,78.1646462754648,175.69565217391303
2013-08-01,211527.71996485,133459.53313764,39811.11628,31144.18224,18.1187,2.3158,4.25,2.8017380952381,16652.22,78.3896529693816,144.36168867002,153.967072057415,66635.20348,58304.363879,235643.588958,309881.86932617,4.5161,78.4035588924846,190.54545454545453
2013-10-01,214697.6620623,136402.42620436,40754.92264,31761.22396,16.6471,2.3432,4.25,2.76911904761905,16322.01,78.5049596836515,145.182901874133,162.29850572212,66391.10938,57220.3292,238226.266427,312567.35911346,4.2484,78.7557867652029,172.8695652173913
2013-11-01,219170.7555412,138999.54351524,41275.83888,32182.86076,16.3673,2.3327,4.0,2.798125,15200.4,78.3336278654801,147.221241795513,160.727807994777,66279.32402,57879.34868,239617.04368,315441.6496224,4.183,78.9096711032292,183.42857142857142
2013-12-01,221786.8700492,139985.805902,41948.982,32354.75112,15.8765,2.2697,4.0,2.78525,15753.65,78.4635187293942,145.966015714236,165.568961031619,65663.09652,62228.834108,247426.608931,323804.428127,4.0884,79.091941034264,176.54545454545453
2014-01-01,222513.96163796,139744.31080596,42070.19048,32605.85712,15.9881,2.2552,4.0,2.80893181818182,15452.05,78.7121276543314,145.063403185515,155.858054885218,65073.81412,59918.018607,244555.036565,323412.99570254,4.121,79.3267688658016,176.0
2014-02-01,224548.146316,140893.14097924,42414.28544,32932.1074,15.8071,2.2636,4.0,2.81265,15441.26,79.1850605759155,146.775450836488,145.403428654809,65176.50984,60119.991148,246736.394746,325877.4761864,4.1738,79.5416043763474,182.25
2014-03-01,227580.51229443,142628.54529032,42717.0788,33325.4858,15.6132,2.2732,4.0,2.80638095238095,14298.92,79.5956817391094,145.81001242282,158.259819346391,64953.75254,60927.171467,247497.959466,326909.8639242,4.0133,80.1818853487965,167.23809523809524
2014-04-01,229530.27367721,144296.03835476,43018.66116,33536.26668,15.5293,2.2957,4.0,2.794375,15528.38,79.9086695055395,146.393851050839,163.744607084812,64729.17838,59902.825281,248756.487973,327504.60709942,4.0539,80.3636397855173,153.54545454545453
2014-05-01,231307.79128953,146348.48243796,43692.82492,33885.91168,15.6132,2.3419,4.0,2.78697619047619,15753.25,80.0884883767056,145.456142971842,164.463831604902,64629.29071,59270.166587,250683.925167,328210.47780203,3.954,80.5491957526667,149.4090909090909
2014-06-01,235001.421016,148254.37586976,44210.78328,34326.94736,16.0437,2.403,4.0,2.79423809523809,16662.28,80.215971231147,144.094980905035,156.819673812124,64581.14525,59699.738732,253805.29792,331885.9344868,3.9999,80.6929239988867,145.42857142857142
2014-07-01,237303.6787244,149713.94119712,44134.52064,34455.35844,15.9294,2.3829,3.75,2.78609523809524,16866.07,80.5635571221473,145.887131294091,163.483157017654,65535.81599,60920.827367,258456.406438,336166.1899824,3.8491,80.8519482314611,146.34782608695653
2014-08-01,239901.46023668,149898.36748112,44442.29564,34746.89776,15.8752,2.3319,3.75,2.81447619047619,17010.82,80.4945788992393,146.335649193581,159.530022180526,64850.15201,61600.808449,262296.349531,339719.66845644,3.7588,80.9915114330427,157.28571428571428
2014-10-01,246094.13245284,150707.80133192,45437.97796,35470.69988,15.5535,2.3087,3.5,2.90604545454545,15673.23,80.9292246090764,148.317666345584,166.298478619768,63529.65053,61736.258655,264533.080385,345851.01921688,3.5292,81.2963493691654,170.2608695652174
2014-11-01,249831.85099824,152371.14794424,46030.10388,35890.45764,15.6087,2.2923,3.5,2.925075,15106.46,80.8082672658879,147.497318721597,162.271862080815,63249.67707,63174.02653,266055.883472,347518.269334,3.6415,81.4702148217854,165.35
2014-12-01,252936.3265098,152489.10626332,46674.49248,36097.68308,15.6694,2.2739,3.5,2.9615,14794.32,80.9932305840506,146.632069731315,171.814358674264,62308.10238,68382.058719,275282.466191,357541.40138146,3.7956,81.7000299780756,181.91304347826087
2015-01-01,256052.55,151716.89360992,46932.35736,36231.66976,16.1668,2.2448,3.25,3.005525,13669.78,81.1311585614732,147.756580366387,155.684158472474,62618.83685,65926.085481,274211.500774,359132.3253769,3.3439,81.9627154211783,201.22727272727272
2015-02-01,258367.46,151334.94100228,47372.35252,36476.80116,15.9979,2.22,3.25,3.078525,13397.42,81.3773664204482,148.530397765917,152.038039568949,61896.32472,66294.286847,276090.415277,364695.56992052,3.4305,82.2405527683738,182.85
2015-03-01,261317.44,152789.78147668,48023.02468,36830.01228,16.0777,2.2281,3.25,3.09168181818182,12461.81,81.9996299525466,149.7342466296,167.489140214842,61323.23995,64786.879876,273192.194208,363265.5650622,3.3527,82.9837699507559,184.45454545454547
2015-04-01,265737.69,155034.19678168,48648.25984,37024.28612,15.9223333333333,2.21466666666667,3.25,3.1199525,13366.86,82.3198438304482,152.471072114303,172.493764331988,61626.85287,64051.264487,274847.83807,366144.81461056,3.5151,83.2968473644219,176.95454545454547
2015-05-01,269634.02,156482.9241506,49517.16112,37254.93196,16.0042,2.2732,3.25,3.15045,13180.61,82.7844285692493,148.001598467745,167.940695966453,60413.11782,63795.321991,276256.319732,368639.21012968,3.4798,83.5463875957903,165.9047619047619
2015-06-01,271083.57,155832.8829598,50203.95192,37274.36152,16.1823,2.2477,3.25,3.16123809523809,13113.17,83.0595554554826,150.273069169179,164.569061017114,60017.21489,63748.780117,275778.732473,369354.81707264,3.4243,83.7602781401547,176.5
2015-07-01,273331.29,157463.39871092,50144.48416,37362.2028,16.1542,2.2132,3.25,3.18125,11987.88,83.4339766262131,151.302115642306,169.253165789017,59733.7865,65306.150665,278596.075437,372873.09224097,3.4638,84.0045977909086,186.69565217391303
2015-08-01,277941.89,159857.07613644,50797.1184,37675.72024,16.2516,2.2558,3.25,3.23835714285714,10340.55,83.7487113799077,150.176590820722,162.516129147123,60612.67381,64632.756175,271630.89981,370712.1499362,3.6141,84.2416093758951,217.47619047619048
2015-10-01,285054.91,162449.93678252,52017.97948,38227.41796,16.2439,2.37870967741936,3.5,3.248375,10545.69,83.8913998281912,153.589302916454,169.303065461285,62171.67329,66609.961716,277093.66425,382024.47551374,3.521,84.6540052539949,225.9090909090909
2015-11-01,289529.87,163911.52138548,52699.65776,38498.00944,16.083,2.424,3.5,3.33664285714286,10226.89,84.1800464238952,152.919012481337,169.372645118582,62196.47556,65910.064054,281957.336714,388993.82954838,3.5,84.8543818427628,218.9047619047619
2015-12-01,290854.05,162161.23402492,53425.19372,38748.61248,16.0933,2.4073,3.75,3.38266666666667,9848.59,84.5552549887266,155.572579637414,180.136156210334,61484.88964,71324.188332,288778.746676,395716.67897709,3.765,85.073438856848,236.65217391304347
2016-01-01,292491.87,163333.00051348,53484.73292,38852.20204,16.2358,2.4981,4.0,3.437325,9391.84,84.8702404031536,153.366711603022,161.31231161896,59981.47624,69125.063372,283863.703504,396142.1053151,3.973,85.3172936021708,265.76190476190476
2016-02-01,294775.32,162974.04969004,54044.14556,39039.10156,16.1293,2.57,4.25,3.50590476190476,10742.19,85.0179920593596,155.387714816724,160.737066118837,60197.98622,68688.736733,285960.462797,399744.4175298,4.5857,85.8449938182733,282.3809523809524
2016-03-01,291749.63,164131.80351664,54089.1132,39320.61076,16.0516,2.6139,4.25,3.40738095238095,12057.93,85.5265000574541,157.356675631232,168.431804130181,61280.63694,66579.700709,286360.314927,395628.75944466,4.8352,86.4639271359225,226.82608695652175
2016-04-01,291490.26,165572.78138448,54389.57668,39496.35812,15.9873,2.6137,4.25,3.30154761904762,13702.47,85.5362556898337,154.904926413332,169.621856793237,61273.4863,67225.167008,290715.999483,395811.84789244,4.4641,86.6306354356034,210.04761904761904
2016-05-01,292433.18,163840.56103488,55066.01564,39777.4284,16.0206,2.7061,4.25,3.33372727272727,13535.97,85.7155086648867,154.278866546778,170.169310581133,60619.25198,66280.253699,295568.690531,401802.15164273,4.4392,86.9860577721543,207.95454545454547
2016-06-01,293270.22,164994.57376368,55688.32168,40166.83004,16.2,2.6457,4.25,3.31657142857143,13856.9,85.8350891099251,155.820144927354,171.855660782316,59563.99063,66503.993613,295538.987535,399924.76272863,4.3666,87.1850608834219,209.9090909090909
2016-07-01,297490.08,166524.10243152,55570.08376,40263.74264,16.3787,2.7039,4.25,3.29873684210526,15210.97,85.9052567561972,157.861774636052,166.72195589929,61085.84312,69531.202069,305920.64249,408778.80146504,4.2855,87.3291211592093,184.1904761904762
2016-08-01,299131.5,166209.4913032,56050.49856,40460.87692,16.4984,2.7113,4.25,3.33304545454545,15130.24,86.213043138844,158.159984471911,171.542712209298,61768.57319,70019.183306,307324.164686,414803.5829645,4.1886,87.5499549744,169.6086956521739
2016-10-01,300547.79,167158.941528,56837.75972,40375.10108,17.0642,2.7081,4.25,3.38595238095238,15171.04,86.7481433937979,156.937610169725,169.791988192577,62008.85471,69873.883131,307563.778821,415017.03296868,4.2555,87.9376129954465,146.52380952380952
2016-11-01,303373.31,168468.17075152,57432.9272,40397.13764,17.0273,2.6703,4.25,3.40289473684211,15414.97,86.9997685797355,158.314862252382,171.549842347942,61363.67048,69853.550389,310174.182539,417964.63856005,4.2852,88.1129572657092,167.8181818181818
2016-12-01,304296.35,169850.38221728,58072.16228,40639.19968,17.1565,2.6303,4.25,3.39535714285714,15566.96,87.2905176704464,160.504522776752,183.129455496311,61685.541,73804.687215,316713.531087,423917.8377846,4.374,88.2424215814788,164.72727272727272
2017-01-01,300812.89601968,168684.37524032,58104.70564,40733.37636,17.7387,2.7,4.25,3.34,15983.95,87.4981321088573,159.998577212189,162.117410450866,62572.243,70918.4122,315688.760485,421803.31503036,4.2517,88.429169695934,157.5909090909091
2017-02-01,301224.6440489,169183.17113776,58392.31052,40938.21284,17.0679,2.7339,4.25,3.259825,15766.12,87.7809010228465,159.533281818095,155.133207779009,62290.979,72075.1577,315555.59216,420618.56891806,4.249,88.6335609501501,152.25
2017-03-01,301308.89997075,168807.3873324,58627.10592,41301.40556,16.9577,2.7077,4.25,3.26373913043478,15757.01,88.9260539521744,157.127308110684,171.683194804427,62487.097,70590.965664,319077.307004,423691.5337145,4.2453,89.3413416872755,141.08695652173913
2017-04-01,302660.20300212,169234.60403984,58822.09636,41423.92828,16.844,2.7083,4.25,3.24736111111111,15559.3,88.6965771763182,158.607742719969,170.469762695294,62997.712,70909.461858,320486.941478,424929.45085076,4.2922,89.4969087993906,149.4
2017-05-01,304378.93912749,169496.05150896,59476.75276,41691.34464,16.7794,2.7294,4.0,3.27286363636364,16000.08,88.3210908710632,159.641027378146,175.268237642791,63413.84,71664.94894,326366.90478,430852.21389513,4.0746,89.6910628488234,141.1304347826087
2017-06-01,305321.7812695,169885.81600048,59978.39812,42038.2886,17.084,2.7223,4.0,3.2678,16132.87,88.1804847816058,162.15553345217,168.979831037767,62601.159,73005.184413,329146.385933,431065.93596725,4.002,89.8332309509685,143.5
2017-07-01,307111.79203888,171924.87380696,59919.00068,42155.87124,17.0961,2.6939,3.75,3.24892105263158,16750.17,88.3553341822423,161.172272080632,176.150212040723,63050.139,74634.987122,334333.389761,437378.75087948,3.8392,89.9574890943496,141.9047619047619
2017-08-01,311305.54548972,171820.46441376,60514.07888,42429.6306,16.9332,2.6571,3.75,3.24143181818182,17616.44,88.9492813838017,162.512303480914,174.675397583176,62005.163,73468.114399,336031.193949,440890.44308268,3.7296,90.0807751627386,155.3913043478261
2017-10-01,315361.938961,173906.528484,61567.92768,43487.46956,16.4035,2.5858,3.5,3.25104545454545,19874.12,88.5179296753887,162.00215700662,181.743190960365,63560.269,77683.516231,348784.209531,454861.44508425,3.5012,90.1846354202432,139.63636363636363
2017-11-01,318298.64551876,176699.12172944,62344.33776,44113.52388,16.1023,2.5397,3.25,3.24052380952381,19722.18,88.3433392676972,161.436631654669,176.180842087037,62983.005,78581.639779,352487.378128,460245.11146527,3.3541,90.2621188049222,138.86363636363637
2017-12-01,321094.05625408,178066.20245056,63160.74624,44081.16548,15.7974,2.461,3.25,3.24618421052632,19974.38,88.4819074367963,163.478734704822,187.512040773743,63621.048,81713.061958,360722.887608,471536.35284648,3.2568,90.3019086690335,135.9047619047619
2018-01-01,318754.24597424,177999.43782864,63419.2024,44220.3256,15.8884,2.4206,3.0,3.21516666666667,21068.89,88.594648523903,164.625418244199,166.786701089637,64289.571,81632.734412,367253.835083,481066.57291732,3.0962,90.4499777402511,122.47826086956522
2018-02-01,321449.55482326,178548.91072864,64235.7228,44580.8032,15.6932,2.3446,3.0,3.248375,20831.78,88.8163305147703,164.070012767263,164.846098476576,61884.723,82079.041439,366457.62015,479579.2955355,3.0108,90.5694155315222,132.15
2018-03-01,323322.25347938,175543.52640728,66976.8172,46740.0024,15.1135,2.2861,2.75,3.2519,20558.84,89.2489764935573,166.034039946672,173.496545023774,62032.209,82806.081482,367157.596203,479568.24501265,2.8079,91.26778993824,147.04545454545453
2018-04-01,327114.0824945,181476.56335056,65466.1804,45125.5424,14.347,2.2337,2.75,3.230625,21428.86,89.1266401691656,169.076280896417,184.482806015607,60190.453,80278.524814,366314.035804,477254.5849,2.7517,91.3951902489292,145.23809523809524
2018-05-01,331837.00986428,182903.96767456,66403.6892,45565.5792,14.0677,2.1994,2.75,3.27361363636364,20814.29,89.1430886514034,170.022336280805,187.116325957943,60065.197,83040.350806,365719.43789,478781.39628515,2.7579,91.5778765243365,157.69565217391303
2018-06-01,331565.81901987,183488.12976248,67109.2756,45998.4856,14.0947,2.26,2.75,3.27095,19800.26,89.440878461853,166.22905507239,171.250538229782,59079.349,81794.401832,365063.982982,477510.26528011,2.7849,91.9182112068105,163.33333333333334
2018-07-01,333876.43486295,184449.36197496,67358.7628,46157.1408,14.0626,2.2606,2.75,3.27659523809524,20485.72,89.7832456102935,164.593299953497,177.919786516905,60796.978,83131.527317,372670.632199,485187.94242871,2.7428,92.1027965931542,150.95454545454547
2018-08-01,336097.9131313,184713.71300808,68311.432,46470.464,14.2242,2.2616,2.75,3.28807142857143,19443.11,89.9015505324364,166.14976409944,180.209899755051,60274.824,85509.209582,374234.797761,486127.0109157,2.7502,92.2269699948199,149.2608695652174
2018-10-01,343193.9239974,187062.18778276,69883.3772,47362.7756,14.1619,2.3381,2.75,3.33390909090909,18909.4,90.1474507938922,168.33848482974,188.588099743307,58492.225,86488.083924,371748.006764,486876.96081449,2.7694,92.4167939987429,142.69565217391303
2018-11-01,347077.69660628,188664.07234508,70767.0616,47765.0752,14.2185,2.353,2.75,3.374675,19180.97,90.2578255325897,169.283093968319,179.061087402049,59387.055,88140.480607,379005.571883,493875.75330588,2.7525,92.5074913277314,156.86363636363637
2018-12-01,349892.62483718,191604.0561566,71455.8288,48049.2324,14.2958,2.3594,2.75,3.36402631578947,19350.4,90.4218937443323,170.369015603978,193.332173656755,60121.268,92197.84568,382685.610091,498188.94512509,2.7544,92.6224520028581,163.42857142857142
2019-01-01,348607.92,189684.94905932,71984.7856,48226.5168,14.321,2.4245,2.75,3.34386363636364,20190.87,90.4809684380851,167.455150049253,169.339324126205,62379.595,89600.72,385552.44,501425.7,2.752,92.7424311165226,152.3913043478261
2019-02-01,347964.7,188771.15290316,72725.8136,48489.756,14.3586,2.4704,2.75,3.321475,20614.45,90.595663429072,167.622825256679,167.435791948915,63253.831,88812.85,385600.86,501052.87,2.7514,92.9159282521908,139.5
2019-03-01,353040.65,190514.24779284,73595.9704,48964.1736,14.4926,2.4184,2.75,3.30469047619048,21098.07,91.2547942250017,170.550610142393,179.445323729672,63091.305074,91989.52,393353.77,509332.14,2.7542,93.7055304240752,135.66666666666666
2019-04-01,355111.71,191390.206385,74267.6644,49205.7068,14.509,2.4783,2.75,3.303825,20896.5,91.4373773077339,171.118899847166,184.94154816599,64882.343511,92045.75,392686.21,509596.16,2.7524,93.7714914969245,122.36363636363636
2019-05-01,359766.29,192355.47529124,75111.7912,49660.5484,14.4781,2.4839,2.75,3.33236363636364,19922.77,91.5723515157514,171.236230492186,193.013050015637,66309.423862,89105.35,392891.75,513243.9,2.7504,93.9443985356854,135.69565217391303
2019-06-01,359583.99,193211.51598192,75981.8296,50204.0852,14.589,2.4923,2.75,3.32565,20622.79,91.493350335306,171.154930782561,179.075074051889,66512.571284,89681.46,396892.83,516219.1,2.7923,94.0187459432572,129.15
2019-07-01,362232.74,194387.86071048,76466.2468,50342.5168,14.501,2.4655,2.75,3.29021428571428,19957.26,91.6793898976101,171.000914876569,185.517041837671,66753.010056,92793.69,403895.51,526438.59,2.7527,94.1904388488264,116.1304347826087
2019-08-01,368239.95,195696.76482904,77405.2032,50736.5764,14.4355,2.4068,2.5,3.37756,19106.75,91.7352934900762,172.591278721415,188.762775420136,68268.879249,96162.3,407037.94,531981.62,2.5642,94.3377297691033,127.0909090909091
2019-10-01,372858.23,198538.44799124,79216.2068,51656.0036,14.2445,2.2823,2.5,3.3597619047619,19904.87,91.8427297350918,172.556453223271,191.336128029233,67986.299528,94200.5,412480.95,538221.03,2.5045,94.5102114983733,126.91304347826087
2019-11-01,376628.05,198922.58968256,80243.5864,52094.0044,14.192,2.266,2.25,3.3717,20078.0,91.9427558656052,173.371584793124,185.500222049048,66770.857362,96384.78,419151.72,548363.82,2.2984,94.5672133227365,126.76190476190476
2019-12-01,374462.85,199115.43439992,81010.0716,52410.4356,14.0848,2.1952,2.25,3.35519047619048,20526.13,92.1399925330876,171.679404272136,195.519662479471,68315.894676,99448.45,427724.16,554302.17,2.2501,94.6188656395427,115.9090909090909
2020-01-01,376518.28,198078.08191576,81550.9252,52699.0264,14.351,2.1571,2.25,3.32736363636364,19834.9,92.1895712817569,172.934195324644,180.281893807818,68398.651695,99612.11,432556.45,559431.83,2.249,94.8072467930245,113.8695652173913
2020-02-01,382281.7,198737.79325124,82318.1128,53151.4336,14.2166,2.1403,2.25,3.39035,18264.3,92.3206390707161,172.727214614625,175.077232289461,67610.6579,101588.32,430600.67,563135.06,2.2433,94.9682939405528,122.2
2020-03-01,385570.6,204427.47438748,81235.7068,52872.0188,14.0555,2.0994,1.25,3.49136363636364,14463.96,92.9170303880033,140.503002958334,151.461098303133,68022.027109,102585.05,416177.85,547113.07,1.8384,95.3530638059822,248.9090909090909
2020-04-01,384639.15,208839.7497252,79420.0532,52710.1596,13.3643,1.9517,0.25,3.3975,14779.28,93.0142055130683,104.35718010835,122.226692475291,73632.323937,107457.79,425455.2,554813.01,0.6135,95.4286770029047,277.95454545454544
2020-05-01,405971.21,229327.15985572,78485.1268,52678.9292,12.7823,1.7423,0.25,3.42115,15580.85,93.204097335048,116.059228900362,136.07403462672,73439.132808,124958.35,450687.69,583442.67,0.2414,95.5580794166655,220.85714285714286
2020-06-01,409902.09,231660.87686152,77306.55,52520.1872,12.4427,1.4927,0.25,3.47016666666667,16878.0,92.9560841633195,139.909969593455,150.397493076918,71449.712034,129673.39,456287.39,594204.5,0.169,95.6463629942244,180.13636363636363
2020-07-01,414921.96,238234.71817548,76037.0552,52359.89,12.2887,1.3048,0.25,3.51656818181818,17512.53,93.3861811793687,152.557843942335,164.692175104433,74335.721262,135265.73,466977.9,606226.67,0.1752,95.7064142396102,169.1304347826087
2020-08-01,419644.05,242671.32264096,75423.664,52450.2696,12.3435,1.1994,0.25,3.56392857142857,18576.89,93.2832332195989,156.547130692248,170.210403346009,74667.798748,137479.52,473952.75,617142.89,0.1674,95.8395623652642,145.42857142857142
2020-10-01,421957.69,243359.18490196,75202.3868,53233.6436,12.4984,1.1065,0.25,3.59561363636364,17472.2,93.4260987274024,167.169520946249,182.271256354312,72468.23441,138433.18,476517.79,623983.76,0.2489,96.0574752594641,150.1818181818182
2020-11-01,423853.94,243254.59024992,75369.032,53690.444,12.3737,1.0603,0.25,3.6077619047619,19796.51,93.9123624949692,168.922807960474,187.046714867003,71723.436978,138671.8,487912.76,636117.06,0.1883,96.1961650023572,147.0
2020-12-01,422199.029553614,241912.40323356,75273.3868,54061.956,12.101,1.01,0.25,3.60261904761905,20822.15,93.9581285619732,173.167361490965,208.694607665942,74706.911243,143021.60659197,501002.207975784,654481.642446457,0.2276,96.312369694404,143.30434782608697
2021-01-01,415158.430741444,240933.46683816,74280.1344,54458.3956,12.0323,0.9526,0.25,3.624575,21110.22,94.6561451002628,172.164051017993,176.76617648045,76473.883902,149241.52606976,503850.647582862,662336.254224134,0.2207,96.4556226826156,131.61904761904762
2021-02-01,418953.877418308,237687.18916204,73205.884,54957.4784,11.8846,0.9139,0.25,3.645275,22530.22,94.5375735473133,168.443418980469,172.935723592319,76028.825524,149012.36164097,504452.651496557,662477.806820786,0.1737,96.4932182272454,138.1
2021-03-01,424369.773062804,240778.67883736,72688.4768,55387.4192,11.1365,0.8919,0.25,3.70815217391304,21372.03,95.3311869507106,168.376723986983,186.414596223217,79921.73039,148649.38268217,501793.121218694,662584.405094627,0.25,96.9626228670025,165.08695652173913
2021-04-01,428505.056725755,242927.01729892,72929.0868,55834.094,11.0793,0.8914,0.25,3.69945,19562.77,95.2313830125361,167.468461228883,185.266299032389,77064.076957,142628.38113386,491117.940796304,655735.843318505,0.249,97.0997465958025,164.5
2021-05-01,432887.434012139,247047.05169688,72831.0416,56083.3132,10.8042,0.8623,0.25,3.77354761904762,21041.71,95.4852294275117,172.19857746939,196.312806319761,73069.455971,140737.1859275,490401.393550755,652937.293356768,0.25,97.2925056087596,163.57142857142858
2021-06-01,435488.733318251,249176.79585536,73032.252,56460.2736,10.683,0.819,0.25,3.91030952380952,18850.91,95.9814390796482,172.77746476187,192.460656110389,71892.371738,141006.97086876,480157.35024837,635085.353720464,0.25,97.5736034841729,169.22727272727272
2021-07-01,443145.456350323,251896.683679,72767.2544,56541.1292,10.6816,0.7865,0.25,3.94005,17671.77,96.948489573628,173.528789522653,193.148436594671,70959.420744,148387.92705226,479198.885925455,636343.324368222,0.25,97.8918154560069,170.0909090909091
2021-08-01,441492.686727291,250048.13237264,73233.388,56562.434,10.6861,0.7632,0.5,4.08619047619048,17653.54,97.9033694822447,175.086278301496,191.477231457876,74424.863329,147950.07246937,466461.266896377,626157.929047624,0.4879,98.3140960176231,183.0
2021-10-01,441980.231980449,250370.83562468,74411.0744,57206.0736,10.5577,0.8197,1.5,4.01505,20737.77,98.8691125131803,175.486747211402,194.953188216569,74498.950181,143235.22446317,458341.590626901,617756.848835978,1.2916,99.1218052741511,171.61904761904762
2021-11-01,446677.973121627,250463.40912504,76246.1448,57665.3336,10.7307,0.9177,2.0,4.01959523809524,20416.43,99.2232454403164,175.014762741503,189.43092845632,78218.187297,142187.7756664,457117.551150837,618656.679642015,1.7181,99.4567159532026,179.36363636363637
2021-12-01,446195.311141001,250621.25340456,77655.7736,58087.8488,10.9868,1.0332,2.5,4.03697727272727,21111.73,100.0,176.059915194989,208.609438059823,78495.490171,144621.1176892,462237.429988649,624453.348604241,2.2519,100.0,174.30434782608697
2022-01-01,440310.642358442,248762.74293532,78584.1184,58319.6676,11.1277,1.1216,3.0,3.88928571428572,22943.81,100.037268,176.982265321709,181.191262693973,77123.246235,142546.22447097,455962.813317582,616584.984299839,2.9861,100.197260806556,176.76190476190476
2022-02-01,442370.71224992,250380.34154552,80362.8096,58858.1056,11.2939,1.3082,3.5,3.7908,23749.03,100.34884,176.682047622781,174.339794451425,76851.166501,139781.38857512,452105.873111901,612627.757361888,3.3511,100.582745068267,197.75
2022-03-01,445510.911227158,251310.69831772,83234.3928,59465.2568,11.5168,1.4668,4.0,3.73878260869565,24915.5,101.836672,175.30164255593,189.170278528184,75323.819078,138497.60234032,451303.199328075,609134.347766756,3.8782,101.438742845162,200.7391304347826
2022-04-01,449828.287904484,249917.40466036,84917.8348,60037.712,11.8497,1.5737,4.5,3.73973684210526,22818.9,102.816232,175.022055260789,193.658607129489,75969.092426,135314.81292497,443948.706608323,604472.812461091,4.4543,101.977813955097,190.47619047619048
2022-05-01,449320.67575521,250125.44301884,86910.5704,60666.2408,12.1248,1.8519,5.0,3.75754545454545,20719.04,103.211072,176.251895332725,199.683992647516,76109.334626,134973.58047615,438269.595536958,594931.442942737,4.8926,102.630853391302,217.54545454545453
2022-06-01,455781.836629894,250586.12851704,88579.2372,61192.2144,12.4933,2.0823,5.5,3.74714285714286,18388.82,104.439931,179.317052729016,193.497030804915,73334.939418,134998.73495257,435309.331204117,595070.444736701,5.2778,103.238017886358,213.54545454545453
2022-07-01,462168.250620687,253176.09911664,89054.7332,61425.0164,12.6616,2.2897,6.0,3.90218421052632,19293.66,105.422597,177.733174304011,198.644127102033,74090.182647,137264.09513956,440685.732471186,603049.679682462,5.8918,103.931156132298,235.42857142857142
2022-08-01,458197.586952529,250476.7820412,90182.9384,61627.5632,12.9406,2.4726,6.5,3.87379545454545,18853.05,106.125283,177.408945016816,198.262806227532,73964.725102,137565.14003052,432477.004161494,594063.822940777,6.2823,104.462012525012,211.0
2022-10-01,461897.091793731,248122.5849144,92157.3748,62365.592,13.5935,2.7542,7.0,3.97871428571429,21095.21,107.050724,179.405617502151,198.948829492008,73827.722757,139129.32685718,431592.165191939,596733.803898396,6.9748,105.436954784604,241.76190476190476
2022-11-01,459677.592695015,247791.08160848,93645.6716,62684.9572,13.926,2.9257,7.25,3.87730952380952,22455.13,107.604861,178.521843716054,197.975283928135,73435.059375,136048.26985858,430437.851768724,592818.168506059,7.1999,105.898979232874,203.4090909090909
2022-12-01,457212.014642692,245206.67952956,94560.7836,62824.3928,14.2635,2.9706,7.5,3.829175,21330.33,108.459162,179.023255014478,215.360647004049,71883.365304,136968.02550454,435070.415113135,591866.205021901,7.4533,106.532412295492,195.5
2023-01-01,455738.710139182,241701.97956424,95523.4592,63012.5744,14.4623,3.1671,7.75,3.83278571428571,22416.72,108.704764,175.538186117904,179.64450966609,73281.983235,140053.68531375,440061.000785347,600438.020514817,7.6413,106.799744620998,207.04545454545453
2023-02-01,451691.083895427,239109.74286348,96728.6696,63271.6832,14.7364,3.3196,7.75,3.840875,21576.43,109.024924,176.209312526868,177.610170416406,73884.521162,138403.92643107,435419.277454176,594395.42449362,7.7612,107.239271305614,192.3
2023-03-01,454780.724556626,242292.70226608,98012.4056,63552.2632,14.8803,3.4381,7.75,3.77960869565217,21898.03,110.391537,176.968791266741,185.335007056497,72734.406629,132892.3816476,435249.844838599,592613.3114539,7.7382,108.305740388771,203.82608695652175
2023-04-01,456034.756591094,242675.90578712,98829.3396,63781.4476,15.1693,3.5837,7.75,3.76561111111111,21822.57,111.005592,176.687425034042,183.493234773531,74591.317776,130158.01490409,433538.606648858,588459.585201547,7.7459,108.838980298081,201.9
2023-05-01,454491.360627869,240668.0311956,99939.17,64102.6984,15.2971,3.7155,7.75,3.68870454545455,21178.83,111.358436,174.205884177575,196.906684694795,76243.91193,129296.85568258,434278.564223176,589775.18113002,7.746,109.322736199388,197.3913043478261
2023-06-01,452593.949377221,239507.37008932,100772.288,64447.3192,15.539,3.7597,7.75,3.65104761904762,22329.75,111.188314,178.389612909719,191.063800690908,72942.811778,128561.01439051,436952.713771342,589516.587884174,7.7164,109.657952433498,181.0909090909091
2023-07-01,452120.338226548,239204.78653972,101219.63,64533.6472,15.6423,3.8658,7.75,3.6013,23509.38,111.623134,175.55607284978,193.473687106718,73274.556854,129777.31025789,445113.088863166,597744.465334827,7.7481,110.009744740172,168.9047619047619
2023-08-01,456043.704423708,239013.74928424,102030.1944,64814.3228,15.7516,3.9045,7.75,3.69634090909091,23133.53,112.042985,177.273544890054,198.671453119443,71852.705556,130399.61388444,445398.381872684,601258.431394363,7.7452,110.351191070798,166.91304347826087
2023-10-01,460884.442838562,238166.43764436,102734.9028,65731.4156,15.9116,3.9019,7.25,3.84440909090909,21817.42,111.700024,177.708044328767,201.872338409693,71147.787359,130072.19983483,444725.826901008,604724.377787699,7.2814,110.876494688677,180.36363636363637
2023-11-01,458655.891907493,238604.5364388,102820.3788,66112.106,15.876,3.7447,7.0,3.76188095238095,21934.44,111.517885,179.544540628351,195.621024319348,71751.297916,131524.20768631,450744.025683294,608430.920123044,7.0889,110.98258528278,174.1818181818182
2023-12-01,459271.350226052,239907.71510516,102193.9704,66206.096,15.8642,3.5484,6.75,3.73368421052632,25960.01,111.9704,177.94208243702,209.57378462384,71033.010463,137086.70213817,465328.098427438,624064.243426084,6.858,111.206320564089,162.38095238095238
2024-01-01,457194.471245153,235727.98150588,102052.3432,66358.8044,15.8087,3.4516,6.5,3.73980952380952,26934.0,111.991911,178.791698564371,183.498681571964,73327.465328,135078.32025141,468167.311497059,631103.250958877,6.601,111.32769292314,170.6086956521739
2024-02-01,453038.543616331,232436.8441304,101954.2672,66643.3732,15.7303,3.3383,6.25,3.82730952380952,28231.83,112.616278,178.714605943273,181.489364696837,73943.03284,133996.39938321,469266.233860156,631119.629759247,6.3599,111.78200737553,160.28571428571428
2024-03-01,454494.167632086,235804.72864976,101734.726,66923.7812,15.76,3.2448,6.25,3.70955263157895,28366.99,113.75301,180.331867541023,187.97404588067,73827.928392,135317.29144004,468687.178387529,639458.953161919,6.2368,112.651178172081,152.66666666666666
2024-04-01,457488.519111144,237299.33836788,102493.1916,67170.7456,15.734,3.1577,6.0,3.71315909090909,29184.35,113.694232,182.273289709686,205.436950683014,74511.669888,133831.26560925,466607.103611246,638513.970332984,6.0761,112.815371608698,153.77272727272728
2024-05-01,458702.210048213,239723.91088312,101810.964,67478.7456,15.7542,3.0468,5.75,3.73097727272727,30220.4,113.591104,183.960512446356,204.615417593052,73920.00259,139303.81883807,478676.104798429,645909.221777299,5.8595,112.999449270245,155.82608695652175
2024-06-01,461674.34262391,241098.6699424,100857.082,67975.302,15.6527,2.9473,5.75,3.78463157894737,29895.87,113.729392,180.151783846905,190.203229358513,71415.400974,143728.60649084,481888.329780584,650821.56397929,5.7409,113.228309439736,160.9
2024-07-01,457312.05504964,239033.71473084,99284.5436,67958.914,15.081,2.7852,5.75,3.7644,29537.12,113.998099,183.142003459551,200.6012826617,74277.82892,147567.7779993,482259.05667419,650984.350103191,5.7126,113.413139770186,158.69565217391303
2024-08-01,458756.18973556,239970.48237216,98732.264,68239.2032,14.9261,2.6448,5.5,3.741325,28441.73,114.322048,185.173621902032,204.442674942542,80771.266552,151462.18257144,484460.316876241,659323.438871772,5.5272,113.613716039901,169.5
2024-10-01,459105.22130114,236628.80688544,99772.066,69056.3372,14.7445,2.561,5.25,3.75359090909091,30470.47,113.944279,184.553940301195,213.531675176882,83309.078434,154465.221404,490892.648175081,671144.230114577,5.2319,113.662853972458,154.04347826086956
2024-11-01,460804.618557948,238290.4569354,100068.4132,69406.0532,14.781,2.5237,5.0,3.77885,29485.3,114.051561,187.895068452118,203.029431903452,83227.783653,154136.8663808,492557.314990069,672315.536581239,5.0847,113.811184763418,155.42857142857142
2024-12-01,461274.26499109,237981.53268576,100368.1104,69544.0608,14.8781,2.42,5.0,3.73489473684211,28960.95,114.172077,186.365603465107,227.031994582726,78986.65285,157942.73592923,499461.56812362,680138.084098493,4.946,114.069041259122,154.36363636363637
2025-01-01,455799.692345035,235899.83503472,100645.0312,69858.924,14.9906,2.3587,4.75,3.74775,28984.27,114.065534,186.649010773463,195.928066942281,81595.881992,156193.02494129,496826.247129676,678908.602086403,4.7349,114.147447573858,156.69565217391303
2025-02-01,456398.482079209,236888.2875436,101038.2152,70303.4764,14.9064,2.3507,4.75,3.6977,28546.83,114.279991,187.186990155126,190.898434376342,83660.872809,154729.58323035,494642.927954596,678336.981602797,4.7755,114.467105149482,158.25
2025-03-01,458124.105030612,237546.63539712,101492.702,70730.06,14.7668,2.3426,4.75,3.65259523809524,30089.72,115.205841,186.174264324815,200.433122295879,81016.103395,152715.11916763,492394.833283119,675468.42043529,4.7203,115.197901340337,163.14285714285714
2025-04-01,460353.825600921,238866.0458426,101889.6012,71264.414,14.9607,2.2863,4.75,3.6997,30107.15,115.572272,187.781277400429,209.174958749756,84469.44329,149281.93085035,489585.012457273,671327.358333266,4.7565,115.420762728049,177.54545454545453
2025-05-01,463467.211284588,242683.15086488,102450.7796,71562.56,14.9519,2.2671,4.5,3.66014285714286,31315.52,115.507003,188.71190559638,218.693113630367,85957.392664,156945.53366147,500636.729439675,683151.081185926,4.484,115.578198054967,158.0909090909091
2025-06-01,463634.609976231,243563.83378908,103365.7896,72064.63,14.9807,2.2737,4.5,3.60390476190476,32725.65,115.655637,188.095716161878,206.05830096564,85263.330184,154664.97760037,501483.311844835,684723.074890089,4.49889399603857,115.805406439795,154.04761904761904
2025-07-01,468276.993442017,245721.99472444,103876.416,72273.4968,15.0445,2.1616,4.5,3.5562,33440.29,115.9233,190.23645687057,216.939518822323,87480.018817,159374.89064002,513085.606030224,700658.40258798,4.5,116.027966456274,140.91304347826087
2025-08-01,470356.301562464,247323.02089984,104750.3996,72784.2576,15.149,2.1348,4.5,3.5432,34937.73,115.586828,191.1008183768,216.143895812282,87752.818921,158984.42306716,516153.852176542,702940.601846828,4.5079,115.998679203449,133.0952380952381
2025-10-01,470552.782776523,247446.29492376,106685.7408,73902.4976,15.5555,2.12,4.25,3.41409090909091,38599.28,115.484549,192.028747319219,217.057443455417,89960.76524,163534.94031558,525748.900702141,712922.060964972,4.25,116.070864284663,123.17391304347827
2025-11-01,474468.883319198,249857.81532956,107487.5164,74421.5588,15.7477,2.0993,4.25,3.37285,38978.53,115.612485,190.919048081582,215.534038158327,90898.183584,170252.34355084,534918.802279118,721826.606485991,4.2478,116.22026573976,126.1
2025-12-01,479089.326795198,252432.68059628,107850.7452,74632.2836,15.8871,1.9771,4.25,3.36673684210526,43464.77,115.894705,193.429031752229,242.172683467382,90214.4843,178926.59494124,550978.611985871,737697.228515904,4.2411,116.492958303908,126.78260869565217
