fecha,Crédito SF sector privado,Crédito empresarial,Crédito consumo,Crédito hipotecario,Tasa activa TAMN,Tasa pasiva TIPMN,Tasa referencia BCRP,Tipo de cambio,Índice BVL,IPC Lima,PBI desestacionalizado,Demanda interna,Reservas internacionales,Liquidez M1,Liquidez M2,Liquidez M3,Tasa interbancaria,IPC Subyacente,embi_peru
2007-01-01,-1.6307581497482726,-1.8329238900254143,-1.5557814979886624,-1.614621822853512,2.089817670290737,1.034492342232353,0.34550358751057514,-0.11702267551232542,-0.9565156341647176,-1.5674602977256291,-2.007154997399018,-2.07964752264854,-2.4513538721081676,-1.4364252726206432,-1.6649407871788584,-1.612077830294077,0.32040201042270355,-1.580686741756357,-0.9324243506664952
2007-02-01,-1.6240017153767115,-1.8261401682440699,-1.5479545486496118,-1.6088140421879418,2.035750898665698,1.131848187448156,0.34550358751057514,-0.12255318231901281,-0.6943644842249942,-1.5569919403308243,-2.0027612085166036,-2.210933935383661,-2.4345365920263213,-1.4285528584273381,-1.6409077548325843,-1.5940981196839037,0.3259603122181455,-1.5702958569521492,-0.8570627806216206
2007-03-01,-1.6098664972704035,-1.810140129999133,-1.5382594286514186,-1.601800126806228,1.9846878365753826,1.1040322316722126,0.34550358751057514,-0.13433407595060587,-0.34837805460831234,-1.5428814553583226,-1.9451364545138876,-2.0001044043778626,-2.4174338991766944,-1.4045430142998474,-1.6114737036533733,-1.568835609197444,0.3426352176044698,-1.5567908818526428,-0.7784630053882875
2007-04-01,-1.597836393142008,-1.7946802553494943,-1.5288374744472417,-1.5942973008094563,1.7988583400270899,0.9371364970165507,0.34550358751057514,-0.15274604483782317,0.2602641403353306,-1.5356477983681658,-1.9596846316682988,-1.9242531612271245,-2.3424584343531625,-1.4044502583086664,-1.5769527173855236,-1.5343093167159538,0.3426352176044698,-1.551614138926788,-1.0101698192996156
2007-05-01,-1.585169802354333,-1.7853462925506354,-1.513015962439835,-1.5865665367438446,1.6032167256653833,0.9649524527924943,0.34550358751057514,-0.17981221043535675,0.16603240117336707,-1.5156464779785241,-1.8444916537418157,-1.6566857847317917,-2.250455964325638,-1.4131116078625947,-1.5616959625180786,-1.5151997983092738,0.33151861401358695,-1.548115705369584,-1.1438524359088922
2007-06-01,-1.5750317714467739,-1.752285663566024,-1.500297589995906,-1.5781463560743747,1.6873205926376669,0.9788604306804659,0.34550358751057514,-0.17308190359829925,0.552512487480981,-1.4964531162558463,-1.8800411060131548,-1.8983130753824287,-2.235359737553982,-1.4016355907985847,-1.5343761942131284,-1.49598036506522,0.3481935193999112,-1.541334948980737,-1.237809097518629
2007-07-01,-1.5656182156309344,-1.7390330593152405,-1.4914351744793442,-1.5705932911113196,1.9451590190984098,1.0340751028957142,0.48492804406351525,-0.19643801085629833,0.7343589373195213,-1.4769292992592709,-1.856294345442923,-1.8609992983718258,-2.1293756859630433,-1.3784888889237663,-1.5088808031839296,-1.470396574027236,0.442684649922418,-1.5321671228733165,-0.8264171103924183
2007-08-01,-1.5574957861839838,-1.730950584490896,-1.4780124503161738,-1.5620567871417301,1.823941317115072,1.0551317814181032,0.48492804406351525,-0.20329401102987113,0.28989819739132655,-1.4712817380295393,-1.8398571346472912,-1.8086361030887412,-2.0861320043572507,-1.3748476416848894,-1.5274520400495324,-1.474214673723668,0.48715106428594995,-1.5196345205389543,-0.16698301155164752
2007-09-01,-1.5475432056312923,-1.705540118017847,-1.4667693892498288,-1.5538541425622792,1.7258681983332862,1.2222500437199728,0.6243525006164553,-0.25911899244325176,0.4587680823573765,-1.4459809538761876,-1.8276458062372303,-1.9380920271766788,-2.1590635747050064,-1.382078733397185,-1.507655545480595,-1.4613354045310765,0.5983171001947811,-1.5119561892899658,-0.3847897746200019
2007-10-01,-1.5432219830526692,-1.6926416939590936,-1.4537194597059946,-1.545594565008144,1.791675469293062,1.2884242025109427,0.6243525006164553,-0.551007486499941,0.436791390989223,-1.432930388522707,-1.7845621457636516,-1.7393426124510343,-2.037972903012253,-1.3632455461783504,-1.478049818115829,-1.4450476920867217,0.603875401990223,-1.4977871945337273,-0.6701101838911822
2007-11-01,-1.5113616801117884,-1.6374649069342149,-1.4405539827661686,-1.5370917664854256,1.7272699294495013,1.3789790465395269,0.6243525006164553,-0.5984281543672132,-0.15773885446064437,-1.428302402711219,-1.7269915933952296,-1.7057026187226567,-1.9523710212020744,-1.3530314587822438,-1.4849031797919316,-1.4478642584011265,0.6094337037856644,-1.4734870368934452,-0.06214856188908451
2007-12-01,-1.492536319523649,-1.609872942260281,-1.4252565188571742,-1.5331044516614432,1.649609019429202,1.281692741213164,0.6243525006164553,-0.6492711089877881,-0.2840966211868119,-1.4093910921769215,-1.6954167302352576,-1.6707238190314304,-1.8736228500425505,-1.2852374321667983,-1.4672978336741282,-1.4281155127560887,0.6094337037856644,-1.4594095942709369,-0.07527885254497749
2008-01-01,-1.4921993235226858,-1.5953277469880094,-1.4154802975874043,-1.5262948223243467,1.9419570647343931,1.141263888478313,0.7637769571693954,-0.7258354909262494,-0.7186897109056684,-1.4000815223204894,-1.6659783861087332,-1.8139222075755328,-1.6946667445477883,-1.3118461688038592,-1.4779038802846067,-1.4456207228746112,0.3037271050363793,-1.448926780833474,0.2623235072964739
2008-02-01,-1.4916922577629657,-1.5858590322232389,-1.4045534372039248,-1.5181393436110588,1.9643869031682952,1.1294502602260976,0.7637769571693954,-0.8385024271120787,-0.24224983487873294,-1.3619691931730216,-1.5877867229663183,-1.7988254732958449,-1.602515523169598,-1.2830816562595393,-1.426997200277124,-1.4172748751721573,0.6261086091719887,-1.434049339476917,0.4922494169458731
2008-03-01,-1.5024559802298822,-1.575379336393172,-1.390216994812587,-1.510082601600421,2.12227710719226,1.1583182097903733,0.7637769571693954,-1.0762612962895484,-0.3078273694660828,-1.3177942187322675,-1.5899719213937036,-1.6663664749487221,-1.5279233227173905,-1.2533190143590855,-1.4075115578071407,-1.4163545277011318,0.7317163432853784,-1.4112185339706456,0.704189434598058
2008-04-01,-1.473729870933514,-1.5565267200764696,-1.3755486714685936,-1.5004529205431096,2.1079400511502313,1.1350933822886782,0.9032014137223355,-1.234779237145003,-0.30048798059759624,-1.3111870834483914,-1.5271448647996293,-1.399162819313954,-1.4076255652806375,-1.2477164613575071,-1.3757082090134758,-1.3802584206503214,0.8206491720124433,-1.3943446411494593,0.04200175991676184
2008-05-01,-1.460275952674117,-1.5407734813454061,-1.3551981508269921,-1.4917589370807203,2.034399229375072,1.3310104308039121,0.9032014137223355,-1.0922045037107477,-0.35218513576613575,-1.2953328424147352,-1.5616846138373712,-1.4062485718622446,-1.45258634740365,-1.2511523553126038,-1.360127874975262,-1.3685038884360612,0.9088927713168734,-1.3747457075389156,-0.40532012582489496
2008-06-01,-1.4273256468208932,-1.5194607581819521,-1.3383397066576812,-1.4816991378845945,2.0823985077399683,1.5180263739344388,1.0426258702752755,-0.8733972914876041,-0.49679891944702376,-1.26218849188291,-1.4902391786533333,-1.3158413363452264,-1.4138934439289794,-1.2277217845932094,-1.3613509700444324,-1.3553063751377066,0.9930121106890859,-1.3516393294826043,-0.30919783499072256
2008-07-01,-1.4270735209872638,-1.4869995691564575,-1.3294781775222226,-1.4708629697787852,2.0734426083430098,1.4916610383325823,1.1820503268282156,-0.981972392649216,-0.9337612820970537,-1.2380819587607428,-1.4884307206509264,-1.378752554004553,-1.4535756845376808,-1.2275693801837448,-1.3982269199053157,-1.383067913359294,1.1211921083937633,-1.3347326435530615,0.3103427673345777
2008-08-01,-1.3993921154526343,-1.4746471955201212,-1.312550165057574,-1.4597954720933561,2.126928501592258,1.6208665979671328,1.3214747833811558,-0.8716615263643079,-1.0163713141385617,-1.212313566961691,-1.502330049772182,-1.5844775422041448,-1.4491796605990688,-1.2263734946003086,-1.3986441882823435,-1.367230913203546,1.2866749811080083,-1.3110994046158344,0.2677499908402253
2008-09-01,-1.3831900183158583,-1.4542088655336534,-1.2960327712588362,-1.4500532476889054,2.2650340598163177,1.7099564683248551,1.4608992399340959,-0.6868134232716147,-1.3687380177610016,-1.1874151053877402,-1.463067475552739,-1.3866697461074826,-1.461848477812081,-1.2304328189927063,-1.440179162964779,-1.3832981765753183,1.4098291623292474,-1.2959567820960454,1.2573386086152
2008-10-01,-1.3458643414359963,-1.4088672757315337,-1.2807815890389065,-1.439304585669482,2.186032494107029,1.7940487386281578,1.4608992399340959,-0.4120020829806149,-2.0934106453413186,-1.1603479079417172,-1.474468854508898,-1.3050028998112884,-1.6244257608965078,-1.229237311427056,-1.511142162190811,-1.4188314996571796,1.50515403812107,-1.2716911136317126,5.298612168307741
2008-11-01,-1.3230282167787601,-1.3742052631527508,-1.2672722071496483,-1.4323721159936897,2.0262381505692253,2.0391073090142204,1.4608992399340959,-0.369945600434342,-2.0328464300634765,-1.146622103356485,-1.4709342275715611,-1.5298760376119813,-1.6809494345544704,-1.2278252307761024,-1.493049876647742,-1.4150400485947514,1.4738052159947796,-1.245951307849943,5.0335745211123575
2008-12-01,-1.3079351605621816,-1.3610071046145453,-1.2922689438502692,-1.3681112303081029,1.8708382340807235,1.960040454721101,1.4608992399340959,-0.3149268338561949,-2.0945114672648475,-1.130572723558104,-1.514054493448376,-1.311099075881618,-1.6676979591752465,-1.1855625707499386,-1.4676761271879504,-1.3933610050049041,1.4684136632532017,-1.2285225174834462,5.668432141138511
2009-01-01,-1.2958295091738412,-1.3601594921405369,-1.2889663446252881,-1.3631322915375639,1.8421558117336407,2.0107489421006464,1.4608992399340959,-0.22103391147901447,-2.1192721839372473,-1.1258428697590634,-1.4769954788223822,-1.6621078623698153,-1.7321726425326083,-1.2246451121991921,-1.4810716887862707,-1.395135064577855,1.489551084585807,-1.2133038420602353,4.684558550629169
2009-02-01,-1.2833041982445506,-1.3593576284260196,-1.2827710400841879,-1.3582537433813784,1.8308558564640074,2.299130863607742,1.3214747833811558,-0.007355239402432513,-2.159653511860472,-1.1291904533270534,-1.501738346853729,-1.8725994744945982,-1.7724282654269436,-1.2083339169414213,-1.4777891440606785,-1.383831124612857,1.413026692161413,-1.1930934104762534,3.9612757762465534
2009-03-01,-1.2927249759167403,-1.358804517009386,-1.2827687095242726,-1.3523927865767282,1.7574722288211557,2.1439873702674164,1.1820503268282156,-0.1615866766405895,-1.716226196595182,-1.1130784750906064,-1.547603654385327,-1.7139291346295222,-1.6833417266926887,-1.2191169309073868,-1.4532854060308542,-1.3700176415767997,1.2112995285728445,-1.1725216021011975,3.7891654962551655
2009-04-01,-1.309203974742925,-1.358683243927597,-1.2800379053290247,-1.3478435770141857,1.551153428300005,1.777178361450048,0.6243525006164553,-0.38720050235268605,-1.5880780821252534,-1.1122250676292,-1.5140036110192774,-1.514592625011914,-1.6745638722265301,-1.2323532557782568,-1.441783402708349,-1.3723816201397334,0.7975822195613608,-1.1657300527260468,2.986683520326665
2009-05-01,-1.2987897407703861,-1.342937926250174,-1.275910920984887,-1.3416511241668054,1.1794984401494848,1.274961279915386,0.06665467440469496,-0.6158995281428862,-0.9982518198399778,-1.1141559473474851,-1.460916396076188,-1.5345418046370292,-1.6681280209859861,-1.2228385469162057,-1.4080457791941197,-1.3408065392932935,0.20653463984128795,-1.1582048669245766,1.8573001232316126
2009-06-01,-1.2893501544879877,-1.3430384776456101,-1.2670999870864637,-1.334684001052116,1.1708838012038958,0.8087241371769069,-0.4910431518070654,-0.624883609005267,-1.0557244018035457,-1.1293956669476846,-1.6019492096200112,-1.64016196163721,-1.6915036627710147,-1.2017956094877238,-1.3964322560220739,-1.3299901803786351,-0.4239657660228288,-1.1512925850712532,1.2933041873682982
2009-07-01,-1.2847337601695519,-1.3253013039431216,-1.268017604239363,-1.327233331593698,1.1373503879582323,0.25609063579834745,-1.0487409780188257,-0.5695186869686161,-0.877325581066166,-1.1210458054768104,-1.5426338311242804,-1.600642057560957,-1.6152739712348387,-1.1909421696803322,-1.3629580666576928,-1.3000235647426241,-0.9190992899607618,-1.1476107572792003,1.5688774035571171
2009-08-01,-1.2881850549174412,-1.329611263941676,-1.2624039063059587,-1.3187697193784962,1.0309619999478288,-0.2096040958025009,-1.467014347677646,-0.7252587163084645,-0.9009388161730667,-1.1303395242266088,-1.4679466350194232,-1.5951505687347025,-1.6231468934634197,-1.186224768934221,-1.3516756328953254,-1.2979058059959807,-1.4249047533459431,-1.1423406245881969,1.0048302744528241
2009-09-01,-1.293866917947609,-1.3392378884056413,-1.2532257081242357,-1.3077842141495968,1.0185957277933682,-0.4842588431341683,-1.467014347677646,-0.8280470268473711,-0.6954946844416153,-1.1342382248015204,-1.4561114808264155,-1.564709238644636,-1.6128545872394222,-1.1876876907171747,-1.319317435725676,-1.275059368302177,-1.4954396031300963,-1.135007997772937,0.7740511441204451
2009-10-01,-1.2839958236466573,-1.3253477049006177,-1.245388805783508,-1.2972354088139582,0.9385258427262202,-0.8843635510153411,-1.467014347677646,-0.9232825825918756,-0.8563252859096191,-1.1287595629340004,-1.4127236661532891,-1.4320364332927782,-1.5664540108789793,-1.1683564525331955,-1.3063947242422074,-1.266952288162009,-1.5234423275755309,-1.1359072735951572,0.2630402126701769
2009-11-01,-1.2683006663212935,-1.294091457937714,-1.2398056945083482,-1.2844225556732976,0.9125647812175972,-1.0711755100065785,-1.467014347677646,-0.8912936284486458,-0.8709349382510813,-1.1337726321269979,-1.3725068510108345,-1.4063748946412535,-1.5366198166223286,-1.1423447288607742,-1.2782769464427808,-1.2445278252306877,-1.4866005960739281,-1.128874980385742,0.18611383589271735
2009-12-01,-1.2580125013385437,-1.2787739054145477,-1.2321903015512117,-1.2758007679161845,0.9466628918557879,-1.210519540466168,-1.467014347677646,-0.9089568499484652,-0.8643334629796848,-1.1196035338816601,-1.3489791808321132,-1.2195134675894532,-1.5538397998211337,-1.091203857490225,-1.2496889468642352,-1.2171817310487036,-1.4736288268847837,-1.125765803032707,-0.006441007842166604
2010-01-01,-1.2522483234678516,-1.2745812826445622,-1.232706257856291,-1.2671378829330466,0.9560614989899412,-1.3652165877162896,-1.467014347677646,-0.9618075902339176,-0.8171035364961082,-1.1063393368057193,-1.3389536611016897,-1.4833487450911838,-1.482954692028742,-1.089358492794666,-1.2608907555508322,-1.229087294246486,-1.6083287125955144,-1.1162657538607548,-0.01091188422098069
2010-02-01,-1.2418976278110498,-1.2555642905747406,-1.2290081956042993,-1.2614194493581594,0.891445699478949,-1.4387077336741214,-1.467014347677646,-0.9680294103914416,-0.892826951009733,-1.0918404101664123,-1.2942905377166174,-1.636800893247409,-1.4437704645738783,-1.0834846967918,-1.2477207633191165,-1.2154047575683387,-1.4886918247504302,-1.108644764552553,0.3446371194662679
2010-03-01,-1.2273210600979798,-1.2292102989746523,-1.2236399554878508,-1.2470579143738625,0.8096546888484042,-1.4832967107829589,-1.467014347677646,-1.004964124080183,-0.6981214494710716,-1.0791752864115365,-1.237483868445368,-1.2065496234288073,-1.4285619560467553,-1.0573317881533808,-1.203591133224306,-1.1865277261354925,-1.4790203796263621,-1.0938702807976086,-0.3497428818459229
2010-04-01,-1.2091958492765764,-1.2083592957728362,-1.2136990009701327,-1.2330212380019068,0.7813026745501404,-1.569540081666272,-1.467014347677646,-1.0035377779571089,-0.5748605004638417,-1.0780284095917136,-1.1917701516756585,-1.1303649880220703,-1.441455068551941,-1.0624487115606598,-1.1927998605885362,-1.1764290622303433,-1.4862128221496633,-1.0836389494079255,-0.5806523222462483
2010-05-01,-1.1945948891246345,-1.1727184925691907,-1.2014690889549304,-1.2184329628554424,0.7169271718019267,-1.5209873308593624,-1.327589891124706,-0.9893344309308426,-0.8090141370863161,-1.0672676574897941,-1.1523317465823943,-0.8912222136299234,-1.4672261040567254,-1.042428002614502,-1.1980200548203959,-1.1779054263330715,-1.3603728695008668,-1.0774110157187675,0.3745049626946593
2010-06-01,-1.1836545663994833,-1.1524588853687616,-1.1886799294846413,-1.2098861049214125,0.7003016395272268,-1.4414476053180518,-1.1881654345717658,-1.0080627380716725,-0.8958183525005149,-1.0558922944001385,-1.0794719848427283,-1.1011633725041419,-1.4242896938517813,-1.014891113415558,-1.1931235507518314,-1.1664846564045492,-1.263714001278138,-1.0714404240010609,0.4578537642494579
2010-07-01,-1.165337455812159,-1.1202583826593087,-1.1913888520623503,-1.196777900454744,0.4242607332860538,-1.3568453758255195,-1.0487409780188257,-1.0463595130763679,-0.8456384997634636,-1.0393464257024436,-1.123656495266276,-1.0232805397224451,-1.2309118678011635,-1.0125875413934473,-1.1546492046935763,-1.1280793310128878,-1.1080815510057749,-1.067933274274753,0.1274200094553698
2010-08-01,-1.168195275583952,-1.1752173815229996,-1.0920966928575742,-1.1787805234823154,0.3871048463415131,-1.1190189539412014,-0.7698920649129456,-1.098627779729676,-0.6939168972890539,-1.0270949531427234,-1.1086021857202095,-1.0572491174934058,-1.1387665689225765,-0.9946153685219319,-1.1221535694572062,-1.1148115853988216,-0.8429505553632128,-1.0571760820932752,-0.37010382996248664
2010-09-01,-1.166801953986034,-1.1846694377959783,-1.0808438706375434,-1.1621561457504583,0.46622255548615416,-0.9432221134372377,-0.4910431518070654,-1.1272543010893732,-0.22489590433544404,-1.0285592998666038,-1.041181309007687,-0.9827317406577082,-1.0060556316567648,-1.0026001373128985,-1.084468611830529,-1.080860731395578,-0.6406283700091403,-1.0509190364520884,-0.19926733088527074
2010-10-01,-1.1547104150044498,-1.1725604300844938,-1.0726658078080853,-1.143361569332809,0.5772997340802631,-0.8166595146566943,-0.4910431518070654,-1.1251460810359872,0.009019249672513675,-1.035040880057253,-1.006520077963334,-0.8546167565337521,-0.9772065997070655,-0.9814093049908232,-1.0436564112937505,-1.045466012313407,-0.5272390133821327,-1.0430756604414382,-0.3610053948612566
2010-11-01,-1.1304066904081842,-1.1446217634872835,-1.051574093598125,-1.123927799413028,0.5783510324174164,-0.8124871212903025,-0.4910431518070654,-1.08964968426427,0.2913221805388741,-1.0346798419985237,-0.9967614210170214,-0.8954728277953783,-0.9097611371162225,-0.9476232584886713,-1.0195956574092981,-1.024642002151958,-0.5111199381753521,-1.0409964234884397,-0.451775665047647
2010-12-01,-1.1112341543505126,-1.1175137922127143,-1.027352929234,-1.1070889011959888,0.5828565967195031,-0.8681190328421898,-0.4910431518070654,-1.0643105061624192,0.7268242692087131,-1.026528701463364,-1.0416853879362715,-0.74341675125353,-0.9097210441548729,-0.8785182981251848,-0.9608568082530426,-0.9684686427451495,-0.5083963702955859,-1.0307119317394955,-0.36909392693590526
2011-01-01,-1.0983215459643805,-1.0994477130063294,-1.0187397794094426,-1.0915982909084163,0.5666365652319907,-0.7804987721479676,-0.3516186952541253,-1.1362759267145959,0.6426364500146436,-1.0086643251782472,-0.949659194934984,-1.022269589094952,-0.8858948354573873,-0.9277732854424817,-0.9849179226145832,-0.9916920156916051,-0.37955493467725065,-1.0222019860253744,-0.5517514107482228
2011-02-01,-1.0871418015627028,-1.074294704334802,-1.005081845249547,-1.073350456339686,0.5368998408382191,-0.608039846337117,-0.21219423870118523,-1.177811589036039,0.634954890438372,-0.9911029557818111,-0.9510594671844763,-1.219968925750782,-0.7827312281864891,-0.9218237169470269,-0.9772251118129994,-0.9814200953539598,-0.281673240059525,-1.0124836095632896,-0.5430383211336333
2011-03-01,-1.0526414107841786,-1.0348471479032941,-0.990357996731218,-1.0464349626364031,0.5591873655858745,-0.5379436377817391,-0.07276978214824513,-1.1555228815152023,0.4819337305283373,-0.9587127417978185,-0.9103176449508429,-0.8930151460896735,-0.7910192837987474,-0.8934082461811237,-0.9692069664614662,-0.9681922270064236,-0.11942641065058612,-0.9851095992144663,-0.3669438108147958
2011-04-01,-1.0252653197596977,-0.9849817060866362,-0.9772258782438772,-1.0257372110321001,0.5164746160020938,-0.4679865090052409,0.06665467440469496,-1.0644196609020218,0.08078696342796406,-0.9270958737535941,-0.8508546003048635,-0.6912130640808951,-0.7683733305280618,-0.8875030436406404,-0.9967477234647537,-0.9771193893008715,0.04170875839926432,-0.9665952142015763,0.22850183942315405
2011-05-01,-1.000147764626182,-0.9304891125725984,-0.9557037692126746,-1.0039399409844108,0.510647419504728,-0.16966038330824607,0.20607913095763505,-1.1666817433574306,0.41429107475006555,-0.9282041079038522,-0.9065882650696483,-0.7312418326590517,-0.7804300004015388,-0.904353072370145,-0.9861627920277055,-0.966717880915809,0.18911492201437405,-0.9505937813959356,0.13491283836226498
2011-06-01,-0.9894453572068633,-0.9137601771090769,-0.9346399908832935,-0.9843283413907878,0.5372002117916919,0.07066947459590685,0.20607913095763505,-1.1940350075420187,-0.0501088855135669,-0.9235703458416431,-0.9301996746401013,-0.8834103858878967,-0.7308348920113533,-0.8991861968171642,-1.005521008624262,-0.9779227380881451,0.21312678577068186,-0.9355349912642924,0.2195818050101836
2011-07-01,-0.9739225530952403,-0.8910691351682775,-0.9361694622733032,-0.9703209886474858,0.5248850026993217,0.06941775658598984,0.20607913095763505,-1.2512396515968558,0.4829032142003926,-0.886472487518752,-0.8339426982702604,-0.8469648340444748,-0.7001877796581916,-0.8556920338176665,-0.9539936017453781,-0.9435320456872208,0.20356650668252246,-0.9236941181608851,-0.13493604269892587
2011-08-01,-0.9619873293625304,-0.8796630483864736,-0.9122444279009625,-0.9516955620166149,0.560629146162542,0.13005654017754642,0.20607913095763505,-1.256103574192845,0.2641230655397885,-0.8739377100108017,-0.8343435006246621,-0.8476903530776644,-0.6507694579233236,-0.8239536984063963,-0.9479538829572267,-0.9386033843124064,0.18689160129619767,-0.9121201789471297,0.3382942769089961
2011-09-01,-0.9509648037989897,-0.8762406208476989,-0.8957008569114342,-0.9295136339693728,0.5780506614639436,0.1767873458811321,0.20607913095763505,-1.2448918374010407,-0.1451010040261627,-0.8581372015420035,-0.8191920894438498,-0.7672007242295376,-0.6770445351266073,-0.842829859413113,-0.9874585522692507,-0.972277224914465,0.21034763487296115,-0.8973583814988876,0.96287043257421
2011-10-01,-0.9428122610039656,-0.8509641305199303,-0.8807074646040068,-0.9092399918541179,0.666149462117411,0.21976299755496487,0.20607913095763505,-1.2750982314991415,0.07964812253690377,-0.8432010709332731,-0.8180745497997107,-0.7830181563325034,-0.6401352541167644,-0.819984046985032,-0.9478476271899485,-0.9394556572316668,0.20829106320864763,-0.8842366442566179,0.8721715226631234
2011-11-01,-0.9263358315533842,-0.8346139745520491,-0.8586960518311251,-0.8845862877007266,0.6176996273223061,0.20043090829068402,0.20607913095763505,-1.3426524144793224,0.1284143609357345,-0.822670440002613,-0.7764048676926065,-0.5963071394961995,-0.6193753212548496,-0.8296682815172456,-0.9397624016446615,-0.926523679142749,0.20117643691048223,-0.8705049900065867,0.579237592541164
2011-12-01,-0.903447086431151,-0.7950159196263857,-0.838051120514844,-0.8630164385965962,0.6213040787639755,0.05829137427561237,0.20607913095763505,-1.3644959632361895,0.05270304336632433,-0.8097227725108411,-0.6467374072621641,-0.4639675087782806,-0.6331174742439735,-0.7416569473462686,-0.8979347893504889,-0.8946030824446579,0.19378389552254544,-0.8636990231751155,0.6144538884035724
2012-01-01,-0.8884962954663556,-0.7798746464559163,-0.8298952067719096,-0.8446670134769881,0.671886547328734,0.05328450223594246,0.20607913095763505,-1.3735561073252336,0.4803058274640293,-0.8145784052887972,-0.7141790606345587,-0.9431719937435399,-0.5148809301728355,-0.7664103686834262,-0.854041707733081,-0.8626880377600806,0.18633577111665334,-0.8532503916127276,0.6654051249704613
2012-02-01,-0.8809577880815144,-0.7845476754578559,-0.8153202510993102,-0.8277126163758406,0.5903358334609665,0.103214142853761,0.20607913095763505,-1.3965209872717346,0.6152178618848073,-0.799023588972826,-0.7139524434309392,-0.984376455124845,-0.36893546895948987,-0.7757048188762734,-0.8222736827326752,-0.8412765651424929,0.18611343904483568,-0.8381142692135004,0.3329019221925638
2012-03-01,-0.8635914146863649,-0.7589209369239016,-0.801480666666859,-0.7996827685409487,0.6671106491685227,0.13089101885082524,0.20607913095763505,-1.4280041753704142,0.7678588321195265,-0.7622318719382315,-0.6247921504546736,-0.6466267157454749,-0.22368680526807014,-0.7520128398840126,-0.7938006799567154,-0.8243863364662352,0.1981193709229896,-0.8085584473929726,-0.22174581760595719
2012-04-01,-0.8564700285029134,-0.740899633987821,-0.7906468889735293,-0.7789924009860741,0.7275452850071777,0.01823639795825304,0.20607913095763505,-1.4631284799633884,0.6064354803850073,-0.7365064661910686,-0.6961212410833797,-0.5163347667123717,-0.12383637493732494,-0.7391663621466072,-0.7762515631816991,-0.8192183010987404,0.19311689930709203,-0.7909948972932275,-0.245615829695067
2012-05-01,-0.8225661754728875,-0.7191966368502368,-0.7664598318379179,-0.7529776333009843,0.7654821364307471,0.04160180081004619,0.20607913095763505,-1.4323463088136745,0.3160448782437425,-0.7345962287331165,-0.5673213486722213,-0.2628586912395388,-0.15951010283902015,-0.7353254487865158,-0.78055893783028,-0.8156984878726183,0.19417297664822591,-0.7750653352624017,0.024377323227064276
2012-06-01,-0.803175020116997,-0.6836628622458872,-0.7484659195169614,-0.7278998013113439,0.8482944083030991,0.0688614374704704,0.20607913095763505,-1.429072568730797,0.1794530967120226,-0.7363823439662386,-0.5505095457250309,-0.5354129344592534,-0.13937579440599002,-0.7210178617687942,-0.7717026653113088,-0.8086235290360682,0.18755859751165058,-0.7652767141232236,0.15471531475905995
2012-07-01,-0.7933646329120593,-0.6547091567140072,-0.7436370744433096,-0.7024715318677616,0.8039296184752196,0.07970966022308845,0.20607913095763505,-1.5183836697221311,0.07928002980580218,-0.7319858111778882,-0.530488772517919,-0.340426650693989,-0.09504120420640845,-0.6869399831860342,-0.762554432856016,-0.805635437967959,0.19578488416890416,-0.7557001992496917,-0.271198488391467
2012-08-01,-0.7836171124822242,-0.6368050794166077,-0.7256116433452025,-0.6755615713790584,0.7852465451692335,0.001685904271566871,0.20607913095763505,-1.566326699507385,0.1975121062895336,-0.7072265169469272,-0.5028028738412824,-0.3636714133463627,0.010143505791026068,-0.6621974019542253,-0.7430998771628033,-0.7898998393651521,0.18094421837507524,-0.7428001258854127,-0.7568315341092503
2012-09-01,-0.7668703393016817,-0.6113500378438516,-0.711307971934564,-0.6477417929740222,0.7532570386244185,0.036873088328135684,0.20607913095763505,-1.5994498863777424,0.43307935725022845,-0.6806621667537291,-0.46866283758800326,-0.4533866052238071,0.09171548770633642,-0.6759140387036452,-0.7050908581036771,-0.7631292480216555,0.18922608805028313,-0.7337260752077658,-0.9073396625868888
2012-10-01,-0.7582841929718088,-0.6041015836659387,-0.6968662472280721,-0.6301136346628705,0.7628689091355366,0.02950186004751051,0.20607913095763505,-1.6376606606784951,0.28007375055418327,-0.6886998867998988,-0.4851474618183247,-0.2804905494917085,0.13537864938117086,-0.64696838635592,-0.6764057440572424,-0.7504919312741007,0.1921164049839129,-0.7273082517273193,-1.1703705347359048
2012-11-01,-0.7460040084217863,-0.5876780932836251,-0.6820381454291552,-0.5989143430825954,0.7460481357410796,0.022408791324644742,0.20607913095763505,-1.6099452799767973,0.15136399224571967,-0.6954541597572182,-0.4853361543764234,-0.35870848642330105,0.21237332370772996,-0.6378421840874663,-0.6459553903884854,-0.7218757473449244,0.19695212754594663,-0.7173130544269943,-0.9245731690727483
2012-12-01,-0.7281856414373225,-0.5594038522977993,-0.6642365642675802,-0.5746011043131952,0.6885871723418022,-0.07814588880539115,0.20607913095763505,-1.689725633848525,0.2524132235400547,-0.6827571994576669,-0.47474935548377284,-0.15348603406054886,0.25793062597874333,-0.5518819780939119,-0.5855782394167758,-0.6740226504653795,0.19472880682777025,-0.7086805613229931,-1.0195893756397127
2013-01-01,-0.7258617290589361,-0.5756740342409908,-0.6607628489210796,-0.5573726215395355,0.7866883257459011,-0.06785398516829191,0.20607913095763505,-1.7273828496167507,0.3916905266874161,-0.6770795032144774,-0.3997688719760167,-0.3179382997262683,0.43549876184575753,-0.5805557282365889,-0.5563861433187931,-0.6554070263095919,0.14353684729175342,-0.6944704501172723,-1.137402087545565
2013-02-01,-0.7171558268674307,-0.5703506179510471,-0.6525102197097796,-0.5456441708483062,0.7441557987342033,-0.08217920239290284,0.20607913095763505,-1.6616614725142114,0.2493596091933122,-0.6815119476789607,-0.3821654624926003,-0.5458327921629745,0.4715302002524622,-0.5320307153742074,-0.5293943979520288,-0.6368054720291237,0.17077252608941723,-0.6843678137274131,-0.8570627806216206
2013-03-01,-0.7039748545594198,-0.5485114504411509,-0.6509176203313837,-0.5251469580366221,0.686514612762842,-0.19344302549667738,0.20607913095763505,-1.62170422237978,0.11927771178393555,-0.6367931097155897,-0.3519006524793433,-0.43446981148524777,0.48848898684474096,-0.5575767197690717,-0.5172958284745414,-0.6247589193989646,0.1927834011993658,-0.6415804827766709,-0.6388823068941214
2013-04-01,-0.6794022250802685,-0.5384468833229598,-0.6378574328032411,-0.5023971513672053,0.6899989158231227,-0.1629845539220191,0.20607913095763505,-1.6127733800483992,-0.31379807550343264,-0.6242615561615344,-0.36459105086334226,-0.08170514040309584,0.5082684736071478,-0.5526248891848586,-0.5130872158555077,-0.608550490758662,0.17060577703555388,-0.6269527869316474,-0.766474479137255
2013-05-01,-0.6590314124191247,-0.5347426948169708,-0.6195268753851337,-0.47994392410791803,0.6465953130463548,-0.17007762264488485,0.20607913095763505,-1.4949073103976094,-0.5390207110257557,-0.614625337087881,-0.3353639239497315,-0.020142374401613383,0.42080456012526274,-0.5655927869423181,-0.5221889951207858,-0.6150140288016079,0.20045385767707505,-0.6146081528708762,-0.7467976588774079
2013-06-01,-0.6184376970928546,-0.495830533724582,-0.6005386071416537,-0.45839782114855676,0.6052943069438944,-0.14949381537068637,0.20607913095763505,-1.2356933705014899,-0.6254447367646386,-0.6015684581580303,-0.23907302832484004,-0.18107360586930157,0.4159526559105686,-0.5560845606869612,-0.5462839212372235,-0.6172485772169581,0.20395558780820344,-0.6014289944816505,0.012480014023594005
2013-07-01,-0.5953233313564998,-0.4692749660223582,-0.5996677185023837,-0.44543168840879144,0.5053008165329183,-0.13781111394479012,0.20607913095763505,-1.1622525495944855,-0.699942903642813,-0.57414205851591,-0.2533757473036508,0.0144960840304589,0.4706775472787172,-0.5227959492038525,-0.5175841629766761,-0.5808961404222188,0.24086271172993523,-0.5849479589046206,-0.05517697325397342
2013-08-01,-0.5646152646361866,-0.4226924966117163,-0.5862716118150098,-0.4278674157407127,0.3983387200013829,-0.1535271289581987,0.20607913095763505,-1.0993460273668973,-0.43488848709158495,-0.5468454677950682,-0.20782354225988434,-0.2386680514122533,0.4131621511057117,-0.5282101890154939,-0.5373799446946945,-0.5806329921626622,0.3460257816996891,-0.5695890405340598,0.1896104893826015
2013-09-01,-0.5546746381845785,-0.40438130659367044,-0.570176814377729,-0.4101915600129708,0.23782048246571016,-0.11055147728436591,0.20607913095763505,-1.157583939952484,-0.5614760957578302,-0.5413464323300425,-0.23741502403890527,-0.18501510336011687,0.4186858390778368,-0.5509279105911812,-0.5426665352937836,-0.5806118849549058,0.211292546178186,-0.5583935292520357,0.071509233754869
2013-10-01,-0.5407661858106534,-0.3787074301285829,-0.5535687328088714,-0.39638874716418016,-0.043687175128661354,-0.11541926954515581,0.20607913095763505,-1.1813459659509138,-0.49195322922163215,-0.5394095972524814,-0.17716164744874674,0.013864319392560833,0.3988298862784191,-0.5524692696101464,-0.5183543989910943,-0.5656733498816209,0.19723004263571906,-0.5469454513741433,-0.10176282254467077
2013-11-01,-0.5071128395687516,-0.3398903970275897,-0.5355189913671494,-0.37487875090838446,-0.12773096791024963,-0.13002264632752614,0.06665467440469496,-1.1084288672794076,-0.6857825663721789,-0.5504584006791966,-0.10105551088680237,-0.03374477609649346,0.3922662807536066,-0.5377213957750455,-0.508109102585297,-0.5496619846442481,0.16087874889353113,-0.5370527256749479,0.07229419678321025
2013-12-01,-0.4874304860115357,-0.325149522769524,-0.5121945903669542,-0.3661096847357748,-0.2751530318745235,-0.21764290702174877,0.06665467440469496,-1.1407949014321843,-0.5901735037046385,-0.5420820311429946,-0.14792228053389148,0.11299441706323797,0.3560837768591647,-0.44038639387228895,-0.4505791777721612,-0.5030767488721755,0.10829721390865417,-0.5253351821350047,-0.04116864094977765
2014-01-01,-0.48196020798100997,-0.32875895662044835,-0.5079947179948738,-0.35329939607072514,-0.24163163346699937,-0.23780947495930782,0.06665467440469496,-1.0812619665915921,-0.6422940519206896,-0.5260498009882311,-0.18162340744252498,-0.1813508601730924,0.32148338539184723,-0.49209900100940035,-0.47173289593724155,-0.5052572408907401,0.12641727776179384,-0.5102388613935054,-0.05016003563805195
2014-02-01,-0.4666560070710647,-0.31158831181483515,-0.49607183177539327,-0.3366555872256426,-0.29599877604551084,-0.22612677353341157,0.06665467440469496,-1.0719149530216154,-0.6441587094646257,-0.4955514210587238,-0.1177001476570361,-0.4982388837827554,0.3275132822868128,-0.4875791565386075,-0.45566370794660654,-0.49152874092710486,0.15576511124172496,-0.4964277822184894,0.05286636183176017
2014-03-01,-0.4438419830213452,-0.2856506130036969,-0.4855800454984474,-0.31658720630843873,-0.35424070392381685,-0.21277511476095823,0.06665467440469496,-1.0876745032618917,-0.841570470237582,-0.4690713862152275,-0.1537470243247017,-0.10855147198805298,0.31443383212471304,-0.46951566392866456,-0.45005356709064454,-0.4857777783556155,0.06655436742488816,-0.45526619220813697,-0.19459323285287425
2014-04-01,-0.42917294129143246,-0.2607279292239209,-0.4751302203569155,-0.3058341222806848,-0.3794418269201551,-0.18148216451302174,0.06665467440469496,-1.1178558675180805,-0.6291031983221114,-0.44888750943646555,-0.1319480584662152,0.05769680012054744,0.30124770294548747,-0.49243900500288407,-0.4407824939827494,-0.4824647346075102,0.08912107271438059,-0.44358178812808513,-0.42030578363868626
2014-05-01,-0.41579977662571355,-0.23005169077225213,-0.45177045419301376,-0.28799682098047186,-0.35424070392381685,-0.11722730667059227,0.06665467440469496,-1.1364554886239076,-0.5902426291001505,-0.4372913950595067,-0.1669595589361992,0.07949706649831642,0.2953826839244577,-0.506596963732407,-0.42658383973132835,-0.4785326499435917,0.033593637777919814,-0.43165299596897466,-0.4884905266914345
2014-06-01,-0.38801073070914033,-0.20156582757338137,-0.43382320325766505,-0.2654971818942434,-0.2249310084539311,-0.032249561775084305,0.06665467440469496,-1.118200027844268,-0.4331499833944584,-0.42907031263574835,-0.21778169368064296,-0.1522034268266431,0.2925557680631083,-0.4969837793125267,-0.4035899426291988,-0.4580583523000669,0.059106243018996314,-0.4224131725189898,-0.5541062998332474
2014-07-01,-0.37068968070999625,-0.1797508732053793,-0.43646570281510466,-0.25894623128935595,-0.2592634084358316,-0.060204597329907954,-0.07276978214824513,-1.1386700855053677,-0.3979323225159801,-0.4066552806554076,-0.15086761285515593,0.04977204095380395,0.348610354669451,-0.4696576354321432,-0.3693270976771047,-0.4342149955356188,-0.02471294805626217,-0.412190019646118,-0.5389531005035256
2014-08-01,-0.35114525555859777,-0.17699440119669094,-0.42580130277216144,-0.24407321811399477,-0.2755435141140378,-0.13113528455856377,-0.07276978214824513,-1.0673241535403077,-0.3729175700150737,-0.41110353103743635,-0.1341211594540221,-0.07005061535085802,0.30835080827363304,-0.4544406721830578,-0.34103978201651486,-0.4144201830300524,-0.0749044132690994,-0.4032179534264069,-0.35865050577623236
2014-09-01,-0.32811945470324044,-0.17718569657824124,-0.40916214432210624,-0.22340142018738118,-0.3314725856506061,-0.14212258709006184,-0.21219423870118523,-0.942942163089605,-0.508439636051245,-0.4027719834157553,-0.1134743437201857,-0.026342668475904513,0.285024889775832,-0.44440903742562876,-0.3441384438096271,-0.4130364905164411,-0.10897680327515617,-0.3940076879046197,-0.4839948293472971
2014-10-01,-0.3045546481330881,-0.16489644149038787,-0.39130092237685316,-0.20714811838091415,-0.3721728498461219,-0.1634017932586585,-0.21219423870118523,-0.8371312270773742,-0.6040711644723269,-0.38307420724043606,-0.06011796378667152,0.13510667450813893,0.23081605050524934,-0.4514094984322812,-0.32456268582459025,-0.3802652163979379,-0.2025230224924374,-0.38362090980618324,-0.1447651449668531
2014-11-01,-0.276433899716702,-0.1400357314106523,-0.37078376638083016,-0.18573398221931445,-0.35559237321444287,-0.18621087699493225,-0.21219423870118523,-0.7892934858662067,-0.7020166655081731,-0.3908744741270593,-0.09074754016132855,0.01305672946549555,0.21437708793575916,-0.41923439607466784,-0.3133448082238998,-0.3709777242379665,-0.14010329332962862,-0.3724436629635435,-0.2257170169266119
2014-12-01,-0.25307735915191004,-0.13827270285700002,-0.34845570915229557,-0.1751622806066809,-0.3373598563386661,-0.21180155630880063,-0.21219423870118523,-0.6977258902145657,-0.7559586678959652,-0.3789466059392136,-0.12305361292366908,0.30229737940900897,0.15909145091398835,-0.3026863971406818,-0.245376285899526,-0.31514341398465723,-0.05444986266187452,-0.35766959087891,0.047311895185561684
2015-01-01,-0.22963243259771768,-0.14981434712638306,-0.33952069416619984,-0.16832688819044406,-0.18795534408147446,-0.25227377196279815,-0.3516186952541253,-0.5870529074125478,-0.9502943485686373,-0.3700519410377872,-0.08106740686427599,-0.1866217985436075,0.1773365814395046,-0.357647418105355,-0.25326565719450167,-0.30628109993649116,-0.3055183547619692,-0.34078239451366044,0.3656919686946441
2015-02-01,-0.21221619300506808,-0.15552308694790046,-0.3242748671718082,-0.15582139650618387,-0.23868799812296937,-0.28676555712496815,-0.3516186952541253,-0.40354063609971863,-0.9973618303727608,-0.3541745502240993,-0.052175144065062726,-0.2971385580833381,0.13491345368635035,-0.3494076202595012,-0.2394244500832533,-0.27529079467135936,-0.2573834612134455,-0.3229211313074761,0.06275689598886204
2015-03-01,-0.19002200036970665,-0.1337787511742058,-0.30172908466495707,-0.13780216794571337,-0.21471839603586845,-0.27550009503571127,-0.3516186952541253,-0.3704661485956677,-1.1590478586102257,-0.31404617524304146,-0.007226661695463731,0.1711965730215332,0.10126412462789337,-0.3831411418034463,-0.2607744785205043,-0.2832567013904484,-0.3006270491819807,-0.2751421057449245,0.08920658203020321
2015-04-01,-0.15676622236563337,-0.10023327256929783,-0.2800646939017251,-0.12789119819402442,-0.26138602984037984,-0.2941831453318819,-0.3516186952541253,-0.2993974221296876,-1.0026430105898778,-0.2933963027955228,0.0949590492844791,0.32289070444622087,0.11909110518345598,-0.3996031179321801,-0.24857801638248775,-0.2672177115997699,-0.21036022802401,-0.25501537279902936,-0.03442509493357134
2015-05-01,-0.12745215969709395,-0.07858030448884215,-0.2499572750153777,-0.11612469404918947,-0.2367956611160926,-0.21277511476095823,-0.3516186952541253,-0.22273077152197496,-1.0348295228751545,-0.2634362783887912,-0.0719190892129809,0.18488358645692327,0.04782526071295422,-0.4053307295652215,-0.23820229871943793,-0.25332256857964947,-0.2299810333619186,-0.2389732395221552,-0.21657219764643432
2015-06-01,-0.11654646137555014,-0.08829594972157286,-0.2261599820675646,-0.11513348606437483,-0.18329959430265075,-0.24824045837528647,-0.3516186952541253,-0.19561093781949618,-1.0464840645584785,-0.24569396458018664,0.012891524358651221,0.08268665355064682,0.024579366450614478,-0.40637226734465265,-0.24172049188626793,-0.24933624774864974,-0.26082960832661917,-0.22522290916243504,-0.041917923840466983
2015-07-01,-0.09963572616027619,-0.06392593623863498,-0.22822053923529345,-0.11065222256008796,-0.19174001809522695,-0.29622298208878917,-0.3516186952541253,-0.1453036762283436,-1.2409493553477358,-0.221548385794213,0.05131335508027532,0.22466558907982906,0.007937543706627036,-0.3715206354074512,-0.22096625990504679,-0.2297375368492127,-0.2388743162346251,-0.209516390105125,0.1261494862928959
2015-08-01,-0.06494784876293862,-0.02814955622289085,-0.20560677068007505,-0.09465798543342654,-0.16248388722701113,-0.2369749962860296,-0.3516186952541253,-0.0017439297365627418,-1.5256301998197093,-0.20125184973779672,0.00928928202118673,0.020460658230555172,0.0595424193683766,-0.3865902005434804,-0.2722759061213056,-0.24177516366214136,-0.15533304024913852,-0.19427968292702252,0.63354276204733
2015-09-01,-0.044257153594085594,0.005001764428204801,-0.18376237322941508,-0.0759657710979781,-0.21021283173378166,-0.08509987774937691,-0.21219423870118523,-0.05137647385028598,-1.5791989250717366,-0.19976457711957776,0.055450803365859176,0.17831711671624706,0.10808868055914339,-0.39515864314080124,-0.2887266914048307,-0.22995862052694055,-0.12932018784647223,-0.17909656836199933,0.9104206302259419
2015-10-01,-0.011432999137118354,0.010603855917374418,-0.16330394896297656,-0.06651287122249684,-0.16479674356874885,-0.06603248870940881,-0.21219423870118523,0.023439628043898108,-1.4901792407313779,-0.19205019278246052,0.1367107832536871,0.22617808777421394,0.15108086053910225,-0.3423432871370203,-0.23203391858367287,-0.17875934256030598,-0.20708082996469945,-0.16776808757010664,0.7725525783390659
2015-11-01,0.022234389887735094,0.03244899078106569,-0.1396838047715848,-0.0527085217879829,-0.21312642998246503,-0.0030428082103436402,-0.21219423870118523,0.24533325747133158,-1.5452721809544452,-0.17343602333184804,0.11168393917527611,0.22828710244373415,0.15253715424697153,-0.35800595376511163,-0.19620520057228164,-0.13993624080002803,-0.21875326373512666,-0.1548865256473942,0.6570916528975725
2015-12-01,0.03219686624482655,0.006288846945249894,-0.11454399249644545,-0.03992389185982898,-0.21003260916169864,-0.026269131283256163,-0.07276978214824513,0.3610309810354869,-1.6106475237599227,-0.14923966727208476,0.21076100784199728,0.5545376715023418,0.11075557143602886,-0.23684592101539598,-0.14595461816205252,-0.10248630409246964,-0.07145826615592552,-0.14080405968221435,0.9496439606776899
2016-01-01,0.04451901506686864,0.02380230249172102,-0.1124809599335771,-0.034639222571618444,-0.16722974829187529,0.10001530793952752,0.06665467440469496,0.49843474673648885,-1.689580084760192,-0.12892696666906797,0.1283998216128591,-0.016028007062581704,0.022480930657328584,-0.286059060295742,-0.18216176350887844,-0.10011644744148408,0.044154411189258586,-0.12512742788935852,1.4294952727855355
2016-02-01,0.06169856515643405,0.0184373519225927,-0.09309731869553292,-0.025104457163546517,-0.19921925483669034,0.2000136689540446,0.20607913095763505,0.6708351285616332,-1.4562213901861059,-0.1193987948279307,0.20385865208604134,-0.033464155003874424,0.03519356226584238,-0.2958234002252168,-0.1667157814854758,-0.08004960437561687,0.38471156219596253,-0.09120329008388663,1.7034473696766934
2016-03-01,0.03893476787140615,0.03574137142978491,-0.09153919051115443,-0.010743135196460056,-0.222558077921499,0.2610696918822412,0.20607913095763505,0.4231594016560589,-1.2288437704586959,-0.08660625826453719,0.2773743591878332,0.1997694649142202,0.0987626400702581,-0.34302048337613483,-0.1637702317351453,-0.1029760638230388,0.5233911919922294,-0.05141407166095588,0.787668546220803
2016-04-01,0.0369833960845352,0.05727851392212444,-0.08112813454814602,-0.001777302385932509,-0.2418719302297773,0.2607915323244818,0.20607913095763505,0.15710850603130366,-0.944645075620419,-0.08597713948429056,0.18583263013863224,0.23584090621456336,0.0983427820476159,-0.32857590953370214,-0.13168365623923922,-0.10195616134657329,0.3171226123633933,-0.040696935000560625,0.5110885296260672
2016-05-01,0.044077460491661544,0.03138840323403437,-0.057689532731648244,0.012561627874460881,-0.2318695774791443,0.38930124800934135,0.20607913095763505,0.2380038668095618,-0.9734185215022906,-0.07441751847429755,0.16245723666272366,0.2524346652874026,0.05992866415888551,-0.3497216611983416,-0.09593583390084898,-0.06858690346175751,0.30328244089274353,-0.017847984106908056,0.4765858365166968
2016-06-01,0.050374936068954414,0.048636507547666324,-0.036126635941135736,0.03242713254198698,-0.1779830284261892,0.3052970615659916,0.20607913095763505,0.19487636095576516,-0.917957488548122,-0.06670604465110769,0.2200044306717939,0.3035492791042305,-0.0020322153961966254,-0.3447146953594131,-0.09615464392057231,-0.07904498329145973,0.2629291698578381,-0.005054718604343647,0.5088050008163468
2016-07-01,0.08212307867814397,0.07149714795067769,-0.04022357844499582,0.03737117362933831,-0.12430673904066432,0.3862414928739873,0.20607913095763505,0.15004258738957477,-0.6839559277957743,-0.062181091032742275,0.2962333990540132,0.14794260715592708,0.08732509768410487,-0.2769702815195695,-0.019677169208316178,-0.029723160186394176,0.21785134229680703,0.004206449951169608,0.08485360523667348
2016-08-01,0.0944723121222807,0.06679490730456651,-0.023577211411446492,0.04742807004988105,-0.08835233591001268,0.39653339651108654,0.20607913095763505,0.2362898667661616,-0.6979071607449844,-0.04233263979012488,0.3073677531693147,0.29406355932721123,0.12741237619184428,-0.26604998866696294,-0.009337985935712544,0.0038381575590397373,0.16399139789897854,0.01840314070481235,-0.15551572557239907
2016-09-01,0.10618595976792562,0.0787445740168718,-0.011023639971198642,0.0516561907492205,0.015666125277493302,0.3877713704416643,0.20607913095763505,0.3600978032340887,-0.6690922396258056,-0.030853886290251636,0.30074894955276615,0.33529735166708613,0.1160435628161351,-0.2830654069138152,-0.0068506321706800904,0.009888071145157655,0.1981749539409439,0.028806070001712397,-0.2846855804238787
2016-10-01,0.10512777862969279,0.08098557965094567,0.0037013783002315544,0.04305217592195443,0.08159754956469402,0.3920828435869354,0.20607913095763505,0.36929082886364684,-0.6908563704027598,-0.007825228419190908,0.26172758069553226,0.24099772403880965,0.14152078101500196,-0.26930159004469195,-0.007572845018431432,0.005027190458190013,0.20117643691048223,0.0433244193514446,-0.5360521501813945
2016-11-01,0.12638559569118699,0.1005535806392968,0.024323924313619558,0.0441763812168685,0.07051386138156118,0.3395106871704022,0.20607913095763505,0.4118816536679568,-0.6487019760846523,0.008401513620362892,0.31315047340518015,0.29427967949192685,0.10363804953254187,-0.26975660650905753,0.011656948805141454,0.02144696067708541,0.21768459324294367,0.05459673459081606,-0.18503095596216973
2016-12-01,0.13333009279630076,0.12121238877022385,0.04647341213622675,0.056525288081900674,0.10932178857020076,0.28387877561851493,0.20607913095763505,0.39293314692253595,-0.6224360539249787,0.027151268242981134,0.39490651475238453,0.6452669499959605,0.12253704599635763,-0.1813360526658405,0.05982969827351352,0.0546095261236333,0.26704231318646465,0.06291957614941399,-0.23598219252905867
2017-01-01,0.10712230539583109,0.10378501603236692,0.04760103916825196,0.06132975494575922,0.28419775768185573,0.3808173814976786,0.20607913095763505,0.25377266720880215,-0.5503745572386021,0.040539856206572245,0.37601586661972525,0.008375177903616988,0.17460077013753905,-0.2459265861271939,0.05228062559290265,0.04283048151573202,0.19906428222821443,0.0749250075977494,-0.3536196063673167
2017-02-01,0.11022009422075145,0.11124011895762043,0.05756654479613833,0.07177958265968344,0.08270892209254266,0.42796542653790304,0.20607913095763505,0.05222340210597988,-0.5880185194995516,0.05877498718922932,0.35864298664365785,-0.2033215516013179,0.15808603203291616,-0.2200403457184574,0.051299628126525255,0.03623079973040378,0.19756354074344526,0.08806465935963864,-0.44166034602333804
2017-03-01,0.11085399416590648,0.1056235792848192,0.06570220257809901,0.09030802715820022,0.04960804301987895,0.3915265244714166,0.20607913095763505,0.06206300438407742,-0.5895928503823377,0.13262332280318231,0.2688103921779132,0.29832169835015354,0.16960132516535556,-0.2532543516139878,0.07724268432452311,0.05334888906909608,0.19550696907913223,0.13356559062633605,-0.6256744507215939
2017-04-01,0.12102053081597683,0.11200884536599483,0.07245861897549832,0.09655858035576248,0.015455865610063084,0.3923610031446948,0.20607913095763505,0.020890846497883846,-0.6237598052490335,0.1178248818919037,0.32408584322681966,0.26154160747237454,0.19958267008433522,-0.24612688144258757,0.08762689428971177,0.06024476244745212,0.22157540449975308,0.14356649642161956,-0.48864038326957226
2017-05-01,0.13395145260385863,0.11591649136276472,0.09514245535036044,0.11020094957576075,-0.003948097984257241,0.4217068364883155,0.06665467440469496,0.08500079626917995,-0.5475870756645806,0.09361061497718806,0.3626659163921136,0.40698719385115406,0.2240161025108114,-0.22922020643901317,0.1309422179723892,0.09323778177617487,0.10062675743094493,0.15604803144371224,-0.6249577453478908
2017-06-01,0.14104493124591944,0.1217419891581637,0.11252446103219398,0.12790045607180392,0.08754489444344835,0.41183217218785567,0.06665467440469496,0.07227148928022295,-0.5246391724894831,0.08454324465686733,0.4565508178495445,0.2163805957000074,0.17629860621692792,-0.19922773388701723,0.15141753722670293,0.09442833024208631,0.06027348639603903,0.16518755828403445,-0.585897302481075
2017-07-01,0.15451208825545565,0.15221815364922947,0.11046634045161811,0.1338989888045886,0.09117938298046495,0.3723335149860158,-0.07276978214824513,0.024812331587427693,-0.4179614058655835,0.09581888906156835,0.4198384798172836,0.43372053827451174,0.20266098147367445,-0.16275517813124846,0.18962810729551383,0.12959415113641298,-0.030215666833749315,0.1731757118812537,-0.6121935639305128
2017-08-01,0.186063818081812,0.15065763004295227,0.1310857929140817,0.14786494910167114,0.04224895465980423,0.321152156358279,-0.07276978214824513,0.005985394268663741,-0.2682582649401244,0.13412120760296195,0.4698716522422774,0.38901774083889773,0.1413040180314413,-0.18886805069826984,0.20213514759081821,0.1491561913309532,-0.09113465451178866,0.18110137392553682,-0.38987838277329323
2017-09-01,0.21430934459306689,0.17117196693979847,0.1508198647263126,0.1709866931814427,-0.044107694463521786,0.23617441146277166,-0.21219423870118523,0.017888172347799672,-0.1868665679945155,0.13321661987352423,0.5082729162601054,0.2996540522935858,0.27955212338137514,-0.11215269763026779,0.2622758510738125,0.2044431763545632,-0.15650028362618126,0.18417193356659653,-0.5737303755417829
2017-10-01,0.21658211925890827,0.18183635952354787,0.16760164114079237,0.201831092637612,-0.11685753939454702,0.2219882740170401,-0.21219423870118523,0.03015279488051812,0.121899292408728,0.1063043065457106,0.45082415342621723,0.6032481710062013,0.23261384906181637,-0.09453363985112906,0.29608148186073974,0.22698228966145884,-0.21808626751967375,0.18777821350335747,-0.6495863481896863
2017-11-01,0.23867644907011198,0.22357501491340565,0.19450424106116837,0.23376954316926568,-0.20732927058044656,0.15787249595349004,-0.3516186952541253,0.003702781512455946,0.09564201092349355,0.09504536401325273,0.4297089560965756,0.43464895930321235,0.19871913172427236,-0.0744349733075586,0.323361234844236,0.256972246652433,-0.29984888693061895,0.19275936935525168,-0.6623241573314081
2017-12-01,0.2597077388939915,0.24400767591841208,0.22279278505977568,0.23211876443542775,-0.29891237429419365,0.048416709975151934,-0.3516186952541253,0.01793227527289487,0.13922557279381212,0.10398131343535079,0.5059555977770692,0.7781065901953115,0.236182557703025,-0.004358411655194954,0.38402891940216954,0.3198706172853175,-0.3539311634002651,0.19531733084964406,-0.7110989055015325
2018-01-01,0.2421041618931417,0.24300979856871077,0.23174828789074964,0.23921808228471397,-0.2715786175282012,-0.007771520692254151,-0.4910431518070654,-0.060041696291895305,0.3283716643984203,0.11125173245530115,0.548769680514593,0.14990508529288948,0.2754356518135998,-0.00615602242368281,0.43213978154615096,0.37295913908648864,-0.44319749023505645,0.2048362118798893,-0.9324243506664952
2018-02-01,0.26238233456107296,0.2512223300774136,0.26004070991600897,0.2576080136813528,-0.3302110276460221,-0.11347215264083997,-0.4910431518070654,0.023439628043898108,0.2873958580737921,0.12554750522230235,0.5280323321304596,0.09108387895688914,0.13423224540031609,0.0038316637156021413,0.42627438651347316,0.36467419318573974,-0.4906653875681272,0.21251448065185985,-0.7729932402862537
2018-03-01,0.2764715943939902,0.2063032568439027,0.35501959786035797,0.3677605589703714,-0.5043360693739957,-0.19483382328547505,-0.6304676083600055,0.03230100826825104,0.24022814444617646,0.153447870863633,0.6013638305521136,0.35328578357489526,0.14289205491770351,0.020101736380571493,0.43143082844152164,0.36461263574856867,-0.6034433309976364,0.2574107094013818,-0.5274532370072909
2018-04-01,0.304999443261415,0.29497960983416505,0.30267605093552,0.2853981357778706,-0.7345704052106214,-0.2677116274184473,-0.6304676083600055,-0.02118150641915268,0.39057933595456057,0.14555867658216895,0.7149529344827653,0.6862880790023141,0.034751240620041764,-0.03646121506774042,0.42521665841155804,0.3517242874819068,-0.6346809870880179,0.26560086275815215,-0.5572461519466129
2018-05-01,0.34053241631469616,0.3163138794341913,0.33516071956351057,0.3078468165391617,-0.818464012515474,-0.3154159915741906,-0.6304676083600055,0.08688619631691456,0.28437335015503007,0.14661940218966538,0.7502761009105958,0.7661121598705634,0.027396691029505316,0.025344334723470984,0.4208364948317626,0.3602294593356842,-0.6312348399748442,0.2773451717293696,-0.35189299796703233
2018-06-01,0.3384921103323568,0.32504488246133334,0.3596092798249363,0.3299317366483883,-0.8103539967717183,-0.23113364557308147,-0.6304676083600055,0.08019016948070858,0.10913528812743638,0.1658231969853566,0.6086451714285115,0.2852075339774292,-0.030488504128659492,-0.002538146494725094,0.4160080222646356,0.3531485665995667,-0.616227425127152,0.2992241862075198,-0.258960201176871
2018-07-01,0.35587604280906343,0.33941165074448565,0.3682540082999387,0.3380256050155767,-0.8199959043781835,-0.23029916689980265,-0.6304676083600055,0.09438154571302608,0.22759202214658233,0.18790168400111734,0.5475704698271778,0.4873577459593127,0.0703640511073644,0.027384729160601515,0.47204314630407845,0.39591741429207095,-0.6396278756859609,0.3110905828700971,-0.46301490840798976
2018-08-01,0.37258934819521156,0.3433626939876668,0.40126398460532714,0.3540099328988494,-0.7714559582970372,-0.22890836911100562,-0.6304676083600055,0.12323115914185187,0.04741495060965629,0.19553090222293068,0.6056846595177326,0.5567728969063229,0.039705180579030865,0.08059371482545134,0.4835657246147769,0.40114853775761405,-0.6355147323573341,0.31907328869689044,-0.4909338404654219
2018-09-01,0.39443082392793705,0.3736895530405488,0.42074054879507056,0.3781804263236228,-0.7480870981168813,-0.19455566372771502,-0.6304676083600055,0.18168753871708518,0.0683184702124861,0.2066437369561023,0.6677732466193981,0.5015990199280757,-0.09735668247211042,0.07549905747587565,0.4832079958422108,0.4082744242963476,-0.6377380530755108,0.3257202478714358,-0.6452405074236867
2018-10-01,0.42597622949774244,0.37846346617215976,0.4557318668517238,0.3995316216485104,-0.7901690686983703,-0.12251233826802158,-0.6304676083600055,0.23846093348780406,-0.04481733648712255,0.2113884567647549,0.6874056114791669,0.8107227921175535,-0.06496216266632718,0.10249946379698936,0.46524653596787063,0.405326167576837,-0.6248427929100863,0.3312764591170819,-0.5991563518945814
2018-11-01,0.45519581655712016,0.4024055521992542,0.486351520668013,0.4200551217075851,-0.7731680727318297,-0.1017894512149431,-0.6304676083600055,0.3409409960823961,0.002113622660864637,0.21850627530050226,0.722674778973901,0.521951482154805,-0.012421193689993292,0.1394776390194018,0.5187100979208289,0.44431325759146256,-0.6342363229443826,0.33710709665200467,-0.3656081326183493
2018-12-01,0.47637394637878405,0.4463471363741671,0.5102172958520209,0.4345515326187233,-0.7499493980284103,-0.09288834536664149,-0.6304676083600055,0.3141716231239388,0.031393412064861737,0.22908666509303321,0.7632201754664938,0.954519439951599,0.030688964055076446,0.23027542272004248,0.5458194586357028,0.46834008763575347,-0.6331802456032487,0.3444975461273005,-0.2573902751201885
2019-01-01,0.46670846165144547,0.4176637790966986,0.5285456426008966,0.44359577823535573,-0.7423800500009049,-0.0023474093159448176,-0.6304676083600055,0.2634853341213831,0.17663796497979609,0.23289625916455092,0.654424263898954,0.2272771167028434,0.1632892220319181,0.17215562046087332,0.5669382410283208,0.48637057701211894,-0.6345142380341547,0.35221061476273635,-0.43933105355880303
2019-02-01,0.4618691920337137,0.4040059995683627,0.5542222538754388,0.45702504770704017,-0.7310861021503413,0.061490209189845844,-0.6304676083600055,0.20720328602975907,0.2498383025572329,0.24029268104910345,0.6606848056763897,0.16957954471463565,0.21462099069635043,0.1545242640122584,0.5672949316852168,0.4842937106400933,-0.6348477361418812,0.36336418370143003,-0.6518341968617547
2019-03-01,0.5000581330121144,0.43005864330048393,0.5843731765146642,0.48122768087303414,-0.6908363943850342,-0.010831275827607612,-0.6304676083600055,0.1650092300408646,0.33341436200102104,0.2827985429167204,0.7700004276680786,0.5335979903872398,0.2050780946872586,0.22561340446642195,0.6244075000610169,0.5304137585115629,-0.6332914116391575,0.41412515000981653,-0.7150237206432397
2019-04-01,0.5156397656331463,0.44315089505381455,0.6076473655243133,0.49354960872100734,-0.6859103107480858,0.07247751172134329,-0.6304676083600055,0.16283353823973898,0.29858034706763453,0.29457291507760797,0.7912188385055212,0.7001929178915791,0.3102409691481485,0.2268717480676576,0.619489854151939,0.531884493858885,-0.6342919059623369,0.4183655737520375,-0.9343138466517125
2019-05-01,0.5506585268304085,0.4575779965666769,0.6368963489770623,0.5167535631978939,-0.6951917732103845,0.08026597933860788,-0.6304676083600055,0.2345758667227871,0.1303066686378757,0.30327709803660696,0.7955996495759078,0.9448465489565233,0.3940336274727759,0.16106997810369467,0.6210039846273296,0.5522043944567248,-0.6354035663214254,0.42948120727173555,-0.714545917060771
2019-06-01,0.549286991661551,0.4703725513935683,0.6670431690577132,0.5444823443025962,-0.6618806344702907,0.09194868076450415,-0.6304676083600055,0.21769867962881484,0.2512795670536582,0.2981824896764348,0.792564136834256,0.5223754286189863,0.40596166117406524,0.17396246133520699,0.6504783310439715,0.5687778805765389,-0.6121142817985252,0.43426076131204644,-0.8224459110717636
2019-07-01,0.5692148785431276,0.48795443422781726,0.6838282192030547,0.5515444963673205,-0.6883132783758656,0.054675300024739484,-0.6304676083600055,0.12861801642107576,0.1362670058658979,0.3101797624272182,0.7868135966759674,0.7176365881098804,0.42007929922862247,0.2436095306233802,0.7020642568852163,0.6257060116825427,-0.6341251569084738,0.4452983421411213,-1.037063335227139
2019-08-01,0.6144101598470922,0.5075175761326223,0.7163630471536099,0.5716476290174126,-0.7079875758283105,-0.026964530177654985,-0.7698920649129456,0.34819350159934837,-0.010712594476387886,0.3137848593123005,0.8461935100503192,0.8160173506013392,0.5090852961683691,0.3189940022321089,0.7252132742530388,0.6565837109184648,-0.7388991457525469,0.4547671983676231,-0.8563884260199999
2019-09-01,0.6216364874921152,0.5001607850052707,0.7479015493504977,0.5978217853315356,-0.712853585274564,-0.14726853890861114,-0.7698920649129456,0.2974062111706515,0.07499598341894559,0.3141624649118645,0.8001066598768284,0.7191921906929556,0.4850852080999741,0.2711919389866582,0.7329999889382692,0.664481407100647,-0.7724712885970139,0.4609991183976067,-1.0297938950081513
2019-10-01,0.649155817771565,0.549989939205154,0.7791143000806204,0.6185526326354001,-0.7653584279415464,-0.20011885488290374,-0.7698920649129456,0.30345146211735124,0.1272133071887133,0.3207131810026365,0.8448932195100692,0.894017711817086,0.49249330399733976,0.2750918418745715,0.7653097387799278,0.6913406264303067,-0.7720822074713329,0.4658554901176208,-0.859320402548785
2019-11-01,0.6775180816786552,0.5557313975077778,0.8147129908461446,0.6408974459155395,-0.7811279029988496,-0.22278885884029806,-0.9093165214658857,0.3334622425597164,0.15713250650119656,0.32716364108280677,0.8753280424365528,0.7171267669592427,0.42112722425444515,0.32397277307334893,0.8144506172041881,0.7478414967184188,-0.8866388074753834,0.4695199527914154,-0.8618118069430861
2019-12-01,0.6612281861898436,0.5586136930998001,0.8412716937940625,0.6570403298555014,-0.8133276692110954,-0.32125734228713876,-0.9093165214658857,0.29195949992165743,0.23457541522818248,0.33988298995105415,0.8121465679106638,1.0208239633675056,0.5118458608470405,0.3925331419297952,0.8776003333298031,0.7809213438882231,-0.913485405147366,0.4728405129500738,-1.0407120171296274
2020-01-01,0.6766922264099474,0.5431092160604507,0.860012264519645,0.6717629229200944,-0.7333689213967314,-0.37424673804031133,-0.9093165214658857,0.2220065330712237,0.11512154737877645,0.3430802118917075,0.8589970947522448,0.5589550938199367,0.5167050340619,0.39619560882963956,0.9131978693564946,0.8094963468491555,-0.9140968183448646,0.48495092718842825,-1.0743320146596975
2020-02-01,0.7200533521526623,0.5529693932034501,0.886595305619103,0.6948426853556666,-0.7737387775434277,-0.3976121408921039,-0.9093165214658857,0.380345857080049,-0.15629931809910722,0.3515324786757768,0.8512689911041893,0.40119766990437156,0.4704370753025403,0.4404202435121603,0.8987904250577702,0.830125357000904,-0.9172650503682662,0.4953041267119754,-0.9370112650581947
2020-03-01,0.7447974114881287,0.638008501785223,0.8490899507563551,0.6805882101727275,-0.8221285381478377,-0.45449577045390815,-1.467014347677646,0.6342806768425118,-0.8130493320493294,0.3899924127407596,-0.3518965001816297,-0.31462610602948116,0.49459108986160494,0.46272557549970644,0.7925433135316652,0.7408741372923776,-1.1423206900656946,0.5200397351879911,1.1516897210279746
2020-04-01,0.7377896416963992,0.7039552486331505,0.7861775753853522,0.6723308882644736,-1.0297449411879886,-0.659916603859252,-2.0247121738894065,0.3983200042017844,-0.7585577827672164,0.3962590178948331,-1.7014844178348747,-1.2007441632433977,0.8240060978385072,0.571770234925023,0.86088581798757,0.7837670012051919,-1.8231570769893302,0.5249006627260862,1.630481488178592
2020-05-01,0.8982815260308986,1.0101641649029194,0.7537823868862573,0.6707376549720594,-1.2045608361089493,-0.9511496608333817,-2.0247121738894065,0.4577729523736803,-0.6200356745658241,0.408504714203825,-1.2645613540818763,-0.7810202257343044,0.8126626592911944,0.9634066868909238,1.0467634188389519,0.9432498166881871,-2.0299814867977104,0.5332195248050235,0.6892751370595711
2020-06-01,0.927855525836487,1.0450443645315588,0.7129447149618577,0.6626393584627474,-1.30656681190819,-1.298292788917158,-2.0247121738894065,0.5809943199378517,-0.39587065759483453,0.39251090283293943,-0.37403877281234693,-0.3468648251006454,0.6958515385558505,1.0689222553342934,1.0880141555473577,1.0031990772853911,-2.070223591796707,0.5388949900780687,0.018024707414696264
2020-07-01,0.9656225485906993,1.1432983073995455,0.6689567354325378,0.654461722706536,-1.3528239387429457,-1.5596236934321481,-2.0247121738894065,0.6976415451133342,-0.2862153145592552,0.4202468916029309,0.09819887622632786,0.08641833930862751,0.8653068779094277,1.1940704903500294,1.1667668410999015,1.0701691188372366,-2.0667774446835336,0.5427554901531003,-0.16339948468313253
2020-08-01,1.001149221687301,1.2096086822413343,0.6477027377406489,0.6590724797789744,-1.336363610492656,-1.706213780371371,-2.0247121738894065,0.8166992528895424,-0.10227954964136393,0.41360800932865294,0.24714812604923342,0.2536802196247098,0.8848051880796999,1.2436118113704757,1.2181477545293038,1.1309784159099847,-2.0711129200839777,0.5513151519182368,-0.5541062998332474
2020-09-01,1.0130077720611532,1.2118806572853063,0.635356254032415,0.6789013737101677,-1.306686960289579,-1.7731111540125155,-2.0247121738894065,0.7940254808869176,-0.21082543007897595,0.42181055401753154,0.39546080877234957,0.32541909771172095,0.7489413391513259,1.2766147423567547,1.2204988041606213,1.1434038512418658,-2.102684074282086,0.5557568893028166,-0.30491621847249667
2020-10-01,1.018555906427156,1.2198896087294469,0.6400354854258653,0.6990366665076655,-1.289836149799775,-1.835418894950629,-2.0247121738894065,0.8963512834776137,-0.2931848825617526,0.4228210844540192,0.6437596405496891,0.6192542524611065,0.7556552471475586,1.2649533009446265,1.2370433720956961,1.1690857915460613,-2.0258127604511293,0.5653240661215063,-0.4757527175497121
2020-11-01,1.0328223549403,1.2183263162076132,0.6458097395986748,0.7223405500720175,-1.3272924076977886,-1.8996737527930587,-2.0247121738894065,0.9268904112349088,0.10848723754451134,0.4541791406441685,0.70922266736739,0.764002192422361,0.7119236123472441,1.2702932609326556,1.3209855310095995,1.2366748877875056,-2.0594960693315048,0.5742399805110457,-0.5282025198979802
2020-12-01,1.0203716260399807,1.1982657214768668,0.6424956345706918,0.7412934064853643,-1.4092035667097227,-1.969630881569557,-2.0247121738894065,0.9139619537647464,0.28573166417684104,0.4571304913234401,0.8677028929900754,1.4201670148830932,0.8871017230487797,1.3676354500064347,1.4174102273518039,1.3389756246363027,-2.03765194327542,0.5817104038050779,-0.5891224766627385
2021-01-01,0.967401637665281,1.1836343429462093,0.608079450874116,0.761517955935624,-1.4298390512132797,-2.049462674646515,-2.0247121738894065,0.9691562919875479,0.3355140458896984,0.5021440072159895,0.8302419753731846,0.4523909096122434,0.9908515477736429,1.5068279784623972,1.4383935357900004,1.382730094679951,-2.0414871715142744,0.5909196744569438,-0.7817455780522606
2021-02-01,0.9959567040330399,1.1351148296069107,0.5708566874531367,0.7869788956812342,-1.4742038410411589,-2.103286549072966,-2.0247121738894065,1.0211933333050207,0.5809091999573122,0.49449759457342496,0.6913235707565315,0.3362868406098378,0.9647194350470294,1.5016996200665451,1.4428282563895436,1.383518619819718,-2.0676111899528493,0.593336570258718,-0.6749121098949927
2021-03-01,1.0367032281542066,1.1813208506270445,0.5529285342051495,0.8089125243355968,-1.6989113513338918,-2.1338841004265037,-2.0247121738894065,1.1792581689011001,0.38075834538719233,0.5456759371867672,0.6888333588792075,0.7448421743307019,1.1932958057457372,1.4935766919109486,1.4232365669668676,1.3841124303238526,-2.0252013472536303,0.6235130742655963,-0.2300530844375153
2021-04-01,1.0678150601725243,1.2134303455756017,0.561265667807075,0.8316998457353377,-1.7160925698725153,-2.134579499320903,-2.0247121738894065,1.1573820634197136,0.06809381267707222,0.5392398057905609,0.6549212675851867,0.7100363745537959,1.0255054093929477,1.3588356502722057,1.3445968082443043,1.3459622073011144,-2.0257571774331744,0.6323283146810145,-0.23972860698250625
2021-05-01,1.1007859025832656,1.275009201075454,0.5578684028079994,0.8444138784262043,-1.798724619172784,-2.175051714974901,-2.0247121738894065,1.343653602738912,0.3236745937733796,0.5556097898926137,0.831531100311306,1.044864783043738,0.7909566601359518,1.3165135199750178,1.3393182930086172,1.3303727582064466,-2.0252013472536303,0.6447201673262545,-0.25503538603516385
2021-06-01,1.1203567938781493,1.3068407818631362,0.5648403407444811,0.8636446874841027,-1.8351295787336437,-2.235273259229819,-2.0247121738894065,1.6874548050940505,-0.054925197445865596,0.5876092337986483,0.8531451966027772,0.9281030510035403,0.7218428103895366,1.3225509049037798,1.2638545479693846,1.230927721310087,-2.0252013472536303,0.662791039331534,-0.16180318635079394
2021-07-01,1.1779621966027152,1.3474927675239032,0.5556581770962973,0.8677695732940229,-1.835550098068505,-2.280474187365727,-2.0247121738894065,1.7622183987329556,-0.25869649460592614,0.6499721441192582,0.8811976446987793,0.948950223684614,0.6670635235616545,1.4877257045571461,1.2567939269666581,1.2379353036809366,-2.0252013472536303,0.6832478563925122,-0.14756681142769246
2021-08-01,1.165527574200039,1.3198639511638337,0.5718097007218593,0.868856447514277,-1.8341984287778792,-2.3128797758447015,-1.8852877173364664,2.129596079780264,-0.26184688450638566,0.7115502007757907,0.9393500914290924,0.8982946687968743,0.870540956535237,1.4779271715204862,1.1629610129068915,1.1811970985280882,-1.8929693475400762,0.7103949060387036,0.06522952952813763
2021-09-01,1.1808056871206387,1.3161595925479757,0.5707877339771055,0.8851407667217953,-1.8927106905143103,-2.2890971336562695,-1.6064388042305862,2.183108249389037,-0.15373303779072367,0.7368311486572778,0.9781764500286388,0.9758784603730104,0.9644565838227955,1.421248809608672,1.1073914991010145,1.1482015992061725,-1.7336684180827213,0.7355415673184471,-0.08312848282839183
2021-10-01,1.1691956239044592,1.324687138304345,0.6126165202969834,0.9016920192340175,-1.8727660592037403,-2.2342997007776604,-1.327589891124706,1.9507584035064098,0.27114966199358365,0.7738287957467054,0.9543025246451788,1.00365367859208,0.8748910509581842,1.3724158996122346,1.1031466250022455,1.1343985013651534,-1.4462486322404386,0.7623199181745512,-0.12237663424546309
2021-11-01,1.2045391082122738,1.3260707602965802,0.6762016875541166,0.9251213804293321,-1.820801884253008,-2.0980015174755366,-1.0487409780188257,1.9621845263353852,0.21561777550901529,0.7966660313554444,0.9366798925490908,0.8362695997433789,1.093270320682473,1.3489755565384731,1.0941296187076561,1.1394110495548673,-1.2091870606648567,0.7838502410396471,0.005286898272974377
2021-12-01,1.2009077978387193,1.328429932366807,0.7250453084955653,0.9466761886671727,-1.743876883068716,-1.9373643728694625,-0.7698920649129456,2.0058806449019895,0.3357749942577559,0.846757185073096,0.9757030773077958,1.4175854564839838,1.109552476734329,1.4034301246339467,1.1318457059833176,1.1717016560978264,-0.9124849108241866,0.8187762128484019,-0.07811154521247037
2022-01-01,1.1566344561362631,1.3006522643728313,0.7572124446339338,0.9585025319086143,-1.701554615724449,-1.8144178483397917,-0.4910431518070654,1.634603749787738,0.6523831307818364,0.8491605145334468,1.0101411530996658,0.5865187869367304,1.0289796013620927,1.356997106593626,1.08562312973024,1.1278705769822543,-0.5043943930028679,0.8314574712239426,-0.03760062718458919
2022-02-01,1.1721334046083784,1.3248292156923611,0.818844073290137,0.9859711953743701,-1.6516329632573294,-1.5548949809502377,-0.21219423870118523,1.3870237892337811,0.7915360082172754,0.8692530917208576,0.9989318307715928,0.37884534339551035,1.013004127961354,1.2951241996398688,1.0572106031797799,1.1058266654035074,-0.30151637746925125,0.8562390059231528,0.30837182755689424
2022-03-01,1.1957587108864496,1.338734513489627,0.9183443965827882,1.0169452945011583,-1.5846802777283227,-1.3343144516470047,0.06665467440469496,1.2562589998361169,0.9931177584744936,0.9652000295134068,0.9473912141027909,0.8283690934258247,0.92332417359245,1.2663949769132967,1.0512976283919615,1.0863664693038346,-0.008538289831527188,0.9112683306390699,0.3576453219989781
2022-04-01,1.2282405208160052,1.317910068713653,0.9766756416062394,1.046149361149541,-1.484686787317347,-1.1856381680245862,0.34550358751057514,1.2586578154574883,0.6307969978983254,1.0283696497286396,0.9369521756275108,0.9644138977480757,0.9612121377404146,1.1951688930632771,0.9971200398057198,1.0603991761183467,0.3116754766038604,0.9459234663815804,0.18846872497774156
2022-05-01,1.2244214976954966,1.3210194514949247,1.0457239061443433,1.0782140484222356,-1.4020547380170787,-0.7987182231812104,0.6243525006164553,1.3034262937839156,0.26791286534873415,1.0538319928681945,0.982871099886594,1.1470481178735292,0.9694466192389926,1.1875326193925204,0.9552843136877728,1.0072485458156915,0.5552958442980636,0.9879052567053562,0.6346845264521899
2022-06-01,1.2730320811912479,1.3279049487952828,1.1035431906657578,1.1050468347602576,-1.2913680416624844,-0.4782784126423401,0.9032014137223355,1.2772755502647068,-0.13478058247622032,1.1330783446261985,1.0973158423650915,0.9595163910340199,0.8065448249857632,1.1880955390874435,0.9334772374905996,1.0080228615937536,0.7694016294584721,1.0269378956400141,0.5687476320715101
2022-07-01,1.32108030604729,1.3666151657246859,1.1200191213385524,1.1169233364041886,-1.2408156101930727,-0.18982695124580512,1.1820503268282156,1.6670288503580462,0.021587974711483705,1.1964482637923763,1.038178077144196,1.1155289673782751,0.8508897967284128,1.238790924038415,0.9730830222838216,1.0524715506298887,1.1106813596985834,1.0714975085717342,0.9294738237320471
2022-08-01,1.2912069935701447,1.3262706345675903,1.1591114179296629,1.1272563550344963,-1.1570121141742618,0.06454996432519931,1.4608992399340959,1.5956633011827706,-0.054555376579876476,1.2417629027635069,1.0260722266185698,1.103970828845282,0.8435234131922195,1.2455278600552075,0.9126126238314148,1.0024154293664589,1.327733044810576,1.105624546749501,0.5267877901928959
2022-09-01,1.3091081735875727,1.302924348961085,1.1791252509726462,1.1476425826877348,-1.0263207123184028,0.25884441542016534,1.600323696487036,1.6557675693711795,0.048270377379117456,1.2775256162310649,1.1039774318244358,1.0345842499225686,0.8573895645913285,1.302596033456891,0.899609861521805,1.0091229252782146,1.5446735638866596,1.1341093765702632,0.7755497099018241
2022-10-01,1.319040240948462,1.291084334967479,1.227525615408175,1.1649072354241334,-0.9608999186521051,0.45619862165048547,1.739748153039976,1.8594152602414158,0.3329201154231101,1.3014425104461453,1.1006226130602486,1.124764738798536,0.8354791634930252,1.2805320301506176,0.9060943711817279,1.0172886790106057,1.7126454441449033,1.168300427026862,1.0338739065014568
2022-11-01,1.3023418258572028,1.2861296204672603,1.2790950816020912,1.181199798730352,-0.8610265766225188,0.694720442429202,1.8791726095929162,1.6044972029937308,0.5679326350848213,1.337177558669029,1.0676248741899692,1.0952557996140504,0.8124234830042125,1.2115825661770978,0.8975910086623035,0.9954764550172099,1.8377628175602927,1.1980024824256124,0.40165754744774224
2022-12-01,1.2837920342481832,1.2475026317581053,1.3108037013798444,1.188313170319181,-0.75965137982557,0.7571672631461956,2.018597066145856,1.4834934250095326,0.37355202290506645,1.3922695078293599,1.0863462250065308,1.6222199610719081,0.7213139872953386,1.2321653268350075,0.9317172387827226,0.9901734993869122,1.9786101850567812,1.2387238424915736,0.27128232446776185
2023-01-01,1.2727076187736897,1.195120687364234,1.3441603993247087,1.1979133416311005,-0.6999376342752487,1.0304590286448414,2.1580215226987964,1.4925702795250435,0.5612948689807811,1.4081078281610404,0.9562231152207625,0.5396354743040481,0.8034354420101059,1.3012177948504753,0.9684808753320306,1.0379231851537354,2.0831062588110827,1.255909771876453,0.4616001787029055
2023-02-01,1.2422552778866862,1.1563766008351137,1.3859209251683147,1.211131896837486,-0.6176059559284531,1.2425556914364113,2.1580215226987964,1.5129056657541913,0.41608142249382657,1.4287542261439194,0.9812811723167355,0.47797303607083486,0.8388141469368198,1.2642986496681483,0.9342871672749203,1.0042626308095055,2.1497502973384264,1.2841655189144634,0.21853280896321825
2023-03-01,1.2655002083637388,1.203949746634977,1.4304023621061037,1.225445815237045,-0.5743825757237688,1.4073652294088772,2.1580215226987964,1.3588903415649676,0.47165824048547744,1.516884023390846,1.0096380680858843,0.7121189693291476,0.7712838540347225,1.1409584911903994,0.9330390253717855,0.9943352895458117,2.136966203208911,1.3527253622465474,0.4085314035318944
2023-04-01,1.2749349260716207,1.2096771828575577,1.4587091153663818,1.2371377633447214,-0.48757537017023356,1.6098653874577467,2.1580215226987964,1.3237022794824564,0.45861773462213806,1.5564830486075392,0.9991326088613939,0.656293388784665,0.8803145201571536,1.079767438458269,0.9204330221911913,0.9711967696517273,2.141246095591401,1.3870056289866626,0.3767813554768496
2023-05-01,1.2633231770697784,1.1796670889141054,1.4971647253588107,1.2535265214065685,-0.44918796231645547,1.7931725360212154,2.1580215226987964,1.1303694227358188,0.34737077935489497,1.5792371642055871,0.906478540064832,1.0628657082209243,0.9773484798766364,1.0604959784541381,0.9258839918991366,0.9785253562542516,2.1413016786093557,1.4181047291184727,0.30245900822384425
2023-06-01,1.249047991880257,1.162319616625208,1.526032254024157,1.2711075108213188,-0.3765282286714723,1.8546457982860507,2.1580215226987964,1.0357049282756026,0.5462652798615835,1.5682663792304399,1.0626877311261105,0.8857632539230602,0.7835206012024719,1.0440289469513575,0.9455833756036742,0.9770848508863079,2.1248491052948486,1.439654695128663,0.03375964811917687
2023-07-01,1.245484775481403,1.1577971425685165,1.5415326489360583,1.2755115736468843,-0.34549990917776896,2.002209443677432,2.1580215226987964,0.9106460438395193,0.7501212556311465,1.5963069426078609,0.9568909577354111,0.9588088250032157,0.802999393538633,1.0712478358349986,1.0056975753562796,1.0229186142379925,2.1424689219863984,1.4622702831582797,-0.1671195268609245
2023-08-01,1.275002245145209,1.1549418616620961,1.5696186956330556,1.289830369124635,-0.3126693639632314,2.0560333181038826,2.1580215226987964,1.1495662232218338,0.6851693058731795,1.6233821888582038,1.0210167496445055,1.1163572406669928,0.7195137650536944,1.0851740635869993,1.007799214161997,1.0424933210520622,2.14085701446572,1.4842207618957746,-0.19995145874198741
2023-09-01,1.3041104857855077,1.151605111706215,1.5785338048940711,1.317096827704196,-0.252685284554785,2.1373949887485177,2.018597066145856,1.2333427364540042,0.5805946794077327,1.6245673447244249,1.0566076994559992,1.09992980307773,0.6831686663452236,1.0838027199298934,1.0095707944161267,1.0581202802267717,2.061484464826815,1.5011170964841392,-0.15299019235077876
2023-10-01,1.3114215703191638,1.142277772968723,1.5940368332050565,1.3366162822475336,-0.26461001140764084,2.0524172438530095,1.8791726095929162,1.5217898993124537,0.45772774515492076,1.6012654056916429,1.0372397913815234,1.2133786158050386,0.678123685240288,1.0778470250971997,1.0028447723064449,1.061800532144417,1.8830629771931409,1.5179908301634353,0.021771121868144318
2023-11-01,1.2946550537116412,1.1488256848917004,1.5969985755755245,1.356037378979644,-0.2753032173512599,1.8337838314540928,1.739748153039976,1.3143251575519224,0.4779503796119576,1.5895196714268898,1.105809629368614,1.0238963212309207,0.7135594992521416,1.110340796906802,1.0471784211495843,1.0824479938099676,1.7760656676308912,1.52481105085767,-0.08013135126563357
2023-12-01,1.299285458148666,1.168303253046473,1.5752935320604238,1.3608323222770087,-0.27884759460223446,1.5607702255132063,1.600323696487036,1.2434423063003515,1.1736231756401012,1.618701345537404,1.04597814558858,1.4468155666774272,0.671384428250764,1.2348211330335577,1.1546134167573707,1.1695341281100162,1.6477244791741457,1.5391942674709422,-0.2746594617436997
2024-01-01,1.2836600463891266,1.1058321213817999,1.5703861512862802,1.3686228118932573,-0.295518182519955,1.4261409995576393,1.4608992399340959,1.25884052757573,1.341941785576943,1.6200885415238162,1.0777005292475468,0.6564584855707574,0.8061059752256794,1.1898765394706512,1.17552875700667,1.2087452378310481,1.5048761230312981,1.546996903339907,-0.13903150197722913
2024-02-01,1.2523928993668771,1.0566421260324421,1.566987819067576,1.3831402207686603,-0.3190672652721944,1.2685636100869184,1.3214747833811558,1.4788038664780936,1.5662243157203035,1.6603525644166697,1.0748220978889393,0.5955544953819437,0.8422497271683174,1.1656647628115202,1.1836240758743042,1.208836476679055,1.370865466743202,1.5762033080742615,-0.30919783499072256
2024-03-01,1.2633442955832328,1.1069791994948746,1.559380719131883,1.397445364508711,-0.3101462479540629,1.1385240168343824,1.3214747833811558,1.1827787328346424,1.5895817868638096,1.733657853246861,1.135206301094565,0.792110331888709,0.8354912375877199,1.1952243585368478,1.1793584072061796,1.255291054745346,1.3024427716413167,1.6320794835597787,-0.4347919195253507
2024-04-01,1.2858723173136148,1.1293179343137771,1.585661543036395,1.4100443675352845,-0.3179558927443463,1.0173855294301481,1.1820503268282156,1.1918448909589077,1.7308326200530377,1.7298673922878476,1.2076937891444575,1.3214248446546046,0.8756379031322012,1.1619693150467956,1.1640353333039624,1.250026985170589,1.2131208617885711,1.6426349478188027,-0.4165593691852382
2024-05-01,1.2950035285276236,1.1655560784998555,1.5620223649136198,1.4257571299098806,-0.3118883994842027,0.8631460546525408,1.0426258702752755,1.2366374254262928,1.9098760351035675,1.7232168996242472,1.270690153323249,1.296523524275424,0.8408974796455845,1.2844369006400336,1.2529428087590624,1.2912225677078608,1.0927280448993069,1.6544687044985924,-0.38271132903626276
2024-06-01,1.3173643862022015,1.1861035014777883,1.5289703651028388,1.4510891841916496,-0.3423760512616559,0.7247616746672209,1.0426258702752755,1.3715172007710144,1.8537928735897904,1.7321347815715749,1.1284824597600713,0.8596786534134233,0.6938369253455147,1.383457054111315,1.2766059776765117,1.318586992049242,1.0268065856053703,1.6691813835748663,-0.29907181192511795
2024-07-01,1.2845446888638496,1.1552402692073778,1.4744819284835875,1.450253142796212,-0.5140981253618502,0.4993133531031983,1.0426258702752755,1.3206577075535255,1.791796034489962,1.749463091362883,1.2401292267213773,1.1748519066714647,0.861907662700964,1.4693719910082967,1.2793369735296583,1.3194937995125962,1.0110765915242708,1.6810635269007264,-0.3354087743718624
2024-08-01,1.2954096450366763,1.16924138513261,1.4553454469956275,1.464552225899347,-0.560625586054731,0.304045343556074,0.9032014137223355,1.2626502327515583,1.6024978670152272,1.7703538334298359,1.3159844013188227,1.2912875573544844,1.2431772951145736,1.5565229615573932,1.2955527717012565,1.3659470705390746,0.9080256762367842,1.6939579256648112,-0.15730748900665656
2024-09-01,1.2815214911862471,1.1494080346284383,1.4418783965369146,1.4843390422772718,-0.6232228927583875,0.24910883089858554,0.7637769571693954,1.3302463135105858,1.8618045069296318,1.752839992382291,1.284589353363289,1.2231225560280965,1.219311320066943,1.619140192447601,1.3096594687766523,1.3731645798329846,0.8088099891881527,1.6958843868399143,-0.26210005329023695
2024-10-01,1.298035586162482,1.1192960370971616,1.491374573771528,1.5062386946337725,-0.6151729512053261,0.18749648885487014,0.7637769571693954,1.2934850935322382,1.9530915042427843,1.7459923606674852,1.2928471551492557,1.5667823725082055,1.3921878282436964,1.6237264952442936,1.3429371681563678,1.431795322618885,0.7438890242173957,1.6971168442035436,-0.41209624935808764
2024-11-01,1.3108210118540464,1.1441313900176309,1.5016430006821155,1.5240796180318057,-0.604209411403582,0.13561973133273514,0.6243525006164553,1.3569830818065436,1.782840839501382,1.7529107354438453,1.4175959041964448,1.2484510385093892,1.3874145120088157,1.6163783991678689,1.3552000987584163,1.4383201382505304,0.6620708217884956,1.7066525503483834,-0.38926406388154805
2024-12-01,1.314354399676223,1.1395141465940322,1.512027505052354,1.5311201395405345,-0.5750433918214082,-0.008605999365532368,0.6243525006164553,1.246485408131784,1.692226086659584,1.7606825411013431,1.3604897905658169,1.97598777500969,1.138391656332322,1.701548087828814,1.406060953479258,1.481895992881748,0.5849771758857214,1.7232293093251123,-0.4068186916062741
2025-01-01,1.2731664187736997,1.108400678485308,1.5216228074369265,1.5471830312356798,-0.5412516595557584,-0.09386190381879973,0.48492804406351525,1.278801826493818,1.696256097217934,1.7538118227721018,1.3710714580718881,1.0332030269706391,1.2915955357306075,1.6623921634879604,1.3866476041099491,1.4750471077439642,0.46764142498395017,1.7282697973612338,-0.36837722156220226
2025-02-01,1.2776714170138015,1.1231742867452115,1.5352466283011448,1.5698620774183305,-0.5665428938381382,-0.10498828612917718,0.48492804406351525,1.1529827966416666,1.6206605646860066,1.7676416721355894,1.391158162874606,0.8807508696025178,1.4128438381482857,1.6296425189433599,1.3705639702649863,1.4718628699949572,0.4902081302734431,1.7488195476079254,-0.3427550044523184
2025-03-01,1.2906541518796102,1.1330140850150074,1.550994590446989,1.5916244369628099,-0.6084746789428909,-0.11625374821843402,0.48492804406351525,1.0395954363106124,1.8872927683897958,1.827347655307905,1.353345701109506,1.169754832438481,1.257553170948337,1.5845618153466483,1.3540031614022496,1.4558834203130813,0.45952630436260566,1.7958000678536554,-0.26210005329023695
2025-04-01,1.3074294682751337,1.1527342565765453,1.5647471429464583,1.6188847532807156,-0.5502327510645848,-0.19455566372771502,0.48492804406351525,1.1580105301022914,1.8903049074992313,1.850977965962778,1.4133472520317418,1.434726837705437,1.4603199806081948,1.507732177237335,1.3333043419860722,1.4328154466409972,0.4796473568621041,1.810127104677897,-0.024684417354607715
2025-05-01,1.3308530445744582,1.2097854692341692,1.5841919677472343,1.6340948092902488,-0.552876015455142,-0.22125898127262103,0.34550358751057514,1.058569144727499,2.0991275429363316,1.8467689150196729,1.4480944086892498,1.7232296710018018,1.5476866333776476,1.6792321871926128,1.414717894036518,1.4986800293860543,0.32818363293632186,1.8202481119521838,-0.3453774945697317
2025-06-01,1.3321124696584359,1.222948331796033,1.6158970532262167,1.6597081424247082,-0.5442253319951356,-0.21207971586656005,0.34550358751057514,0.9171940681322814,2.3428170278696867,1.8563539872266546,1.425087550628751,1.3402584651677845,1.5069339594291693,1.6281967412252536,1.4209543259698758,1.5074368913907534,0.33646216542857,1.8348546031421862,-0.4120279917034494
2025-07-01,1.3670394701556838,1.255204635396256,1.6335902518358763,1.6703635787764683,-0.5250616651635943,-0.3679881479907238,0.34550358751057514,0.7972706543024148,2.466316459491433,1.8736149718071495,1.505017057484077,1.6700768197485543,1.6370893729676566,1.7335975759366256,1.5064237587350149,1.5962053548270576,0.3370769158090284,1.8491622657859241,-0.6285412722164059
2025-08-01,1.3826831575615208,1.2791338918013122,1.663873773049009,1.696420277090295,-0.49367290052572427,-0.4052615287304885,0.34550358751057514,0.7645903868083496,2.725094290130171,1.851916649649181,1.537289993976186,1.6459608544683302,1.6531071437185303,1.7248594935642547,1.5290262935026533,1.6089184489851538,0.3414679742274273,1.8472794831558217,-0.7574117241736764
2025-09-01,1.3815737203710927,1.2706092950819314,1.692061621410619,1.7240803097580626,-0.4330880792103328,-0.40039373646969795,0.20607913095763505,0.6630758775715344,3.2637591190621245,1.8527478967443811,1.5659283289890251,1.4754543670471854,1.5001754445419124,1.7724505638545842,1.564636811093431,1.6436523634365845,0.263985247198972,1.8484286998136963,-0.9065903796961993
2025-10-01,1.3841613851813879,1.2809763699392653,1.7309333223184107,1.7534678076025298,-0.37157210793917683,-0.4258453360046863,0.20607913095763505,0.440027338591066,3.3578595199726147,1.8453209070851793,1.571936367758489,1.6736512090277575,1.7827492422713158,1.8266932880131657,1.599709155162003,1.6645206183015206,0.1981193709229896,1.8519200282378185,-0.9209570646872465
2025-11-01,1.4136241916490833,1.3170194346955282,1.7587148372012664,1.7799479546592591,-0.31384081068177383,-0.4546348502327882,0.20607913095763505,0.336353189299576,3.4233990355924333,1.853571211846354,1.5305031794877564,1.6274755846570663,1.8377908346742868,1.9770187615683832,1.6672601303202925,1.7141237917338494,0.19689654452799235,1.8615245639124145,-0.872722793037032
2025-12-01,1.4483861264985207,1.355503884308242,1.7713007107462861,1.7906981777398896,-0.2719690997677156,-0.6245903400238034,0.20607913095763505,0.32098552505084055,4.198681821496864,1.8717709446010016,1.6242192265527535,2.434914079117238,1.7976466476557629,2.171135580572834,1.7855662863287158,1.802531809321099,0.1931724823250468,1.8790550856791284,-0.8614705186698942
