fecha,Crédito empresarial_log_diff,Crédito consumo_log_diff,Crédito hipotecario_log_diff,Tipo de cambio_log_diff,Índice BVL_log_diff,IPC Lima_log_diff,PBI desestacionalizado_log_diff,Demanda interna_log_diff,Reservas internacionales_log_diff,Liquidez M1_log_diff,Liquidez M2_log_diff,Liquidez M3_log_diff,Tasa activa TAMN_diff,Tasa pasiva TIPMN_diff,Tasa referencia BCRP_diff,Tasa interbancaria_diff,embi_peru_diff
2007-02-01,0.17419269851796748,0.6004965054680604,0.32421451892270836,-0.062382936491637,1.1562069229240635,-0.1094142503685082,-0.06666602553744205,-0.8786808564202664,0.3035565394392428,0.29072010236533363,1.4509324972523518,1.1928895928050798,-0.47105811321642366,0.6977418758034389,0.004602141875037668,0.04077913037591405,0.15235731061300373
2007-03-01,1.2003065107365756,0.8924153881373805,0.5727626850179435,-0.11392692633829653,1.3715896067216096,0.15218108870528824,0.3913178308678268,1.1916761302095067,0.3040934570245112,1.5846684100430255,1.7815247108643297,1.8439523380166762,-0.4379311036215016,-0.13142151094061275,0.004602141875037668,0.11425185867241064,0.1589337075954484
2007-04-01,1.0946266066874686,0.8098438736256978,0.652809565461536,-0.16884443705370913,2.0963686984298167,-0.34747958688782365,-0.22933632044239138,0.3568256163943129,2.2109551872460287,-0.37102049248600283,2.0436899855781223,2.6080188244931315,-1.9242296007807302,-1.0527141628784455,0.004602141875037668,0.00404276622766085,-0.4712608593693499
2007-05-01,0.4001135270694907,1.807707481017838,0.6724949168884164,-0.24091504203874162,-0.37376178879331146,0.5703870131712427,0.867744476417385,1.370507124606841,2.566377126996276,-1.0734105281942585,0.6146976266347004,1.114707122104057,-2.0324444987906216,0.2370955498345204,0.004602141875037668,-0.06942996206883902,-0.27218575515994536
2007-06-01,2.843768425657015,1.2376661160762328,0.7872182822079791,0.03891472400234182,1.1544971999941978,0.5055778993599004,-0.40174164634138676,-1.3791871814644132,0.15777119907276133,0.5394715887034349,1.3984504964418794,1.0833277600227609,1.0527843281502955,0.14496628464073508,0.004602141875037668,0.11425185867241064,-0.1915072201755434
2007-07-01,0.7284627242982014,0.5968498532315434,0.5751895676353957,-0.2106530602355306,0.4674672261793619,0.5226823544563461,0.09383187646510972,0.13042333434501063,2.7156220498495416,1.4008408247318505,1.2146748157759275,1.5797237398868356,2.9688505631209616,0.41859020226627586,0.9618476518828726,0.628560956747926,0.8347938124072058
2007-08-01,0.19480348278531043,1.2522365348603013,0.7475928703567845,-0.07386030636872845,-1.4106123069381034,-0.4685459610692944,0.03194687305889063,0.20995255929300755,0.8695395738384905,-0.1067713782208792,-1.6516988605331424,-0.9204429796055273,-1.2116455397206447,0.19232072695033894,0.004602141875037668,0.29793367941366355,1.3385368737835763
2007-10-01,3.068538084889458,2.7522158501980827,2.2721973651325604,-2.9738048983973417,0.3979391774754995,1.8431406238008479,0.3509174757257722,0.29545327780149727,0.9603670849287196,0.47288697542029445,2.6946604721983958,1.8159008837710755,-0.23062227757643658,1.5982133138074754,0.9618476518828726,0.775506413340929,-1.0224822682236547
2007-11-01,4.358953245551431,1.0697102098871811,0.6496692487400832,-0.4305908079032062,-2.0621687045577195,-0.544497342084346,0.3627036841157487,0.10072487864371561,1.8346666696165699,0.353819048305014,-0.8709196047931343,-0.829138525048483,-0.5850812802421705,0.6526906651236742,0.004602141875037668,0.04077913037591078,1.2340025957930079
2007-12-01,1.7461120642268282,1.310546929479688,-0.23204315087827315,-0.4633474968482193,-0.5374592720877064,0.45710065738961864,0.14865113662567864,0.10583626033935768,1.563079949523461,4.118958678884379,0.6348625447546292,0.9951301870322905,-0.7312707735845876,-0.5916071905835593,0.004602141875037668,0.00404276622766085,-0.02735878883544082
2008-01-01,0.6013868075933917,0.5290548816583307,0.291359130707493,-0.6949699099270753,-1.8568214331767001,-0.21902112367603624,0.1296592416463267,-0.8400267975424858,3.6084913466066038,-2.073440021130286,-1.0958042184619827,-2.011112135080297,3.3494467763570928,-0.8773921712146732,0.9618476518828726,-2.016457261926128,0.6849361431215102
2008-02-01,0.16828069439471244,0.6548990923228881,0.5217165370072135,-1.0275545142576388,1.8866149904601561,1.780820874705668,0.5095632932212382,0.0047491772048246905,1.5686940368551328,1.4503648301132783,2.5918831103874878,1.672300805273374,0.3726000055552263,-0.025418849157093224,0.004602141875037668,2.134751886826199,0.46625849889832266
2008-03-01,0.24081271839136498,1.0579691286860105,0.47927551425738013,-2.20186683854061,-0.3143041805665736,2.1728776188905177,-0.12182820684059087,0.6260274883973499,1.1493619088798006,1.4157622572719106,0.6680947820401234,-0.5269436996771891,1.8665516605864365,0.24406416996665806,0.004602141875037668,0.7020336850444259,0.429731361495591
2008-04-01,0.8917985524211052,1.053748820639698,0.7360887318218327,-1.514883377523533,-0.036268048461187224,-0.4177891945503838,0.3804811458643395,1.2579426310347792,1.9208110878872149,-0.05098228785573806,1.3201424696577548,2.1880434741671544,-0.03289102212220238,-0.10100894645970895,0.9618476518828726,0.5918245925996728,-1.3455146107555096
2008-05-01,0.6204723952926481,1.686494793460537,0.5407298302936896,1.3320097556188002,-0.26480897009068916,0.21261060273257784,-0.37068637692462103,-0.1113844995290835,-1.102217691723665,-0.5788048224860171,0.39601706827374294,0.28486432386942057,-0.6858315587567693,1.3506312684767423,0.004602141875037668,0.5872692834452893,-0.909148585819956
2008-06-01,1.0189405508727054,1.2037617840955281,0.7501251073299126,2.001077209481306,-0.6439870588862981,1.3807127344781924,0.44263829856434483,0.35237918618975045,0.4084303335621287,0.9654679649131412,-0.512602701468908,0.38032032108437536,0.6545976728192519,1.2916685418236664,0.9618476518828726,0.5600109012472881,0.1945197844546059
2008-07-01,1.7966564002039451,0.24639646666350234,0.8482894032557456,-1.0104919123436258,-2.015712807347715,0.7561489683119583,-0.09108784274261743,-0.37514958644944546,-1.0082140485972617,-0.369819181831617,-2.4688515404835876,-2.67667599873721,0.02645613703292532,-0.1218123088128535,0.9618476518828726,0.8512200598504689,1.2575180825597836
2008-08-01,0.2858236048219481,1.1327306598875524,0.8502419522558358,0.9925196858793199,-0.4734544773914721,0.8583644147233919,-0.2105303470401116,-1.0897600590816519,-0.21071479461493603,-0.31121870097585613,-0.47031296348056506,0.5930036076598673,0.7151078991964753,0.9087208412336863,0.9618476518828726,1.0977651469222116,-0.08719347863643209
2008-10-01,3.9579797370652203,2.671221138290075,2.3240060204043185,4.030577759904615,-7.389666875570908,2.5850860913049223,0.10671248247579432,1.283768701144927,-3.6273317135935588,-0.5394650523281038,-7.190942816745262,-4.561880624019641,0.7770682272916917,1.2000306296399421,0.9618476518828726,1.4480316845301202,10.216370350093245
2008-11-01,1.680161342953217,0.6453200321865848,0.1034169410171455,0.34135673478773626,0.49646326588919404,0.03567374345741776,-0.07808733530218305,-1.163683564623629,-1.4338641714129219,-0.2988708185534119,0.7022653554248189,-0.3006000582735797,-1.6370957239483184,1.6761546721614111,0.004602141875037668,-0.2031503275684732,-0.5389516876753824
2008-12-01,0.24408412564791251,-3.4105530782263678,8.582690645694168,0.44885031850039653,-0.6359071014944074,0.1854988242578728,-0.4325370967892192,0.9805207713974289,-0.01974260178156748,1.919423828735703,1.120666791932647,1.0854738897375675,-1.5886309089109365,-0.47091785317970225,0.004602141875037668,-0.03159150699614086,1.2886250640898524
2009-01-01,-0.552512743992682,-0.41540804680789023,-0.2900439449705512,0.7704004114210489,-0.30212114665519746,-0.5598307143680937,0.17703576964598242,-1.8082786272180436,-1.62891773191152,-2.4977979152732233,-1.2682865720945447,-0.7358611500733241,-0.1911017551296765,0.3887403203434868,0.004602141875037668,0.1437458690470205,-1.9988191924684757
2009-02-01,-0.5554825472297175,-0.10958415364799952,-0.30935974490429047,1.7405371945557653,-0.4628147097512684,-1.0899020330924964,-0.2927238970397421,-1.2076242831597497,-1.1512821216024978,0.5222495390098586,-0.24440609297064333,0.26496400528104563,0.0006042493961676089,1.9631373332400521,-0.9526433681327973,-0.5017282497743332,-1.4695912538138207
2009-03-01,-0.5714229304296958,-0.7696187300425101,-0.17858999545149476,-1.2806332084016032,3.700746489590144,0.1854861057954015,-0.45615360195497845,0.7816902209307296,1.5873249085473236,-0.9711062891854579,1.0391171467040365,0.44261679954813954,-0.6840979119214061,-0.9748649337897003,-0.9526433681327973,-1.3292282242502307,-0.35022761934114416
2009-04-01,-0.5990411590678847,-0.48072367422106144,-0.36552535567366895,-1.9102325192673235,0.8289341757217371,-0.8144278275533541,0.15294449445030373,0.9432446430709738,-0.11081581402677151,-1.1203592502869957,0.235357307140864,-0.776732746006406,-2.150199975564173,-2.3769802207738833,-3.8243798981563017,-2.730330119164192,-1.6304351039548783
2009-05-01,0.3923184915082459,-0.33507154975851194,-0.14611748986763543,-1.9931927134825818,3.339344159669776,-0.9965367291255609,0.2981510299254501,-0.17670379066685982,-0.15940392775387502,0.15659316598133927,1.5012538215892084,1.7317778137337738,-3.9736430917074186,-3.2739507467005575,-3.8243798981563017,-3.9023552518407283,-2.2943317363792466
2009-06-01,-0.6131278952994639,0.1497611277819867,-0.04954855904019194,-0.09572561838323518,-0.3554605668190225,-1.8689569276971616,-1.1870381242135872,-0.613553539416522,-0.7705746147345728,0.7757494742485935,0.2061465391380068,0.1816233455483703,0.030219795974042445,-3.035612337644242,-3.8243798981563017,-4.1631099645650105,-1.1460992503067151
2009-07-01,0.5014254735655032,-0.8650981395995665,0.00525546621137788,0.46760429285295846,0.8157796749832407,-0.3226227321852517,0.35491755817798787,0.12534214876201888,1.2513049940710361,0.2019334825165586,1.3881953261021494,1.5202179116890955,-0.24460187562549685,-3.6079193330280206,-3.8243798981563017,-3.268432552098511,0.5589625715285961
2009-08-01,-0.8744162136341934,-0.18921491444929775,0.12781931586046524,-1.3888445140739514,-0.17723668971328432,-1.4798258108320204,0.46458922927484964,-0.04934120248866184,-0.4472217335686045,-0.12920667418967238,0.15640876427857225,-0.4520809261714868,-1.0480974933504832,-3.0320192963016854,-2.8671343881484668,-3.3389663712631545,-1.1462032174909726
2009-10-01,-0.34204740889839885,0.9621846768579576,1.7967791238217228,-1.8035482488968173,0.14759553412795695,-0.7665204508107278,0.30961202654524145,0.7329189621284774,0.8207069751684144,0.5492477069411934,1.902460638952988,1.5203974007239769,-0.8942225337820394,-4.416906410694633,0.004602141875037668,-0.6472194973925282,-1.5071772812356194
2009-11-01,1.3030750791028842,-0.21043788585131767,0.6280597638628862,0.2750481115212496,-0.1335226186491851,-1.1994633644533086,0.19356787729420213,0.046684140241764586,0.2810676898158422,0.9283705216990923,0.9571934320173419,0.8972240210244791,-0.16108868443667756,-1.1846432706359422,0.004602141875037668,0.24754002746038684,-0.1569208035456314
2009-12-01,0.309845202756688,-0.01370073774157087,0.08233173482726365,-0.17789482625189162,-0.03325472460521342,0.05933201195022229,0.06842851133089853,0.7990661953532402,-0.6199092710169026,2.053144430240689,0.9405683073230231,1.1835313885210985,0.5012858724139123,-0.8702060885295602,0.004602141875037668,0.08977680049155785,-0.3917480170569345
2010-01-01,-0.3580464760150873,-0.8208490498130429,0.07493572270788941,-0.5010406586125956,0.15659054548088214,-0.0026937109112576125,-0.031288176037687444,-1.3283807310004108,1.0454133996212613,-0.29381532440466757,-0.9859561472170032,-1.3701878507333483,0.2288824725148289,-0.9719075843769777,0.004602141875037668,-0.8862262825410469,-0.009772582092120636
2010-02-01,0.5101422050306172,-0.4052406789525537,-0.294373042014662,-0.07410133244861002,-0.42103451348987164,0.07514072316911587,0.22067580164985073,-0.8501196767979027,0.42778847766457456,-0.11058161131320227,0.18615142273085183,0.2855243764476525,-0.5874001709138219,-0.43398323076351525,0.004602141875037668,0.7947562681546096,0.721383572349644
2010-03-01,0.91121585865392,-0.24380664947551015,0.7367249746412028,-0.35764797071107784,0.8309706450760087,-0.046913323725652774,0.3043294846992988,2.0057162187617306,-0.015619362308779852,0.7890842733058265,1.6166895013692881,1.2324694920256136,-0.7768204117776083,-0.24252940476431492,0.004602141875037668,0.06796403984561658,-1.4108932718940528
2010-04-01,0.5705698782322742,0.19432375175428523,0.6667354401975645,-0.0036751738695365546,0.46854194207278194,-0.7957993961819362,0.22058013827836737,0.2661151468385365,-0.524075703019962,-0.6036808474028258,0.044725391653114364,0.030046170941389175,-0.18745778407424282,-0.5184565540196949,0.004602141875037668,-0.04349408898017539,-0.4696414917115099
2010-05-01,1.3594402547497073,0.3989972349543889,0.700722637795166,0.11436173683834684,-1.0990149059894219,-0.17269796152731026,0.17320961845639585,0.9573454160906674,-0.7614225552979088,0.4947275548840952,-0.684177781714308,-0.6911682107666802,-0.584750010146222,0.37446028423845096,0.9618476518828726,0.8357540505440568,1.9391143404739342
2010-06-01,0.48594060752215734,0.4326072638055235,-0.014508867996724207,-0.18996057422011295,-0.47279431176354836,-0.13465455136999177,0.4023950599961293,-0.9821622145887835,0.4898587693069089,0.7870596454403671,-0.22439848286210948,0.1066401218593716,-0.05812993861564164,0.5797242870901986,0.9618476518828726,0.6428881387657414,0.16857839672180544
2010-07-01,1.0944831665120607,-1.0229061269856574,0.48712272986569816,-0.37223703438412264,0.1732872616726615,0.19641653124371214,-0.4114288636639005,0.2640657194935074,3.036151236812053,-0.2826793409600485,1.2674295490832304,1.724224406529428,-2.9191441222816508,0.6132593396207365,0.9618476518828726,1.03266096237868,-0.6717631494717536
2010-08-01,-3.53681797349127,7.972005714378129,1.0006757284839594,-0.5049907857929083,0.6260931795960534,-0.08291853993320406,-1.7122397060117542e-05,-0.225349033693476,1.195901126197333,0.35922587093569663,0.9557015920340036,0.18571716080890216,-0.2845530491969747,1.628247454260647,1.9190931618907077,1.7563673360992194,-1.0111025873284791
2010-10-01,-0.46218786335754297,0.8240350838760514,2.8073974844683574,-0.26590387836376683,2.68679585759819,-1.3806335282077382,0.5967104286036494,0.7871232422225244,2.1810397236086985,0.15360530048639243,2.78431017927692,3.367302702663319,2.2228303070431776,2.055727244759801,1.9190931618907077,2.0906682498483016,0.017785022777785528
2010-11-01,0.8953666199782543,0.9214858932954979,1.0278054711650104,0.3162693355419846,0.879331388912289,-0.8470312067498711,-0.038576437344565694,-0.2480671583174025,0.6945337195281149,0.9459684528834255,0.5022691499835671,0.549205627778337,0.13682251285051203,0.08047579900508985,0.004602141875037668,0.11057822225758923,-0.18503605058565098
2010-12-01,0.8195118223849285,1.1249506778272007,0.7229038626986879,0.21991871492178375,1.255485152243318,-0.3467202228617204,-0.4109539651962171,0.5496313547204662,-0.29028720347393744,2.179803379220608,1.7959017565078268,2.4084927950949924,0.1749185738846853,-0.31568004132817934,0.004602141875037668,0.022043584660302533,0.16722367280571324
2011-01-01,0.32734325371118883,-0.10782877342154945,0.5578043011451774,-0.6915943051068644,-0.30819604531589345,0.2738744873480504,0.5190937652991123,-1.245495446311571,0.051113793584779785,-2.1818668399210766,-1.353303534977925,-1.8274559434735695,-0.05365779232033081,0.6332513901677875,0.9618476518828726,0.8555916871841133,-0.37164769476700477
2011-02-01,0.6726797215001813,0.2676856330019132,0.8006760286452951,-0.40945548228666484,-0.08698955583035478,0.2501396691949811,-0.11422212710944628,-0.957516366896778,1.154741420754071,-0.15540221912332447,-0.1553429636239208,-0.05369057989342973,-0.20272933549750347,1.1952399078498666,0.9618476518828726,0.6509701388783556,0.017002433427186683
2011-03-01,1.3523296890705703,0.33226482015834335,1.589784529362018,0.1940907774166878,-0.5219424332050893,1.1850426349172134,0.16754489582005877,1.354467011979849,-0.40495859059842193,0.6669110444180198,-0.14484715762278086,0.0971751850202578,0.37103047068666467,0.5171685160236212,0.9618476518828726,1.0763772357150994,0.3569335390779643
2011-04-01,1.791232740242916,0.19917122520072922,0.9451626166450463,0.8384683114134295,-1.3573269443509997,1.1221896600289973,0.2884802788824698,0.7492803857071144,0.020057309353708894,-0.1651295415043732,-1.4925000015252936,-1.0688858924013733,-0.3458380169475911,0.5162472233716835,0.9618476518828726,1.0690299628854483,1.2085841945022324
2011-05-01,1.9201043976665337,0.7907789918037437,1.0048023701930766,-0.977737074527755,1.0202108819652347,-0.9398515784358368,-0.47331006716050894,-0.23807499476403018,-0.45607770287945093,-0.9904760137253298,-0.04246157837134519,-0.05286508189789547,0.060961660878125754,2.0290097578536006,0.9618476518828726,0.9782911434392685,-0.19076054676132478
2011-06-01,0.1503955623313761,0.7256710512501666,0.768209990450243,-0.27627144071152276,-1.6043653818964987,-0.5792945857058868,-0.26225262366078933,-0.7028567287558136,0.38410418274966446,-0.1895263730944425,-1.1892472230835254,-1.188502664094729,0.4180708243114596,1.6448307219955283,0.004602141875037668,0.162743859348106,0.17125948986737496
2011-07-01,0.4069005390795761,-0.8774258629157959,0.24491774720330312,-0.5626824466145675,1.6864536045132512,1.4487382657029393,0.5320576807259761,0.07464421235445912,0.12021140438939068,1.171216726175236,1.50453751151641,1.1928799051824654,-0.01059267984691806,0.0445453855795163,0.004602141875037668,-0.059143780107329944,-0.7206749838841585
2011-08-01,-0.1029184441886958,0.8946423377131507,0.6272510831231684,-0.06348572778543979,-0.7514490504851269,-0.09081643453973455,-0.10744661046772458,-0.08032019105878417,0.3626071161976242,0.7094573853228451,-0.22321719895835304,-0.34632638490838347,0.5194394736719403,0.4545206156918453,0.004602141875037668,-0.1061663262170922,0.9603798699497021
2011-10-01,0.644660365208782,1.3673755420343936,2.5953301476776685,-0.19923573719802976,-0.6772135574561652,1.0322810860599771,0.001557392804768957,0.18904841825581525,-0.15172906523673646,-0.24474126912209915,-0.443022924778637,-0.6431977496360238,1.2889799065621392,0.6470707799468576,0.004602141875037668,0.145477768198426,1.083546327567644
2011-11-01,0.09596363133292402,0.6853380290474154,1.0286330035982536,-0.6695676077369259,0.10065791008156084,0.39372139634049885,0.1660041132220137,0.6688539991802097,-0.02073053036226986,-0.7053576424914432,-0.14905893567970174,0.06086101002784687,-0.40911060527391024,-0.07522265917240505,0.004602141875037668,-0.04297977988210141,-0.595605611742218
2011-12-01,1.06555890716449,0.5689384957862239,0.7401385777085795,-0.2293055843595129,-0.3219244507779349,-0.0759103950312382,0.7231999599399636,0.4322398338967507,-0.4694637039195651,2.483681752216792,1.0658606011438898,1.004357595528387,0.16498047100620633,-0.8887240708335091,0.004602141875037668,-0.04481659808950966,0.07082718987390384
2012-01-01,0.02190542324670203,-0.2477049709205274,0.4562548872389517,-0.1051826806175957,1.319528565829953,-1.1678791159174375,-0.5327424761503181,-2.0004878826918446,1.2185413952296875,-1.1593307176702408,1.0918727211522405,0.9682386310806586,0.6830869010708829,0.01967048397719144,0.004602141875037668,-0.04518396173099784,0.10278292169000841
2012-02-01,-0.8002062583500993,0.1539883329528301,0.3261547484798767,-0.24125094324184052,0.3399190957074612,0.08216690343093688,-0.10337372411264047,-0.2533999273799765,1.491876985571917,-0.6763077563140325,0.6373835026595147,0.4329840096456081,-0.7741702510100201,0.3835810814926339,0.004602141875037668,0.0025733116617309834,-0.6759659441323753
2012-03-01,0.4471404484229208,0.09660539395184893,1.146428225289795,-0.3257252882464187,0.37664272009797,1.3702638562487754,0.45963947835152374,1.314550080181408,1.4026861184791717,0.37593246911191064,0.5049276483103119,0.20438036518792055,0.9719544247386698,0.23617425718258472,0.004602141875037668,0.08339331278788344,-1.1271142123570113
2012-04-01,0.12464879641096212,-0.09873993447175464,0.5551846538845481,-0.3631591900436029,-0.5315350340806005,0.6862635372596948,-0.5555758270624175,0.4303120529413015,0.830348240697426,0.023742332556530705,0.1306498362493848,-0.35535001313938014,0.7917434925422544,-0.6934100286226939,0.004602141875037668,-0.029019961505766044,-0.04916984388452792
2012-05-01,0.2637148267938392,0.7064037371333908,0.9169870416766297,0.2867120343551256,-0.9552828551337396,-0.754991436219701,0.7044333234472343,0.8684558905558883,-0.6875888969711014,-0.259074222588857,-0.5880904421939424,-0.43369649171953384,0.5436221906762406,0.20761418497251302,0.004602141875037668,0.011022675415828534,0.5476301484444472
2012-06-01,0.7947291282854037,0.309214019852414,0.8114030630244944,0.015336212384772363,-0.5084576402425709,-0.9780007550105949,-0.000724196072237599,-1.0964529602359103,-0.06643599453899092,0.06241930531136553,-0.15719494820980945,-0.2674231802584227,1.038539714024474,0.2334103792267654,0.004602141875037668,-0.039673507108756764,0.2640076697879389
2012-07-01,0.5141209788508966,-0.4829984296871025,0.8011242912696447,-0.9011172009406871,-0.40126728948784024,-0.6050611802419528,0.01869411026820619,0.6580128299067006,0.1986108235895408,0.6490956378185696,-0.14943167312151112,-0.45971094793055817,-0.3640578722248064,0.124697846298105,0.004602141875037668,0.05841258516707244,-0.8656713996755964
2012-08-01,0.07716907076465435,0.29105014030528614,0.8682030979872841,-0.49647172507975246,0.33195871680599126,0.6186770169284029,0.0651815005579011,-0.16330139725967552,0.8453841177845762,0.34865862087900595,0.1798052998321343,0.13202478656984576,-0.08082194018816782,-0.4640081582901683,0.004602141875037668,-0.09404332604816835,-0.9869538458939493
2012-10-01,0.6249606132584143,0.8904955402120843,2.0663859276057037,-0.7369763384374435,0.20450848197202381,0.23895329664529275,0.0031084151886587624,0.22841039390192813,1.0183783228791643,0.06150732532354434,1.6427871541956265,1.1997062417306925,-0.1215681619899292,0.2370955498345204,0.004602141875037668,0.07788285816564562,-0.840539695771716
2012-11-01,0.003431055090593325,0.07197125679731214,1.0501132658506698,0.2638491792087059,-0.4866315850292793,-1.274136054380612,-0.10597302616196122,-0.36463063121244044,0.4918499966553889,-0.11747359811744243,0.47829552346667825,0.678677163971216,-0.060283194239312866,0.0058510941981234355,0.004602141875037668,0.03600340303663627,0.4984914765391158
2012-12-01,0.4310330901170047,0.22803316698655535,0.5685255306832742,-0.8281783052205834,0.26821035753364986,-0.11144162051672439,-0.04027919365759449,0.666352253014637,0.1646528301448826,1.9857551873807096,1.3375112730121383,1.4872102558721132,-0.5084916340586881,-0.613257567904097,0.004602141875037668,-0.010651779431637816,-0.19365902583761535
2013-01-01,-1.202057665784105,-0.5767331148389269,0.0980113795736945,-0.4033067186592241,0.3789400816067102,-0.5315624347167743,0.3485143223040623,-0.6705948954884563,1.4333867873717436,-1.1488881977907854,0.3930587896306318,0.19579332872459368,1.2071561928626562,0.12101267569035408,0.004602141875037668,-0.3342991475777293,-0.239955928039888
2013-02-01,-0.4114537495866776,-0.31308713151371764,-0.2572357897351931,0.6561012891542698,-0.5178470934349596,-1.1346061361795379,0.00066163953900146,-0.9356218216431684,0.04950211568538008,0.9155015060194197,0.3171307589809062,0.186287665594186,-0.3438503963719,-0.042056123702642646,0.004602141875037668,0.1840509505540907,0.5686419163830396
2013-03-01,0.18873475601057607,-0.6820469266922426,0.278007939186235,0.3889556437165444,-0.49496467354875096,1.7860808620132835,0.07570181485082077,0.34758030277522456,-0.13173328305648382,-1.053423186313155,-0.10829511844966941,-0.09526686927468811,-0.5104792546343909,-0.6841971021033125,0.004602141875037668,0.14951876825473395,0.44240496125667145
2013-04-01,-0.24329923315377666,-0.05368890689509577,0.39728366038359936,0.07349746132318334,-1.6253233896613735,-0.1301510760379578,-0.18038996710340383,1.201952517737797,-0.10611807154127138,-0.2464902538062706,-0.3296920812864456,0.07326388298735631,0.16365539062241227,0.2546001102213393,0.004602141875037668,-0.1425353267238605,-0.2598168107539491
2013-05-01,-0.4735024471120125,0.22352822310698067,0.3588617583873224,1.1643002719499982,-0.9678693669067868,-0.3024101897111657,0.06894563632154921,0.1363150941179696,-1.1148148851428568,-0.7248957090316289,-0.7008919542697477,-0.8669901150808001,-0.35345722915443045,0.0058510941981234355,0.004602141875037668,0.20131704170376746,0.03926842367042244
2013-06-01,0.777783874242406,0.24500905984249513,0.28586665146937706,2.508761195621419,-0.43077264116841396,-0.10258981401322013,0.4609156112058107,-0.6415618992497196,-0.3371090726619991,-0.12398132557816363,-1.1256304782232813,-0.6922043583838158,-0.3302683224379756,0.18918833193375434,0.004602141875037668,0.02718667564106033,1.5413069087111049
2013-07-01,0.32210614797799825,-0.723658386109016,-0.23140470585613426,0.6814769762745381,-0.38981029009259055,0.735729125600369,-0.18820821284623007,0.6059602942423286,0.22743000744634526,0.4976103782204752,0.3603712952396783,0.8938754329185556,-0.9775700899228904,0.1302256022097314,0.004602141875037668,0.24797222417204481,-0.13809581204927188
2013-08-01,0.9924609854823113,-0.06278340122031928,0.028304248234857343,0.5754893798203521,1.0535532246262165,0.7194532897026161,0.15998212125831868,-0.9671959069707488,-0.8357830413662131,-0.5193398581147792,-1.002376469982144,-0.5887910904876357,-1.0544247521831105,-0.05126905022202405,0.004602141875037668,0.6990947759125629,0.4964404875405666
2013-10-01,0.869369706465406,0.9278397010470592,0.8085275380207744,-0.7900746403952761,-0.2962473223906411,-0.4386796349280549,0.07216475273113636,0.8104154940382926,-0.42790015886223665,-1.0172012630254086,0.08698290557935609,0.005850657061815211,-4.749742672497413,0.3052712060779207,0.004602141875037668,-0.9793897020210094,-0.592436187882708
2013-11-01,0.6697091553569101,0.15038997503223936,0.21839610554614056,0.671137654323495,-0.8882510219728171,-1.5117183777167524,0.33018727371730655,-0.24112895733329617,-0.3537900871883961,0.011392446617582043,-0.16181884534679478,0.04267294188545997,-0.8016656689738056,-0.04389870900651811,-0.9526433681327973,-0.2362130553019001,0.3527956451444847
2013-12-01,-0.12827700586585164,0.402263687682031,-0.502976282645471,-0.32137177058277544,0.3491630624257721,-0.3837929412783251,-0.3719851676515627,0.42258503283177845,-0.6396605898983103,2.087919732382687,1.12401832055334,1.2361311032236926,-1.5006455714268063,-0.527577351273882,0.004602141875037668,-0.34348323861479013,-0.23112186789867173
2014-01-01,-0.7236507384099433,-0.5608081011122766,-0.2823511152394286,0.5421454392381925,-0.28816359651241824,0.05857093489544836,-0.29835837953258737,-1.0954762117653702,-0.627484605138115,-1.6664219708409396,-1.018753630732835,-0.6843419754509257,0.4949254865716914,-0.08075041508403143,0.004602141875037668,0.12380331335095965,-0.018953199514197494
2014-02-01,-0.05268255959107161,-0.17964391476202865,-0.07816413720604494,0.07047192512625428,-0.07257849689906548,0.8885832081582105,0.26125817212711716,-1.2469400550443321,-0.23198305246167863,-0.2638465632467982,-0.011977336462557255,-0.06693264090240196,-0.47437081417591465,0.1302256022097314,0.004602141875037668,0.19801076893042283,0.20854117698616254
2014-03-01,0.22172849175037723,-0.2544353449682952,0.09786092244342993,-0.16419487589151635,-0.9538153712235775,0.6483487026280214,-0.31072858174474577,1.3499288114907848,-0.4187047538994039,0.07556792927501002,-0.2959956036203726,-0.37759179739242404,-0.517104656553373,0.14128111403298824,0.004602141875037668,-0.5855758783517626,-0.5032528221739078
2014-04-01,0.17986344141488067,-0.2601157056483347,-0.41321499582042265,-0.29993686985240464,0.8899226326313537,0.2820213147771964,0.01986095834420467,0.4966091913013966,-0.4201920140814869,-0.955520176045459,-0.198504588505869,-0.4719740446965932,-0.15270755100916603,0.26012786613296573,0.004602141875037668,0.153192404669557,-0.4590872472489299
2014-05-01,0.3490805626613604,0.3568362919478485,-0.040012502162818576,-0.19191889999308784,0.10186138432739524,-0.21027869814785885,-0.3053182515424907,-0.003479923176527568,-0.3485323821813687,-0.739788731328184,-0.06888189159078134,-0.4484486141877641,0.40316366999374703,0.4784742246422304,0.004602141875037668,-0.3629535116133617,-0.13916761920335127
2014-06-01,0.26889966258749826,0.08402969891492466,0.19485607093466342,0.15494778768459358,0.5846334230052888,-0.4032567990041761,-0.39817120950931206,-0.8790473866689598,-0.31869244871655655,-0.1325825900793687,0.1591866822900934,0.18175164428799662,1.5513458225539685,0.6157468297809706,0.004602141875037668,0.17266267766813018,-0.13395035686602882
2014-07-01,0.05624856781688619,-0.8949610364098483,-0.6491586226528865,-0.2095577221870862,0.07616332425492335,0.39924536918386067,0.28084033728165914,0.6236831317069498,0.25708138293181465,0.31079137494738207,0.44255373133396125,0.29947331552153056,-0.2534136601777497,-0.13234280359255252,-0.9526433681327973,-0.5499416051279592,0.030081505206875914
2014-08-01,-0.5234743131567675,-0.2663344580222071,-0.21860102634242454,0.6523067533557338,0.03438441101790756,-1.121733784018361,-0.009043896866522188,-0.48964605470458206,-0.6835964122508864,-0.0005726235578632132,0.2754410442660391,0.13817880230373047,-0.05432033251222196,-0.4170222330413379,0.004602141875037668,-0.3276866020310433,0.3654796416239914
2014-10-01,-0.24231794441131374,0.8355434971788315,0.9001091403894733,2.0970709878026756,-1.0120893948645409,0.7108790770876261,0.3149379871349855,0.6226506361324975,-1.059054727747697,-0.3036273570239491,-0.03102250319689296,0.6553595535349852,-0.9404678391765626,-0.16090287580262422,-0.9526433681327973,-0.8394241546161756,0.4336821144974051
2014-11-01,0.13608115607042987,0.1682622663970576,0.08777616038942751,0.4140742792343684,-0.4906670151508411,-1.3093958832412338,-0.27787354782822293,-0.49020716554612886,-0.4557878203472439,0.40522464524911217,-0.1657870387751549,-0.26211201222010705,0.30808915245629986,-0.09825497547085035,0.004602141875037668,0.4165921356125174,-0.16509608980113946
2014-12-01,-0.5544204338984889,0.23744883423100274,-0.46348156671313434,0.8002478633896962,-0.30608370874913016,-0.19896795680439508,-0.2883915431436789,0.885259131578151,-0.8509195699667161,2.317996316429118,1.2229304301930444,1.3952325936382548,0.32630900773350346,-0.11668082850960905,0.004602141875037668,0.5701501377522032,0.5537954024709618
2015-01-01,-0.9503951367421224,-0.3706597538831052,-0.6518139465438512,0.9574273249943259,-0.9792320589929175,-0.3706667477953099,0.13354351579887655,-1.7380104646670975,-0.10510836975173635,-1.6233675361616289,-0.6378843224088471,-0.2880253075309552,1.7729655167440364,-0.21525914226695236,-0.9526433681327973,-1.6553388023488231,0.6458980406929042
2015-02-01,-0.7773933353227092,-0.09373737388149929,-0.3730321537784061,1.5676317699368936,-0.2973623826181366,0.019414889473647348,0.058154935988355735,-0.4765191806393415,-0.7242151037611537,-0.18881424658992002,-0.11246316208188456,0.47890474345221823,-0.4342871325660503,-0.1756435582336279,0.004602141875037668,0.32217967975151124,-0.6159167038693243
2015-03-01,0.04072340952650678,0.21858076515058755,-0.10748898969891847,0.26470622909685304,-0.9021431554738787,1.366324042110502,0.14704502314890752,1.5531139299083394,-0.6382039836002295,-1.1612803964712475,-0.963855071387236,-0.8751023689444204,0.3895815960598226,0.12746172425391616,0.004602141875037668,-0.2817661468457292,0.053023282147789653
2015-04-01,0.3801510261076475,0.16740161859426533,-0.5090167558935494,0.5841321729204657,0.7467278006976973,0.27407939195963377,0.4603168347135529,0.41866145177279185,-0.10644740211875538,-0.7670788302608159,-0.1509938748627361,-0.04564599962911991,-0.38945524624769257,-0.07092329346332957,0.004602141875037668,0.600641319995252,-0.2517735313172424
2015-05-01,0.022701112565295927,0.5128629560074334,-0.4219087315120636,0.625395804177222,-0.22685350053707806,0.7821155175860578,-1.0331064805344483,-0.5279242474528766,-1.0336226167703177,-0.5146732943258092,-0.19657563704391645,-0.12318449704113392,0.3964278447095508,0.5921003183812008,0.004602141875037668,-0.12563659921566375,-0.3706111734451587
2015-06-01,-0.8885233313001055,0.22819221125005656,-0.9439514799493083,0.20883675654236017,-0.1238509924116578,0.10391761584835871,0.3704010693728416,-0.41894234140775943,-0.5363730600771445,-0.40323030725800824,-0.5317033337832265,-0.46343677037433545,0.7152201003779711,-0.18209260679719408,0.004602141875037668,-0.19984405479513018,0.35400859562749853
2015-07-01,0.09766896711848082,-0.8557441353257218,-0.7757956191140227,0.39978197887677575,-1.1026362118141428,0.45032386979351624,0.10810953781186043,0.39546101087580676,-0.4676219826703777,0.4431546990996308,0.05091462861777805,0.06558880262474232,0.03214116253053441,-0.265008945471598,0.004602141875037668,0.14915140461325066,0.3406314845862697
2015-08-01,0.41428714828338875,0.16708604911384795,-0.2249767802243101,1.1578528509644375,-1.7749228655351672,0.2352364352966003,-0.33779060449071435,-0.7615386383570817,0.25453880585341343,-0.7311871857570992,-1.6871295121278582,-1.0072310218585963,0.44788513294689647,0.445307689172468,0.004602141875037668,0.5561903193758695,1.0297606375780421
2015-10-01,0.4821443230383048,0.9509776760846821,0.3422138779378258,0.18706628048275484,0.16280244319489265,-0.3704287375660483,0.5962733969279835,0.6118870741391176,0.6574158484724092,0.6472669091896828,0.5283622344079911,1.509221523870978,0.09972026210419606,1.1851948460320112,0.9618476518828726,-0.337972783992554,0.28161908069713965
2015-11-01,-0.0005988118460793144,0.17349389811723603,-0.3445252208094735,1.7532935178583358,-0.4196806290797775,0.13824273369159917,-0.24128588584283583,-0.07038698679030639,-0.2759719344424879,-0.7379306244046945,0.40535514104096737,0.6687919516477996,-0.4077855248901162,0.47009343342133114,0.004602141875037668,-0.07310359848366531,-0.23517973860547872
2015-12-01,-1.3333741415154223,0.22087529936912834,-0.3963838811952602,0.8876265092426678,-0.5006240521162124,0.4355193736786615,0.4319573006225266,0.9605612582311873,-0.7205389207340986,2.3087081867225354,0.7239794928748237,0.6025827707323396,0.15934887937506984,-0.1010188534266615,0.9618476518828726,0.9775564161563052,0.5934450209742496
2016-01-01,-0.11950777674218209,-0.6891616906625583,-0.7468007637458556,1.041466795274082,-0.6139579252075252,0.22147116911798406,-0.5503870914657027,-1.9365399151483365,-1.2152555940351761,-1.4443912902080511,-1.2878136974341972,-0.5241069853031497,0.5972879462200295,0.8893707474065032,0.9618476518828726,0.7681591405112748,0.9738262924471031
2016-02-01,-0.7556934937470652,-0.01595039513344183,-0.5514146154527181,1.2874689722038368,1.489895363976686,-0.3595418931955874,0.30364637730134275,-0.13748705101967734,-0.15632297683168242,-0.5939213781703233,-0.08647013350451042,0.03556393972036591,-0.22757459269370084,0.7152464361902537,0.9618476518828726,2.254879797590983,0.5556702773604195
2016-03-01,-0.12770719827229698,-0.7096027472406714,-0.3324535364933572,-1.8989017621140567,1.272432036868241,0.8806429521813428,0.28805058967141195,0.7103969523027132,0.3747308747864626,-1.439876499436876,-0.3785065472383932,-1.3255036390822807,-0.1321688050603052,0.4572844936476646,0.004602141875037668,0.9206150517265171,-1.860527084801328
2016-04-01,-0.015205700756436107,-0.3684820208197262,-0.5825555169173041,-2.1001432206687904,1.414868428902415,-0.8367525719190458,-0.5947856115828881,0.041293396782686974,-0.295222711733807,-0.04999341042151932,0.29248956909298834,-0.567028504876029,-0.08777861220310426,0.050994434143078374,0.004602141875037668,-1.3592437073139239,-0.5623928221528101
2016-05-01,-1.318581674336579,0.12572112410739936,-0.3410724144721384,0.6235551947956708,-0.2059546395374979,-0.25559166124845745,-0.23117800578182862,-0.023027907179510476,-0.6917047744077714,-0.8602174584689362,0.3639275371819351,0.45426744047537715,0.2355410014434105,0.904111429837511,0.004602141875037668,-0.08743078050148559,-0.07076351300289206
2016-06-01,-0.13176661035518644,0.04438724626931034,-0.09782460674861103,-0.35752188759409154,0.20663865991529518,-0.46092011039182734,0.20533592119225796,0.08880422071629465,-0.9466149941911287,-0.26368203572975313,-0.451872600520469,-0.9280376568475742,0.7195266116253018,-0.5036237423234968,0.004602141875037668,-0.2626632374886377,0.06474038381369336
2016-07-01,0.01771282721784049,-0.9238713207151218,-0.7706563244449942,-0.3728724675852826,1.0142883632911126,-0.6303243221132746,0.30133323121632843,-0.5881847815681066,0.651197116900595,1.1367586598623545,1.244170188245125,0.9367014091360644,0.7172077209536623,0.5890293428747704,0.004602141875037668,-0.2938891470146531,-0.8616859909456968
2016-08-01,-0.7347798969826838,-0.14615064916215637,-0.5436021017956109,0.666284991725338,-0.12606964509121762,0.17983029435144543,-0.045936723089757214,0.4028642962604985,0.12415901021252335,-0.14034010069194905,-0.2227386519000231,0.4269142768409833,0.5217583643435917,0.12101267569035408,0.004602141875037668,-0.3519326023688877,-0.48885336715414074
2016-10-01,-0.22128601123412084,0.2407559989425612,-1.1865446201575287,1.022952179922874,-0.0333363408424952,0.9464617495769743,-0.34690165067381373,-0.25011140483701105,-0.14589125583552853,-0.44909590985027076,-0.40877412481024555,-0.563396190970722,1.9995542623733495,0.023355654584942362,0.004602141875037668,0.24980904237945634,-0.7735155176532305
2016-11-01,-0.07878011614851867,-0.015086774979086236,-0.9417258890276018,0.31268084592641865,0.12006674328580791,-0.019826260328066916,0.16779717110231437,0.0961943436034419,-0.6814183854979974,-0.3882951141012478,-0.03297196719766337,-0.10299610113375801,0.0029893940870063256,-0.29541160298554514,0.004602141875037668,0.11314976774796569,0.7121881474801123
2016-12-01,-0.053780696982401247,0.032136216095538545,-0.4435728301801898,-0.16328021950126773,0.04903189167818265,0.10934270402501797,0.3237633269226985,1.0230197150163587,-0.09551496736907207,1.4944191440352885,0.5750049016884751,0.3926722412733904,0.5532290234587711,-0.31568004132817934,0.004602141875037668,0.33026167986412713,-0.1041684843571424
2017-01-01,-1.0730067185690915,-0.729272684638008,-0.7793870790801692,-1.1022038622884476,0.24137014751006713,-0.1727469938883313,-0.20332911048253463,-2.130291658610454,0.242067272576158,-1.7362321772216627,-0.6056966194061683,-0.950287257471658,2.0538825581090356,0.6949779978476237,0.004602141875037668,-0.44524296730544566,-0.23959991919682144
2017-02-01,-0.40696377742482737,-0.4121041770048785,-0.5314904825503993,-1.6211076058220864,-0.22326726423680757,0.07708190305268017,-0.1956898741576948,-0.8191212641281607,-0.4590905499418192,0.1723210900671922,-0.4676167503646725,-0.7968060342162079,-2.0969317441355204,0.36515522845387927,0.004602141875037668,-0.0058760520923665654,-0.17949270935224504
2017-03-01,-0.7572876650670212,-0.4790998097210272,-0.18126714110080855,0.06236224728519882,-0.07118370027573852,2.9352607201744694,-0.5789576856772105,1.6302482262115274,-0.17348632449893414,-1.0866234605685878,0.09668493461463147,-0.08882557821081392,-0.23983158624383116,-0.18854165536076023,0.004602141875037668,-0.0095496885071896,-0.3744028251498493
2017-04-01,-0.4357285658856251,-0.5292772486712017,-0.7199728968716658,-0.34902955397488755,-0.21059790899200206,-1.6288827574202003,0.18777391166916127,-0.19679177298721356,0.013024144958016199,-0.22516047367985403,-0.23102920465327767,-0.39481676552541317,-0.25142603960204096,0.058364775358580215,0.004602141875037668,0.17633631408295647,0.2776065774889188
2017-05-01,-0.5023185011842743,0.032087130128810204,-0.40129867525738905,0.4996244965700551,0.25873576090659567,-2.115828320978747,0.09778467296337214,0.39031207055337563,-0.04502530067509153,-0.01765938207374226,0.4435863890632081,0.3715673068068982,-0.0887724224909557,0.24722976900583749,-0.9526433681327973,-0.7953405176382747,-0.2775365995764374
2017-06-01,-0.4513412968997084,-0.16130218094740945,-0.23130831882636674,-0.11909899765092667,0.031137452979367222,-1.3380318574173053,0.38279458504210256,-0.6928072840138562,-0.772496607715959,0.2522878563993493,-0.03155988556488307,-0.5646958818700148,1.1342767717538182,-0.012574758840631176,0.004602141875037668,-0.26266323748864095,0.07863418025547853
2017-07-01,0.20068928090700833,-0.8416569289288948,-0.7354837768109193,-0.39942071430031745,0.3699818948204761,-0.2886369903681605,-0.2945904428920684,0.6227455984962516,-0.024011944996675368,0.37313070280676186,0.31894457612074406,0.4204274149866257,0.16531174110215485,-0.2088100937033903,-0.9526433681327973,-0.59402524210586,-0.054097258314221984
2017-08-01,-0.6479077839046283,-0.053815851153762105,-0.397799524820041,-0.1692420295328067,0.5189503308922937,1.0968543481229542,0.1535195075984604,-0.2189396231086666,-0.9149235607944971,-0.9147540319549335,-0.19883737050726097,-0.03848219766006244,-0.41441092680909825,-0.2861986764661719,0.004602141875037668,-0.39858778483716667,0.4508020441719301
2017-10-01,0.2099465435870362,0.4811103141267634,1.2680146103846888,0.17866433169856427,1.3307749858262128,-2.2975246470389163,-0.2029192527340068,0.5908662638482071,0.6340946313814825,1.5206373248723106,1.3776211777567828,1.5890306000769183,-1.6295096387510726,-0.6040446413847197,-0.9526433681327973,-0.835015790918386,-0.5281277586378786
2017-11-01,0.47136409787162914,0.13815147338968856,0.3198610892235864,-0.23089860089491904,-0.15329571697768807,-1.4499150534579894,-0.21392992505773348,-0.6009235576233923,-0.6315473455354103,0.01287598923540118,0.07037393978626828,0.2259553584670577,-0.8725574695069642,-0.37187889309638705,-0.9526433681327973,-0.5363491503931072,-0.026561707089460127
2017-12-01,-0.08519154198360063,0.17281329472189247,-1.0591347696480515,0.09836152589286426,0.08252877827961748,-0.4100742709343941,0.287381594432478,0.9726963238907629,0.08550628030921376,0.9516670054510911,0.684312612926804,1.1008066448123837,-0.8848144630570828,-0.67222029762812,0.004602141875037668,-0.3534020569348176,-0.09974830376579968
2018-01-01,-0.6321745556385518,-0.47397330538435956,-0.7025580898342801,-0.6507797294495349,0.5527710338626861,-0.496374019708349,0.11326637362585389,-2.050357543340626,0.09945803337307557,-0.41186610055282524,0.43195433799870714,0.8042333624273388,0.4266838468061445,-0.31936521193593026,-0.9526433681327973,-0.5859432419932459,-0.4501775746100706
2018-02-01,-0.3981947917180769,0.15706421958963218,-0.24676950240905832,0.6615877927140992,-0.19545205470360588,-0.13649440379035693,-0.21026377579753464,-0.2744572554484987,-1.7144396816357406,-0.1928021321633418,-0.553260439749053,-0.8167081999072517,-0.5214111678007214,-0.6473453960257992,0.004602141875037668,-0.30968578359839993,0.3230922206019033
2018-03-01,-1.7556836051747982,2.2579082344215826,3.348448741306244,0.05474105822556313,-0.21709919523755108,0.5565165952386802,0.26645687678260266,0.7842526269020796,-0.20197975768779414,-0.07821576173091042,-0.353476883099568,-0.6011026709511574,-1.795144686725718,-0.4861191819366779,-0.9526433681327973,-0.7413380623403464,0.4979688051491623
2018-04-01,1.6428245129441095,-2.4228229301956765,-4.217540847941975,-0.45024747543979415,0.41508465425342084,-1.2729729799174234,0.461698997956323,0.9569711946272961,-1.4163097109112432,-1.433540625165938,-0.5596188354700754,-0.9387548222841692,-2.41395722595899,-0.4299203301684702,0.004602141875037668,-0.20241560028550826,-0.06119853205113327
2018-05-01,-0.07654659697624538,0.2603985266641929,-0.10128903794865828,0.8559119294101327,-0.40119194769584837,-0.8160604400881947,0.06927481214701053,0.16146091627920467,-0.36865177042730535,0.7729243888448316,-0.5265225181270297,-0.3754148184990772,-0.8000093184940631,-0.26316636016772255,0.004602141875037668,0.026819311999575417,0.41635425045436214
2018-06-01,-0.3909837328245193,-0.004018216303631039,-0.12407153070137962,-0.0706128136025173,-0.6423946043452411,0.10894171034438696,-0.8088127463650489,-1.5698537916816275,-0.9088198380988742,-0.8929677889809968,-0.5348168132443103,-0.7859845527758053,0.21467098539859528,0.61114036652128,0.004602141875037668,0.10323094942793827,0.1880423138232448
2018-07-01,-0.25317162312038,-0.5009966070788545,-0.6758293966304953,0.09698505100662068,0.32929197615615036,0.25149877501271856,-0.413371008888173,0.5662707190412832,0.7792645337031433,0.17354226044759521,0.5631860469450928,0.5194974365137651,0.01889035869257031,0.05836477535858431,0.004602141875037668,-0.15061732683647475,-0.41510282726621905
2018-08-01,-0.5098664459611685,0.2477325227560864,-0.3709796728915669,0.21398023734576996,-0.6688985102097218,-0.4836182112670823,0.1888416668293858,0.13813432700590975,-0.6129492783685101,0.5814808104433545,-0.2417916560356051,-0.4638385674975283,0.6605605345463368,0.06204994596633114,0.004602141875037668,0.031227675697366647,-0.05739270300313477
2018-10-01,0.24826273524074013,0.8785850466443753,0.7535558086997786,0.8972088834123855,-0.38655227526942026,-0.06825922062428694,0.3035106534816212,0.6881938671844104,-1.4118537214602662,0.009049071906597513,-0.7735251418673427,-0.4913446405898219,-0.08115321028411633,0.7576258981793934,0.004602141875037668,0.07457658539230261,-0.2204794088555098
2018-11-01,-0.02969970112942835,0.14062040550037969,-0.2156309578204494,0.7855724786986584,0.10049734166301967,-0.5109747648246242,0.06976914980475225,-0.9505414530552361,0.27605526721241447,0.26578654626009035,0.5001117859555151,0.40177137996852064,0.3127269337995908,0.1901096245856941,0.004602141875037668,-0.058041689182883355,0.47361496481477866
2018-12-01,0.4397275049826483,-0.06805849522686122,-0.44749545052167794,-0.2255387846673055,0.03726262546914022,-0.33701528029447797,0.09468798590471636,1.2144389926761752,0.16795242782095393,1.1534797610734842,0.026362622297874408,0.010522970323863434,0.38129984366108627,0.11179974917097268,0.004602141875037668,0.011022675415828534,0.2190843946261689
2019-01-01,-1.2880857137526147,-0.2354718503843765,-0.6538381465547564,-0.4137898870533131,0.42746350518347703,-0.6784837232961414,-0.6430757300401874,-2.309404732075192,1.0860514980248392,-1.3509665087375966,-0.08137249222959377,-0.14517486463023815,0.20870812367151026,0.6525985358584839,0.004602141875037668,-0.004773961167919982,-0.3701921541873893
2019-02-01,-0.9336219432950552,-0.02778770658669229,-0.4922664648331712,-0.4604240078601924,0.17573367798840994,-0.49829661973012296,-0.07359516833358962,-0.26773825540200247,0.22882104080889137,-0.6790115773003249,-0.4407987485750649,-0.6516669693400937,0.24978561556922016,0.47571034668641926,0.004602141875037668,0.0018385843787660499,-0.43226056318956585
2019-03-01,0.015280569973350493,0.09193164940391671,-0.09833714807719135,-0.3513626106819889,0.20382191703625963,1.2581680453403834,0.435445472420809,1.089578214983224,-0.38693251772184256,0.8178140266969973,0.5281253397380173,0.5502275280849788,0.5691299880643351,-0.4262351595607193,0.004602141875037668,0.01432894818917155,-0.12902294243633475
2019-04-01,-0.2963279687889628,-0.11156466622841404,-0.5402433522051353,-0.03416200745370872,-0.17557401106786868,-0.28337806498682594,-0.0010299793681850429,0.4309027654989942,0.7543927575055374,-0.35758912511535024,-0.5301486669187878,-0.5631308571974873,0.17955635522797625,0.6046913179577138,0.004602141875037668,-0.00256977931902355,-0.4460440914056214
2019-05-01,-0.26631509585319996,0.049038191781751214,-0.14744153840170493,0.5510143404280688,-0.616634378117305,-0.4371565367464326,-0.08343534889556062,0.6422902372773464,0.5215344584083376,-1.4834741665435558,-0.4213181328584374,-0.09911438257088581,0.022865599843958365,0.10442940795547494,0.004602141875037668,-0.003304506601990115,0.4456288891248977
2019-06-01,-0.30626959213354643,0.06460019419552226,0.007125355619224808,-0.1500222325134094,0.33508299784683143,-1.1236504407801016,-0.11963863340039346,-1.3399117365270377,-0.17664259528850604,-0.159025798128998,0.049349231304557324,-0.19399494854280833,0.4926065959000518,0.1302256022097314,0.004602141875037668,0.1579681320088315,-0.2198244155946814
2019-07-01,-0.1959874541846479,-0.30938604670900144,-0.7391130883156745,-0.7241622380352658,-0.44406103316594975,-0.2738369879591176,-0.13291070493477763,0.5180329242772784,-0.15612492112117446,0.7827983403128634,0.4097502035780173,0.7757466074102565,-0.16628962494308452,-0.1940694112723866,0.004602141875037668,-0.14143323579941228,-0.43655440789943134
2019-08-01,-0.15260656738639197,0.11444377419194952,-0.27629165631285996,1.7130551471711988,-0.5684181563005021,-0.6912622739935528,0.18401641669441224,0.2148623539857278,0.5476029176938962,0.8353583766614752,-0.06732578684245143,0.13531173029103027,-0.09175385335449232,-0.48796176724055335,-0.9526433681327973,-0.6884376979668646,0.36623576660041546
2019-10-01,0.36889690015800974,0.9058452760263281,0.6562547139197045,-0.36570993009745034,0.4090118139446054,-0.526583305709095,-0.11111786415731954,0.15078810135390536,-0.44574676031934096,-1.0799737990424303,0.20371557184220637,0.21852127249046513,-0.5074978237708425,-1.0941723322156456,0.004602141875037668,-0.2152733277373954,-0.006647265522903085
2019-11-01,-0.4759717966493889,0.16381260020578342,-0.2169793991611911,0.21732135851026796,0.03570998374827404,-0.550647319736198,0.04222024834983619,-0.5991036263842369,-0.9644699199824516,0.40185458086763054,0.3388734859937534,0.7102422071594697,-0.04868874088108545,-0.09733368281891466,-0.9526433681327973,-0.753093698867787,-0.005752517634135444
2019-12-01,-0.5412145750466826,-0.08104064410181509,-0.43607717464298684,-0.34095567578111924,0.19091749330306723,-0.24106713215226735,-0.4108520463682756,0.8088381772771341,0.5633276102543646,0.6866935112039995,0.5447282210660618,0.15612930038029718,-0.22989348336534632,-0.5994381781250331,0.004602141875037668,-0.17339387260838932,-0.36401713354659687
2020-01-01,-0.9603105159600405,-0.28772214798389456,-0.48788845589877833,-0.5667446770971917,-0.46086072996550315,-0.7122994745220818,0.12239445238645633,-1.4441265925183107,-0.24565879786211178,-0.32241966173394876,0.10333631851793124,0.046740687192717144,1.0070690549092947,-0.29817548094136037,0.004602141875037668,1.76617135290087e-06,-0.06897086670462195
2020-02-01,-0.3817591532184892,-0.0914134174361607,-0.2073754083337956,1.2212984138125855,-1.0190229107831221,-0.4531108770615359,-0.14218752105705046,-0.5707843193251937,-0.7235483123513565,0.29027877623088383,-0.6689238729164146,-0.13663127719952417,-0.319998949463554,-0.10194014607860127,0.004602141875037668,-0.016896961336842195,0.278188793720765
2020-03-01,1.3035788915190183,-1.7289297650600932,-1.4754784462676327,1.9215876147012416,-2.7638212703699283,1.020358292811543,-6.547341226106695,-2.5181708377447234,-0.06435938149837275,-0.04605546277773135,-2.1157086260491345,-2.6243759973521223,-0.40844806508200737,-0.32397167519561687,-3.8243798981563017,-1.4834126181350107,4.241202362027
2020-04-01,0.83842159412059,-2.407688488231017,-1.2731544609419554,-1.8162276689218575,0.185041177191763,-0.5633397424279851,-9.384279636150328,-3.689814086111588,2.6684685886181465,1.2011687132154545,0.6329660554724493,0.3809442570213801,-2.1645108437091762,-1.3079122274652257,-3.8243798981563017,-4.495794478291568,0.9716744867850301
2020-05-01,5.726778872333905,-1.6278866950603508,-1.0461842229045888,0.441142733580664,0.5466304688420389,-0.27144348635945115,3.2112539769469137,1.7305608516414261,-0.3889654987244344,4.757323213237777,2.3751766514438986,2.9302545898577224,-1.8027638989325574,-1.8763497937108669,0.004602141875037668,-1.3629173437287483,-1.9121672701703263
2020-06-01,0.07845235526746255,-1.8661764768509086,-1.2687406577115479,0.9224012838104584,0.860800103746507,-1.652560705366398,5.726589854407861,1.6086170987180348,-1.316351481656168,0.8823195744117791,0.15789794357630504,0.6827199896702675,-0.999765186351482,-2.2467094397898753,0.004602141875037668,-0.2619285102056743,-1.3639199528899557
2020-07-01,1.286991005567435,-1.969605126301533,-1.2723045812740295,0.8601439482059244,0.36253059803844373,0.48511008628580576,2.595455433718661,1.45218708440149,1.1877361871239163,1.0587679698273214,0.6874404737818606,0.8057035250142762,-0.3849278882696099,-1.6782718735442321,0.004602141875037668,0.026819311999576233,-0.3691430307826021
2020-08-01,0.6419899091748377,-1.3567490132112645,-0.8335352236900385,0.8664137160582644,0.618199319228934,-1.1940886547455132,0.7005778330458778,0.47786674886429703,-0.12442656043677748,0.1741729972406761,0.27925039618637437,0.652504148550513,0.30676407207249995,-0.9182054356955206,0.004602141875037668,-0.02461159780797471,-0.7941703315925365
2020-10-01,-0.4152261157562941,-0.9827526913039485,0.36864017580431907,0.5675362650627118,-0.773868497540383,-0.42091932721951186,1.9435609726068086,1.075934271680715,-1.40737062910652,-0.1430922486284515,-0.18257040826922608,0.17386093786988865,0.6383654381177334,-0.803043854203292,0.004602141875037668,0.3034441340359042,0.15843371995478892
2020-11-01,-0.6358884293340306,-0.6094815990743221,-0.20771099711884022,0.2058317739033965,1.3806309746225645,0.6539588655913049,0.22071242261859747,0.35835225295405954,-0.6766212928563188,-0.31976771395911857,0.7105838010994878,0.7515342045449263,-0.28786575015647164,-0.37280018574832474,0.004602141875037668,-0.21857960051073855,-0.10721188738724766
2020-12-01,-0.9812557070345658,-0.8618744142005815,-0.3590098135107385,-0.11105439762879074,0.5199629459341873,-0.7271933408247253,0.6694826744556494,1.7674845497396787,1.2309506130682901,0.672894892238215,0.8498081455235548,1.397127244375584,-0.7781454921614083,-0.4105731844777758,0.004602141875037668,0.14841667733028616,-0.12441373060088495
2021-01-01,-0.8812236776863193,-1.7323222747016103,-0.3213293125555364,0.38429886260472107,0.09448598729956242,1.3029061233831876,-0.28612173141258995,-2.8743783770510207,0.5820332916391718,1.0706114559313773,-0.16924922573306705,0.237424272444268,-0.1023544964248742,-0.47598496276536184,0.004602141875037668,-0.021305325034632103,-0.3918866399692786
2021-02-01,-1.524884290884851,-1.8254042994445745,-0.15464284435939132,0.3591314514070795,0.6887639567590048,-1.2382597700145899,-0.7864970431207516,-0.4463535105341438,-0.5088125962411381,-0.4306951527804257,-0.38846018571032537,-0.5844949370874283,-0.3640578722248005,-0.3037032368529868,0.004602141875037668,-0.16861814526911756,0.21627286992216754
2021-03-01,0.26780176990908316,-1.283800083352443,-0.27669382194185543,1.1122908462070595,-0.6751371105602867,1.584207927528822,-0.11717792639842511,1.1869881860124538,1.573744265648491,-0.4614028321162053,-0.7058743452689429,-0.588198918264699,-2.3530035283043222,-0.1498473639793694,0.004602141875037668,0.2843412246788138,0.9027612564337799
2021-04-01,-0.0056080195481163055,-0.5304175780100063,-0.2547161916517462,-0.17199662544030014,-1.0879859776381777,-1.1777842906011726,-0.2735821984813153,-0.1813952887570257,-1.6504552985649081,-1.785782194216968,-1.5002516432752893,-1.3283681429457377,-0.06425843539070092,0.048230556187264156,0.004602141875037668,0.0003691298128357754,-0.020342579158376204
2021-05-01,0.531416202600763,-0.8673423483543131,-0.5831066122619832,1.2925095413383376,0.778763173767109,-0.0886514878146653,0.7642277233546343,0.8982906703313204,-2.278383930272316,-0.8327361996993424,-0.5184681946887554,-0.8995249549806085,-0.7860959744641961,-0.21525914226695544,0.004602141875037668,0.007716402642485925,-0.031778969426783536
2021-06-01,-0.025846406730843076,-0.5699643586257295,-0.3770638243838706,2.333700916342324,-1.3366497275576463,0.6515989514143827,-0.00010782566274092897,-0.4111425746277488,-0.8972863287931971,-0.31320281120127813,-1.4809888567378233,-2.5442396802044596,-0.27627129679824425,-0.3460826988421275,0.004602141875037668,0.00404276622766085,0.18865036432511745
2021-07-01,0.12795386014385318,-1.0332552176717917,-0.8604757765419729,0.4833987366912074,-0.8118836714487326,2.0731582783305385,0.030562067410534893,-0.01721715083186754,-0.7786072778036864,1.3582444572192007,-0.5448238962640315,-0.46066572178084025,0.12059027814899952,-0.24658309243284135,0.004602141875037668,0.00404276622766085,0.028219547452432346
2021-08-01,-1.1052903848636966,-0.3071987295738915,-0.9572265913546533,2.3877584211589316,-0.07643836838563024,2.0074467801838134,0.1739700192330544,-0.22369609078665428,1.4896033515731144,-0.4789743555486837,-1.766575182368585,-1.7314442365398879,0.14013521381000893,-0.16182416845456093,0.9618476518828726,0.8780008693145454,0.43147044894136516
2021-10-01,-0.5195060984703568,0.38606885921044626,0.04653333434163498,-1.176493457906254,1.7986335323477227,2.0117770763897203,-0.03353809792670162,0.2257485004831432,-0.2537128249557469,-1.4807615201813593,-1.3070953639485376,-1.5470881350930068,-0.3001227437065902,0.573367367791829,3.833584181906377,2.9565443528225708,-0.38169785591196964
2021-11-01,-0.5817746009146818,0.9953421072803219,-0.2580284238274936,0.05783370915708596,-0.24519325669496464,0.17953108464962564,-0.18885180489996223,-0.5613594580266521,1.528260732420353,-0.6282151263723642,-0.5779367998567425,-0.49737530247981593,0.6983253254845557,0.955703818346029,1.9190931618907077,1.5708486971505533,0.25857617204062977
2021-12-01,-0.5641554845335637,0.5574811700813908,-0.32187936688439234,0.2680317450400029,0.3229957669447497,1.4192660850559653,0.08095010028199086,1.547244291845407,-0.1587178730418956,0.19919241525128423,0.09862220058223363,0.05476861410933973,0.9736107752184123,1.1169300324351492,1.9190931618907077,1.9650298844612841,-0.17006477605246265
2022-01-01,-1.1105461473356235,0.09119544697123136,-0.6263049110976733,-2.4776819120214304,0.8984163374029501,-0.7608401199609939,0.05820871667378449,-2.450995408865377,-0.9494194842050442,-0.8702703889056252,-1.1164146981292407,-1.4890557608735129,0.5919876246848356,0.8672597237599977,1.9190931618907077,2.701226621992228,0.08157991714279493
2022-02-01,-0.16813028815597345,0.8518626858815157,-0.1484551021185262,-1.7103176860530682,0.33462049031383223,0.04279336865302357,-0.1577930892118226,-0.7266447595609654,-0.4228303516053176,-1.0450760721725907,-0.863050173533,-1.0511759415573017,0.6757989589600037,1.7719691079629494,1.9190931618907077,1.3449200576388125,0.7019347777477343
2022-03-01,-0.3557798835804125,1.7740442747353642,-0.050036749706521,-0.9291433101445412,0.4903041431841269,3.4509921715099705,-0.3495497532014901,1.2979669170160415,-1.0404487190655805,-0.6924452714843201,-0.5339912993191187,-1.0006658205224663,0.8636291033632467,1.5140071654203562,1.9190931618907077,1.9404165204819555,0.09937563351499884
2022-04-01,-0.9830581875438086,0.680981264773205,-0.11262003157988724,-1.8886445305057695e-05,-1.0815777626230665,1.940445717618501,-0.15462339298457461,0.3177027193310842,0.027656077470390807,-1.1697351331165229,-1.25175075617245,-1.138410553776593,1.2280262089074656,1.0376988643684963,1.9190931618907077,2.120424704808384,-0.3442696695789988
2022-05-01,-0.5504794536311082,0.9108171388878059,-0.03610531393850288,0.2967985081832572,-1.1814924748795321,0.25512261002235687,0.1136538119482105,0.4388195258529206,-0.2219965829830181,-0.4643328863678365,-1.077589862425847,-1.7156530617582415,1.036552093448777,2.6158731771380026,1.9190931618907077,1.6141976068454893,0.9055167018686964
2022-06-01,-0.48225611813887287,0.6081125868731431,-0.1996220325601416,-0.1999101012412949,-1.4450070228043355,2.6048732547007845,0.43312316467783996,-0.607497281341057,-1.6774607307840759,-0.3720460228469178,-0.7789216936611804,-0.5830973672004491,1.3459583630654073,2.1754952895117183,1.9190931618907077,1.419127513218279,-0.1346025146581939
2022-07-01,0.08912316456118417,-0.38195370529633244,-0.6433429879954853,2.6599883674710374,0.4912906793581526,1.8793632934286506,-0.3816388192087623,0.3649278194896666,0.09172147202382676,0.18804743390225914,0.154316148528931,0.3349338690560277,0.6827556309749402,1.963597979566016,1.9190931618907077,2.259655524930254,0.7318978051988886
2022-08-01,-1.332250284057953,0.14230485847460342,-0.6897011969048932,-0.49896516137486246,-0.33180201906987855,1.0802781034577882,-0.16179173728491786,-0.1096763020094873,-0.3541479928378536,-0.30381951974604937,-1.3679606010788703,-1.6526772271510934,1.0494716271907987,1.7378812798412493,1.9190931618907077,1.4385977862168522,-0.8184986527089665
2022-10-01,-1.2459087501526993,0.7993729494744236,0.10062629356306099,1.7475929913077926,1.2357265456856625,1.6789896627902556,0.24437243403513698,-0.01912146878873742,-0.3600940912212632,0.00645529260886675,-0.5472697821859969,-0.28489556305957153,2.288090515945182,2.6471971273038895,1.9190931618907077,2.5480359834940223,1.029136834472492
2022-11-01,-0.6972768837317986,0.3909346941793047,-0.5230776777088257,-1.7214621697607209,0.6583659185901813,0.6456637116699648,-0.25890099696197005,-0.1599427240118799,-0.4899964785471598,-1.140638172136253,-0.5781314515519712,-1.0613301047559096,1.2267011285236655,1.6328539175203358,0.9618476518828726,0.8309783232047855,-1.2846465501534066
2022-12-01,-1.3163776869575616,-0.0652462468467499,-0.7879017954573355,-0.8416655633468831,-0.6591073237437376,1.4515691773004504,-0.01731073380404213,1.3405947001176577,-1.0883323466450667,-0.14905002601756653,0.07740521332436882,-0.712229956294215,1.2432646333211326,0.46649742016704193,0.9618476518828726,0.9349422337443308,-0.26546884495271555
2023-01-01,-1.5810999468874152,-0.03594516651162618,-0.7173371690555366,0.045361118589339,0.5103064559149579,-0.20613049959229152,-0.7182045008622849,-3.1319426624537736,0.4286837100748561,0.3799168970637559,0.11171857055947822,0.4092278262156983,0.7837930102394725,1.863177080504793,0.9618476518828726,0.6946864122147766,0.3858194034897875
2023-02-01,-1.3365678965122105,0.1386007918742369,-0.6152290502405786,0.12233501418351787,-0.5065640877539406,-0.006774097326991687,0.014240108603851526,-0.2691577476241646,0.014900315408862304,-0.7817171917918557,-0.9663573085558567,-1.3090553437231243,1.0332393924892802,1.4578083136521465,0.004602141875037668,0.44451177236518485,-0.4943327528166226
2023-03-01,0.28818661166956094,0.18542591391629887,-0.5857596350911347,-1.0785387220343463,0.10669550814095594,2.787205269650527,0.02936858431763867,0.6398637954710272,-0.8766941853550754,-1.761577553802702,-0.4660139297137272,-0.8101337754620895,0.6019257275633145,1.1445688119932853,0.004602141875037668,-0.08045087131331465,0.38517102632250455
2023-04-01,-0.4998391746501411,-0.1684376230479735,-0.6614640987172019,-0.261843814053131,-0.104437340399926,0.7584263276159653,-0.15446799731832112,-0.24554699090535645,0.6504743448213637,-1.0860505430256855,-0.6399102818356521,-1.0929300986478243,1.0825986367857265,1.3942391206684368,0.004602141875037668,0.03232976662181323,-0.06517322901053421
2023-05-01,-1.1690930107009425,0.039276855126266774,-0.5307572826912889,-1.3792922806201,-0.410955547790369,0.061541465689606806,-0.5461393222855289,1.1111659095938693,0.527395249170802,-0.6043405263214827,-0.3634184593228385,-0.4428234478139089,0.5485912421154802,1.2671007347010177,0.004602141875037668,0.004410129869145764,-0.15163233943969534
2023-06-01,-0.9339771213460338,-0.16834817200171556,-0.49977974196504454,-0.6943669886952686,0.5478034673853497,-1.3191263236559738,0.635644344089505,-0.5847327440114146,-1.943626984892263,-0.5726550796890563,-0.1462558598697252,-0.6302521640258795,0.9265704215936116,0.4600483716034758,0.004602141875037668,-0.10469687165116233,-0.5463881768185092
2023-07-01,-0.6923509908130722,-0.44893027927447143,-0.868958482868913,-0.9226878755734695,0.5311629420992502,0.2757165622440591,-0.6043955785243297,0.13383273360035802,-0.12142486336759208,-0.057875820911904186,0.45939341469839146,0.37286553187599375,0.46743006860790587,1.0303285231529944,0.004602141875037668,0.12049704057761501,-0.4086537113214728
2023-08-01,-0.6608664845511064,-0.1919412328120361,-0.5935472090349767,1.7029951961464667,-0.250975213842509,0.23203784240450426,0.19893527120457002,0.36927731268651387,-1.022559971185573,-0.21556186946242034,-0.4155648334564512,-0.1882858934961925,0.4873062743648579,0.4093772757468945,0.004602141875037668,-0.006610779375333131,-0.06737040217119138
2023-10-01,-0.847144901959022,-0.2711343954083342,0.29754458067450446,2.576381433082281,-0.7422462560564812,-1.7703428529385217,-0.028441170779657337,0.1919310649009206,-0.6590074379731073,-0.46396039977527753,-0.520969777496588,-0.19625254125419792,0.6552602130111488,0.028883410496568746,-1.909888878140632,-1.6997898029682073,0.44959854525112225
2023-11-01,-0.4824150713116506,-0.7096062514007115,-0.4618599017424192,-1.449674473208912,-0.002600742604209081,-1.34938946516786,0.21596523335709228,-0.6072001108190285,0.02453987116528753,-0.0005263856216119217,0.211455386707331,-0.17081059190265882,0.007295905334342894,-1.3954350293993183,-0.9526433681327973,-0.703132243626165,-0.20764418738071783
2023-12-01,-0.23815909694456222,-1.2126442720596626,-0.8614290925079217,-0.5136181291918527,1.88517048303514,0.318739644104081,-0.3845441933359812,1.0832784112832978,-0.6665575934224061,1.0315497626856078,1.1128074983104812,1.1802851920494362,0.08613818817027756,-1.7556604563070097,-0.9526433681327973,-0.8441998819554485,-0.3957554794319795
2024-01-01,-1.796308789911709,-0.870351663608075,-0.7803780772585072,0.09136146542524287,0.3616804472013016,-0.8138407600006348,0.043798492769171984,-2.315521428092417,0.8962109087017012,-0.8807477835444001,-0.14898962791516338,0.18735872359411354,-0.05862684375956441,-0.8389742676288676,-0.9526433681327973,-0.9400817923823813,0.27475094549462503
2024-02-01,-1.5583599448324414,-0.8395334808576764,-0.5991167875597126,1.5101286872094613,0.48003188584416917,0.7621021341801225,-0.11827783625779792,-0.26278297106480664,0.021291836898786956,-0.6521156117329953,-0.33210863115141587,-0.597665557245506,-0.13448769573195068,-0.9909875551986116,-0.9526433681327973,-0.881670973386665,-0.34627970180799234
2024-03-01,0.36680294541497876,-0.9260585276102247,-0.6064950775289408,-2.080215702902243,-0.009233000271843926,2.0785244272147207,0.17625882217814048,0.5140780206245263,-0.3490372967513634,-0.04449803608954781,-0.5074296574989665,0.32140933828847285,0.2236152779892287,-0.8085716101149163,0.004602141875037668,-0.4481818764373054,-0.25575894004714206
2024-04-01,-0.17917494762292394,-0.23167747425383323,-0.6537839129947213,0.04729119696176687,0.2641887162534005,-1.0219915990292232,0.22928740661211755,1.4191516092889875,0.053364702907302226,-0.7542530825128311,-0.6648224679982088,-0.7032335745498144,0.039097834545476745,-0.7496088803908975,-0.9526433681327973,-0.5863106056347258,0.036335288866046325
2024-05-01,0.08119874668169634,-1.2537768231933288,-0.5719832860967811,0.2992076286454321,0.3391456120128391,-1.1366821923423256,0.18266334972910606,-0.14480740542741136,-0.5885552085276613,0.9857632592009663,0.803897104554871,0.20835212530042066,0.1921446188740492,-0.968876531552102,-0.9526433681327973,-0.7916668812234516,0.06804843058554738
2024-06-01,-0.2197793560058732,-1.4519285749076067,-0.31899290408363384,0.9258656771279291,-0.1894237950762329,-0.5130159964996993,-0.7575888249171919,-1.3076764908864809,-1.57799126812243,0.6859594906339948,-0.11934356301827816,-0.06797096042240747,-0.21101108789623985,-0.8638491692311925,0.004602141875037668,-0.43165051257059195,0.16916880430756284
2024-07-01,-1.1889465795006573,-1.9085007055087528,-1.0139238065965648,-0.3707683692198086,-0.20418482461729234,-0.17735837603133586,0.4088113778766435,0.8193036846886403,1.176579907352595,0.5188740750242391,-0.4092810749482711,-0.5819414823394252,-1.768643079049778,-1.440578369344269,0.004602141875037668,-0.09992114431188782,-0.0744886887200739
2024-08-01,-0.3420795881004261,-1.1740412425289724,-0.6140981417685647,-0.42283604465829044,-0.5017593336721057,-0.03708052419169229,0.23938914951524162,0.242219616507623,2.838601516833872,0.5082424798988241,-0.22387898816144228,0.29346142138622455,-0.3879093191331524,-1.240657863873763,-0.9526433681327973,-0.677049425080909,0.3610090527008875
2024-10-01,-1.555873311337826,-0.010770719021976611,0.10052882999364589,0.19924176951053796,0.7327369255830878,-1.8420499896460583,-0.2094102680604104,0.655422543915721,0.8643111151284866,0.28987606268318816,0.19912683717375368,0.6471177387742683,-0.4763584347516116,-0.7192062228769504,-0.9526433681327973,-1.08078206707018,-0.5181374573868808
2024-11-01,-0.1332001712987966,-0.5549694921426451,-0.5282492041974448,0.4259494987460107,-0.4447830002751867,-0.5939314904004883,0.45498231475275297,-0.9268902213117222,-0.3273208146261133,-0.45082204334159937,-0.2811261578456764,-0.4771596062864698,0.24614164451378062,-0.29080513972585853,-0.9526433681327973,-0.5367165140345921,0.0456765828456125
2024-12-01,-0.6945913898718064,-0.5531865017725448,-0.8095109898314272,-0.7893720391447538,-0.27211562502823017,-0.5601565393718518,-0.3598364514226572,1.8049893678979785,-2.243864065077366,0.45184836777060394,0.23487834797824367,0.21204555783679196,0.446891322659045,-0.9025434606125772,0.004602141875037668,-0.5054906045085766,-0.03634407397194093
2025-01-01,-1.2014082654550775,-0.5702280612567924,-0.5772627419337195,0.20999690616024677,-0.05518263804625895,-1.144356690767434,-0.05741005205934619,-2.5593573090052493,0.9226994370219731,-0.7575691055259571,-0.7060818057097703,-0.7264157398093078,0.4979069174352398,-0.5119153761909384,-0.9526433681327973,-0.7714618809419119,0.07737712248217327
2025-02-01,-0.3238018713294513,-0.4873531338053286,-0.40968987312799127,-0.9045573713304321,-0.2404569457783219,-0.31874320041526505,-0.01502017943423425,-0.5153894115908773,0.6423725012687918,-0.6988081253537237,-0.6626795714943825,-0.6585775744636456,-0.15370136129701156,-0.0208663927080728,0.004602141875037668,0.15319240466956024,0.05134279438768786
2025-03-01,-0.4189646254807151,-0.44467213860691224,-0.4366690545822652,-0.8272026614976657,0.5445626829979879,1.4988574038321094,-0.2740843230947463,0.7437180859380359,-1.4903731444150754,-0.8244465032027926,-0.6700772194602576,-0.8967782787094332,-0.33722499445291204,-0.021787685360008482,0.004602141875037668,-0.1987419638706836,0.16310751746530683
2025-04-01,-0.23192269814570313,-0.4870660805375504,-0.3011283149005229,0.8291683822306215,-0.05779529828355309,0.062141083534544145,0.16334221130963586,0.6418253821137518,1.2678009188592831,-1.1523263192283733,-0.7272662394168833,-1.0308922074016162,0.767560775537954,-0.4658507435940437,0.004602141875037668,0.13702840444432846,0.4814692130073782
2025-05-01,0.4661746545948602,-0.37188759965141827,-0.6086819693987379,-0.7266123094653234,0.3908270357408381,-1.036101215872052,0.04942590896335415,0.6722821891684275,0.36117136774469893,1.325619477843756,0.6464689020215079,0.6253218201046965,0.09607629104875652,-0.1240511697251109,-0.9526433681327973,-0.997023156812171,-0.65198102977607
2025-06-01,-0.36163513720310236,-0.12560769761657414,-0.3502338016254956,-1.0392234988885376,0.4451427382493419,-0.49267186868151464,-0.20686675653076675,-1.0797796212562192,-0.5935952905815601,-0.8766174681407863,-0.36418982414260215,-0.43824362247413107,0.22063384712568618,0.11364233447484814,0.004602141875037668,0.05875789243721074,-0.13605175419633964
2025-07-01,-0.009747037670508971,-0.41280895908225806,-0.7262152824357383,-0.8966805051521199,0.18545916714941724,-0.1915291573246183,0.24827492702735882,0.7895432889292324,0.6675152933192611,0.642674829801925,0.6733968520677073,1.014447239583934,0.33657838070793095,-0.9799320433753547,0.004602141875037668,0.008105822655312154,-0.4404046592897947
2025-08-01,-0.16725454209982973,-0.16278400588457778,-0.3455649802100077,-0.258672123490928,0.4423717800959287,-1.723685523593194,0.03662259039357396,-0.13920224311078977,-0.17460266164623173,-0.4618838044693246,-0.15490724956794594,-0.37135443470218554,0.47140530975929396,-0.1940694112723866,0.004602141875037668,0.03306449390477979,-0.26241283983967
2025-10-01,-0.5730689112690068,0.5566182606060692,0.40734827080057673,-2.4676677637903874,1.0887198301292333,-1.1301590936642747,0.04631445910699179,-0.006260625651251156,0.6370344202737466,0.5821743626807837,0.4552514572044483,0.38964737565752955,1.4718409995261428,-0.08351429303984258,-0.9526433681327973,-0.9433880651557259,-0.332833279310592
2025-11-01,0.04958818359996433,-0.22736407809360515,-0.34952526170838283,-0.8192863684170052,0.04863563839875659,-0.5451579508688082,-0.2856491363138825,-0.1959534893283744,0.09622130353619864,0.9918063487391912,0.40001879540948304,0.2713096522602775,0.7619291839068175,-0.1378705595041789,0.004602141875037668,-0.004039233884955048,0.09726509967455647
2025-12-01,0.08709154565143412,-0.5254266298697706,-0.7323299192525149,-0.1366452115702191,1.1960208358897941,-0.15439521729329692,0.3026997394724229,1.8857154819881665,-0.5727874430258703,1.3130858186178944,1.002003667385225,0.9262333763127949,0.587018573245596,-1.0729826012210757,0.004602141875037668,-0.020570597751665233,0.022159205766396642
