,PC1,PC2,PC3,PC4,PC5,PC6,PC7,PC8,PC9,PC10,PC11,PC12,PC13,PC14,PC15,PC16,PC17,PC18,PC19,PC20
Crédito SF sector privado,0.9968442408908058,0.032233866200779455,0.11832604442452183,0.00868688016001609,-0.051277425265761074,0.005660344631126131,-0.03478817523245676,-0.009548195445613788,-0.002449554329328843,0.011736818412363284,0.009342381072948094,-0.01858038316901425,-0.014363750274765268,0.016893191642430215,-0.0006998471150968257,0.002559917947315077,-0.0005812685189665901,-0.0024832281395830483,-0.0011646259551329249,0.005408110928717297
Crédito empresarial,0.994253072984157,-0.02916077689608887,0.1215661048272846,-0.03552972348020024,-0.00090834924411543,-0.020189567902827724,-0.06541886911807207,-0.009400884482263599,-0.02900491133213741,0.01681896263287151,0.0063247262630166485,-0.035181537121472074,0.010662917580494273,0.03232074547281968,-0.009406496009323202,0.004668905715675268,-0.0007955097376065391,0.0009045034448607983,0.0012573452829483338,-0.0029479998757657292
Crédito consumo,0.9841271294226984,0.15414496080803672,0.01922182814790009,0.05067388596720134,-0.06342799611774105,0.08033179079909004,-0.014618991121510145,-0.032090455029651126,0.05855705882971354,0.0311660834644792,0.03011948417556832,0.0027975803763595885,-0.03455278501210599,0.005219628137361248,0.018319504538060024,-0.00782907256746242,-0.005326759541326476,0.0005974032171039194,0.0004915158466680412,-0.001611693101074163
Crédito hipotecario,1.0007110364500713,0.08446108711302558,0.022268701105429275,0.009072061960257866,-0.007773930209150419,0.04798009429187514,-0.006635944231850142,0.001962471918294054,0.03826714000863546,0.0009943937692275641,-0.0020320103100648053,0.016033836033426643,-0.008217186095485399,-0.001704321634630108,0.006986628514359442,0.015620788284032553,0.015912626494547714,0.0005938606046663944,-0.0004881022400977331,-0.0006325218046249393
Tasa activa TAMN,-0.8625869672802284,0.3988893719857473,-0.1692829376914446,0.16774117379919448,-0.011133261961790234,0.12240718496286253,0.04712521751321363,0.18636383297150666,0.014426548603314559,-0.020193982608272223,0.012330469649304109,-0.03188415147790801,-0.007059848941861644,0.004870935155215436,0.0024075669179274253,0.0014402651948079998,0.0005662195059688289,4.32034197528021e-05,7.316889451470931e-05,-8.127873189582204e-05
Tasa pasiva TIPMN,-0.21713736488881044,0.9208248980326832,-0.01830072947803969,-0.10687127039692552,-0.22405317691002782,0.22263604153911282,0.00035214383846206087,-0.04834824530300435,-0.06236677392726273,0.0035743651338265977,-0.022499328981509917,0.016895120124045055,0.015243510047562091,0.0057239836439022095,0.00044092490129535067,-0.0012588315036257537,1.375485884685985e-05,-0.0002637818678544772,-0.00017774648965929404,3.5958811547043715e-05
Tasa referencia BCRP,0.03708797775001611,0.9802144499775042,-0.1119983464417252,-0.08178988011670094,0.06416746586629632,-0.15926314412756573,-0.04684821736943099,-0.0028845176680561808,0.0012146484410659345,0.006113933712744693,0.017973274314285276,-0.008354014639416001,-0.0059465548486535265,-0.0007523983417537774,-0.005106145395591998,-0.012593987922897815,0.010955361910906349,-0.0013784416871901787,-0.0004880506347038608,-0.00022195281381500378
Tipo de cambio,0.8397630490428366,0.11493840543165153,0.4390074445957304,0.18108733513421585,-0.1996442521200447,-0.1469109915678552,0.011906830187507917,0.03581974387973418,-0.031104238016617335,-0.0610589255317168,-0.046138412635132985,-0.0025905534832912844,-0.014755222385553095,-0.001927890784902596,0.00550126895280973,-0.0025744204530131036,-0.0003528357031401521,0.0006783954566227008,0.0003349523985905404,-0.0005181615774998939
Índice BVL,0.6624877527541849,0.13387779679248624,-0.5357667079006789,0.47602826286569844,0.17154275371422725,0.03403011742891981,0.046904276394644916,-0.08800342173274273,-0.03864947253639318,-0.027352512903285567,-0.02233187302271329,-0.00993746951010683,-0.0067165783331849084,0.00335731893267376,0.0011552946557875088,-0.00013784254078041462,1.1719062909489498e-05,6.65569134874242e-05,8.424267640486194e-06,3.157961542169682e-05
IPC Lima,0.9699903772942906,0.22224808106934144,0.01748088163027544,0.10845785915213324,-0.001826899646559944,0.019629724227033265,-0.0023254060196017216,0.01712272256476496,0.09911993983201366,-0.002622292063168967,-0.01794744521002385,0.007017823757794701,0.02252656306717502,0.0024750100896355426,-0.008874631144276626,-0.0031817005744101566,-0.003412321173885039,0.003081182161133739,-0.0055503751339579365,-4.763278485162803e-05
PBI desestacionalizado,0.9710701853133513,0.05591036137763359,-0.06592750770036797,-0.12586901367025147,-0.02729166665980447,-0.049047653666769365,0.19160794905611245,-0.0012759658751022723,-0.01645018338546226,-0.05437591922647308,0.061167110230786734,0.018047036823454012,0.018312598088885752,0.009726323751423622,0.0022449079575519565,-1.847433729794203e-05,-0.000978644282320131,-4.863088639574091e-05,7.035706200264236e-05,0.00010676585508470294
Demanda interna,0.963207981722902,0.035931501314625594,-0.08994465615739713,-0.14563616672555593,0.022797978904697296,-0.049960759235886255,0.20294949886708338,0.04840344111349482,-0.029468485292331113,0.07952809602570808,-0.0412002625326928,-0.005236091170313198,-0.007131744924687451,-0.0032729574234796016,-0.0009123922457549133,-0.0007767300414347646,-0.00013790847505133752,0.00014030984434971008,-7.359337626267252e-05,-8.010589724102808e-05
Reservas internacionales,0.9422403268633982,-0.051971372187443514,-0.13717839041127067,-0.19260340988358235,0.20416123876350634,0.042705168926259855,-0.09794475990017984,0.0955030388018579,-0.0428365415789968,-0.021683043868272998,-0.017296565498745607,0.04669320877156852,-0.01734879433012079,0.011436025522627222,-0.002724040473488773,-0.002669977865042202,-0.0025626861598614416,0.00020360287108870455,0.00015604862991390957,4.385340392264197e-05
Liquidez M1,0.9758267648901262,0.0043325727596774865,0.08610210807245501,0.1831024629214755,0.07093556987937534,-0.02389491897437325,-0.0835221548287185,0.055087756779024916,-0.03721205909655977,0.03110896719404743,0.0067406116499247135,-0.00015584112361690308,0.047923934046675734,-0.007590557410694652,0.017825370344446576,-0.002662013029153291,0.00029651834812435113,-0.000752558855948788,0.0008039030012296904,0.0005551244666356735
Liquidez M2,0.9953270512486814,-0.0685832483862041,0.05171534681377824,0.05176318398708565,-0.04462657546535692,0.07015431964167015,-0.032196701925178546,0.008614339654348898,-0.05532470229798569,0.00749407259585427,0.03422814697491933,-0.01012674770694968,-0.009875617213095822,-0.021566880114344506,-0.010984789798379718,-0.002021638619877506,0.0015685393932806384,0.006948022722795494,0.0011199172665808657,0.000942453743386479
Liquidez M3,0.9970944954795591,-0.03554865508595336,0.07164831933148863,0.07824120807618894,-0.03452310209348296,0.04969337849464631,-0.022878728347452526,0.01563444350135377,-0.038588851433043594,0.0016648653002840426,0.023554843736455264,-0.003960209830990049,-0.009049268657149641,-0.020855212711296964,-0.009229166652289341,0.003195079190971129,-0.0032006417210750366,-0.006768397271580054,-0.003064492625461618,-0.0018399789064671504
Tasa interbancaria,0.03618256988487004,0.9833700944568369,-0.1027482949173805,-0.10637332535255276,0.06500099605619374,-0.13189807180865457,-0.03799811979574794,-0.007713685499762577,0.00962157076138372,0.00033562530668531656,0.004078623752510541,-0.0025315004551289353,-0.0035308341106243305,-0.010441419886761815,0.003084033181385687,0.014095811372353214,-0.01080733189277701,0.0014070513636542505,0.0007913642870695076,0.0002321753935266611
IPC Subyacente,0.9830772604610775,0.1647175364379277,0.01730123807778395,0.09011168163047961,-0.022683981444764825,0.05402793104635413,0.013353799341290393,0.009498204181730117,0.08710187917750523,-0.005733143363904209,-0.012242890327719018,0.00863842930381035,0.00994941533419017,-0.006367918428629126,-0.012631547467713375,-0.0018822060462789852,-0.0008713026376065376,-0.00270058108492535,0.006286739201575296,0.00047053107414134063
indice_precios_inmuebles,0.8695545679347767,-0.12813955783404823,-0.10023858631367638,-0.45497158358156,0.09565902828457384,0.09308195703809918,-0.010664345578644404,-0.027606862601115698,0.018080420751624797,-0.04979124677583165,-0.02508241346057006,-0.04390164032813461,0.0055766400036489985,-0.01201948726940961,0.007732589792328011,-0.0028160927674013942,0.0005986929045402411,-0.00027790724505747326,-0.00018717403986937613,-4.533117433755751e-06
embi_peru,-0.4070128148659345,0.39070349447835495,0.7608949219090072,0.08290119764912572,0.3048350036196493,0.10035278939894005,0.07612100465266325,-0.02976784445004015,-0.006567465839835557,-0.0025959460400204314,0.002519853214925494,-0.001490420586336867,-0.0034216595602303145,0.0006147748400983322,-0.0005011523317241174,-0.0003673732414888764,0.00015283306627429696,0.00010835881906445856,-5.1283037305091725e-05,3.574159037857032e-05
