fecha,PC1,PC2,PC3,PC4,PC5,PC6,PC7,PC8,PC9,PC10,PC11,PC12,PC13,PC14,PC15,PC16,PC17,PC18,PC19,PC20
2007-12-31,-6.478272162082162,1.3911861636368243,-0.8813596382732521,1.5303252458672822,-1.2497168447810887,-0.4378273469706643,-0.32260568330902006,-0.17138513268091737,-0.39929157719720937,-0.042816022394130925,-0.21651422302007176,0.026621109765915855,-0.03856370179883544,-0.06271148640586688,0.06552300008806065,0.06564807711721393,0.03450062993061029,-0.005009231459249482,0.003189747332635263,-0.006573596432661433
2008-03-31,-6.538169700808062,1.5380831588362893,-0.33362758991085906,1.291574867356941,-0.6260128723020567,-0.16840807013961193,-0.29375056307105213,0.24177632823610287,-0.270631646973911,-0.02442535745972705,0.12051327052138303,0.10690965854684291,-0.06494615462947083,0.06315125250077523,-0.032149614282648814,-0.02585200046201341,0.0867082500573435,-0.006919551214496829,-0.00604678922828529,-0.002311960064792701
2008-06-30,-6.15293169382506,1.7771353243317947,-1.0583036970325208,0.8860913206863652,-0.8514847202786285,-0.27798942772444385,-0.31144408993628325,0.4302846550688339,-0.3175549595134285,0.1728372895446766,0.034908345287465385,0.05724886435515195,-0.03220988117454832,-0.017983897269269286,-0.042739633333460605,0.03262759720290827,-0.020832102954789936,0.0054920068444792485,-0.003790947012595312,0.011912018421108523
2008-09-30,-6.233583505220767,2.4872339446544127,-0.11082457163429696,0.3892098539767298,-0.6872411319853955,-0.21634605485034544,-0.33035217633970115,0.546239196496257,-0.1746332247252184,0.08502980820112668,0.11818717921455371,-0.04710586324161538,0.02211433532315221,-0.06969097357436264,-0.0027274519273566677,0.0017971323724895968,-0.010008329038539264,-0.011514612331576047,-0.00266593289338631,-0.0029429679138193564
2008-12-31,-6.752955081117913,3.851113648382227,3.951173611033674,0.33734395781125115,1.419346902833631,0.701507392972354,0.6648668149648855,0.1263843399343291,-0.18672814193214185,0.09098673620373199,0.14007510275191462,-0.11195821921581284,-0.06648473062461092,-0.052620841141113726,-0.010286536973108837,-0.03700442811862227,0.012019485400665128,0.02037823990589844,-0.00699755834461821,-0.0014048761664593524
2009-03-31,-6.598632095830386,3.540699423015573,3.27042411545353,0.4003586687299466,0.47441111754416115,0.5180384922053014,0.17336963523972204,-0.023945696312998595,-0.18502244630038053,-0.14720950339155162,0.07092486323243559,0.03917584267947208,0.0607999259497754,-0.028148568406997924,0.003544457607543245,0.0039013572387031725,0.022061735532690207,0.0011834562321763867,0.016311467982015215,-0.0028942614269740247
2009-06-30,-6.067888680690427,1.236824613886373,1.5413028172964858,0.7900825760613029,-0.24284703485090728,0.4294373336506697,0.09443408694063508,-0.2166978712641512,-0.07169929687448583,0.03291592410218888,-0.15520067845383884,0.18675425939253693,0.1459792989789563,0.07214695107611539,-0.01899269722571053,0.043776918384750986,-0.042574858503450774,-0.0006005945531340808,0.01068415979878893,0.004762981290019694
2009-09-30,-5.694329718993386,-1.3025367649986082,0.9538644912227461,1.2392593097336668,-0.28132228022756717,0.5031756462670121,0.20355509084936182,-0.10352702062600505,0.2425156493083911,-0.11157201859884329,-0.18007571496392275,0.08484202574243471,0.10070170997104849,0.15066719583659616,0.037844546168943144,-0.00633028500210481,-0.01907889202014383,0.00041166176195507614,-0.007279374567687611,-0.0007947800054571995
2009-12-31,-5.359578509347431,-2.219743399537897,0.24296440295054617,1.1297144336686857,-0.41769789280736225,-0.08705269419926631,0.15156844484764376,0.1671519656571335,0.4972695108728541,0.09257031954199663,0.01584273489868854,0.017734729122618836,0.038141505088339404,0.06286796175966791,0.003192973030654169,0.011782210461932814,0.0070385584381559676,0.0008887527974963429,0.0018479494322425614,-0.003978666865446011
2010-03-31,-5.149191414460373,-2.489478879836207,0.06879402706149876,1.0432558378428975,-0.2418168792966402,-0.2222477606479516,0.03776131959641041,0.20467055249094593,0.621211314950522,-0.05816362355211777,0.1323533884498852,-0.0940523927836446,0.042564705609272585,0.02070965103869965,0.025376859281004156,-0.000372622563595502,0.017322836229609236,-0.0002708615635316406,-0.0008198544109487676,0.002486337519862039
2010-06-30,-4.837298347890162,-2.3723437753398287,0.07564751866361476,0.8689805425422299,-0.06477031541565671,-0.3994945430546012,0.31224324193059444,0.14397113106276627,0.5696267829090894,0.1385650568906122,0.09385571996243434,-0.15660636875246042,0.03418973921162769,-0.028409487136268535,0.0071004339117427895,0.01020338887694395,0.010934420987299206,0.007058311969551435,0.0044022039464346775,-0.0024867415524135092
2010-09-30,-4.507562128025854,-1.726797609539703,-0.3020796111136587,0.583263004108423,-0.005800781646004645,-0.5855302708527426,0.011728291091199824,-0.09825744201979918,0.3811745295351031,0.1741224721947218,0.09303465491311629,0.09682757376834938,-0.0037319663869444966,-0.0808548562191313,-0.049059558061667494,-0.052652059391403924,-0.009551831208931752,0.0008750949820303254,-0.006437122563575955,0.0004543278973963438
2010-12-31,-4.102537449987869,-1.1799026049728305,-1.0525003422808832,0.9267374444048565,0.1644769254822505,-0.5208600352452851,0.0895046144825037,-0.2158504627017706,0.036478114170135224,0.07145850043390832,-0.07526191939544173,0.035308119571702525,-0.13099075357843884,-0.08391608392436131,-0.007344726090481597,-0.029270310373975667,-0.048162530838232125,0.01456028985973321,0.008141924979864294,0.0020363748849792254
2011-03-31,-3.908253420978824,-0.8159692654657357,-1.311890346846194,0.8369748385898664,0.2598494871371956,-0.4788127360045552,-0.13682199821262298,-0.38842612646343744,0.007303200650039843,-0.16643877901005782,-0.006572338928636234,-0.030416662937006764,-0.10035897015216111,-0.06508705150012087,0.011917877810949756,-0.03264358543963056,-0.03207402486547304,0.0003610825118218352,0.0013251614242296669,0.00487853672737185
2011-06-30,-3.8055635434156727,-0.03859950105489759,-0.7098938595111458,0.34548391845541226,0.4648724270781142,-0.3634324316780632,-0.0011236271155332942,-0.3863524762216233,-0.039487116300872406,0.04721640302332394,-0.058726644755529814,-0.042131499436053065,-0.05641885037736674,-0.052264207267967,-0.015196315094175237,-0.014484260128497062,-0.033967967969930964,-0.014152423246525114,0.0056629366397158805,-0.006671220585431899
2011-09-30,-3.6869415133755807,0.2255609674866803,-0.6608122100967266,0.2255706912436608,0.5734042926624814,-0.05044182497753705,-0.021701219144398997,-0.4669863586119072,-0.09988960061903465,-0.025327764714093426,-0.046899954167155436,-0.05646737638705687,0.044738754278626794,-0.003193721568409046,0.01058698331780696,-0.022192429202497324,-0.024634936170576723,-0.019924603467392582,-0.0057275647498653565,0.004437856249782216
2011-12-31,-3.5772098283419576,0.33557474047118013,-0.4494972920638415,0.15462645486800994,0.72801437999489,0.07822889067766059,0.1719126727245034,-0.34778382004324654,-0.09428959032095117,0.1337504728428968,0.003915718198210183,-0.05053786352401572,0.049900308538845445,0.03707291326650285,-0.004771882199977849,-0.0015977119136919365,-0.011025706283230814,-0.012792671782845962,-0.012806308830070456,-0.0019393031674337646
2012-03-31,-3.2351770084307008,0.2173872277498996,-1.0592954486309998,0.2692636347216683,0.8205966792029794,0.17111951692488947,-0.10475374796431787,-0.4319185050107142,-0.15744859439351064,-0.21569394251946652,0.019304054274596104,-0.09315914268396261,0.0022256451487190176,0.062324066545298644,0.01173151193284632,-0.013253689081792374,-0.013278057624627892,-0.006677839995062569,-0.01271801533847339,0.005280429392223809
2012-06-30,-2.916183631668606,0.1457571098611204,-1.2435523247317921,-0.12783485383303758,0.7471218197959197,0.15708051936069922,0.019300952750004707,-0.03504853537864677,-0.12582091721191993,-0.029564301382722737,-0.07244469380956585,-0.1259759979133665,-0.03619371009641455,0.06019501853381389,0.014278483684523538,-0.02465711184434334,-0.015533764614031397,0.005296673311833814,-0.009171770165565876,0.002334041468914943
2012-09-30,-2.6727942238039475,-0.00818012347559506,-1.683128083400463,-0.39186377086568785,0.4565696569825911,0.08262915391393362,-0.14047781518325034,0.136617139441498,-0.08421863603276963,0.022028822014438534,0.009316025438714591,-0.07788603445108082,0.034131064869145154,0.10373412420876617,0.021552996339763892,0.007378975707882029,-0.0013042137325335944,-0.002206409680943379,-0.00048652905322059967,-0.002380690554608757
2012-12-31,-2.38642292529583,-0.1397202809990078,-2.0119396255253665,-0.5609955609128785,0.3624874039252164,0.03907235122810728,-0.2689308537593839,0.2605868299284428,-0.11775657316655855,0.11031411319752944,0.009135418414682637,-0.021192045444009287,0.011847563665445383,0.07542182028562083,0.005632870014199993,0.02114218090581895,0.0027809779050129995,0.010749558841769032,0.0030594115670702212,-0.006627874254064578
2013-03-31,-2.160470667677856,-0.19428658345953317,-1.9534940195637935,-0.6982010709718924,0.6460146840754634,0.18740298793848661,-0.40297349213261907,0.3175988532610359,-0.11594610921331776,-0.15978259901836694,0.10498244153280402,-0.019866761360611947,-0.00993353584854089,0.037704106154102524,0.02378603600070817,-0.01757882090511466,0.013309471868802481,0.014733715879964237,0.007572694124923596,0.0038947725184553653
2013-06-30,-2.0395393702148827,-0.16524486600341656,-1.2474840283608186,-1.1597830172196786,0.5674685462915591,0.07277103591860382,-0.18831277520378592,0.5521547370155465,0.005434493717707908,0.06639927271362593,0.06930279650566522,0.007780068310019393,-0.02302110749338428,-0.031262638444510764,0.011638558856453976,-0.015607899558244171,0.017861396024060047,0.015820640150080622,0.008340484888748834,0.00016757669894474665
2013-09-30,-1.8580349517367098,-0.013834728146598287,-0.6117102072897554,-1.1507968732930356,0.759371992815846,0.03730917266108765,-0.11206983270488877,0.31635355045770014,-0.020035062809602943,-0.0646858486910375,0.008984494334345746,0.05419099296726597,-0.030242243296731273,-0.0037861735780445665,0.02810274635048926,0.004774268271007501,-0.015526221329828224,0.019110300322771986,0.004690724409240366,-0.005826414863879889
2013-12-31,-1.5670723961618482,-0.2621911827905912,-0.5470604088712894,-1.2692829110617803,0.6550883431201233,-0.10614515697093199,-0.04827961693698208,-0.055248541532232465,-0.06805615182834389,0.134194613032762,-0.021777587002202833,0.21472036874199232,0.03784853201060801,-0.0024574082879781148,-0.016771822008755936,-0.0034663118557126224,-0.009501514543862239,0.006553270985896209,0.01062910993441663,-0.009049993041950685
2014-03-31,-1.4839719278795864,-0.39857263666307496,-0.421314709863101,-1.3564185532508084,0.5773566315306802,-0.09441078721233773,-0.2910234218886083,-0.20156694669636402,0.07364982707225308,-0.06542163710559643,0.06188466908696697,0.14073582909040946,0.10326175362174528,-0.06582425494966841,0.015043088933816519,1.0238646227490783e-05,0.003338878478227498,-0.010116601920551716,0.004926136928128794,-0.004259234823876051
2014-06-30,-1.2142446748952325,-0.4515429487805051,-0.8263747570026224,-1.4691445775068535,0.3622465670188237,-0.054630678472603604,-0.23348752069881723,-0.23411939874039359,0.06179564057470187,0.054503237873950915,-0.12159077714969099,-0.00029851113257262774,0.11802376106800254,-0.06694820711611046,0.003393855522186538,-0.026210859399036755,0.042228105777476696,-0.01470849727053404,-0.006219755454645124,-0.013002176915924443
2014-09-30,-1.1208672749417228,-0.5695716904387896,-0.77067121527174,-1.1805841089948426,0.2954717324670433,0.02956406451945355,-0.18500080741242106,-0.19695784100561345,-0.009074032908928444,0.07826016053047537,-0.0839555940864166,0.10147249713625114,0.09973183496134459,0.03147706240281957,-0.03970909702837815,0.03316686777703363,0.018508393277160716,0.010495208314560476,-0.004073070730616731,0.00020598432482583063
2014-12-31,-0.976085455733742,-0.6120203015548675,-0.22597327374633286,-1.2059788290555702,0.28198740655205534,-0.0038655491414135274,0.005581664251876667,-0.14815942000544624,0.006100335304538714,0.14511594735398978,-0.11914747606369554,0.04061464039657186,0.07575224978776811,-0.040245830129766375,0.009611244434440868,0.039160818150689086,0.024486718051572424,0.015259622053699325,-0.005537807562151667,0.004301163811520616
2015-03-31,-1.0003250673912572,-0.7121637210590124,0.3247522597750464,-1.143759683785282,0.15223197498592697,0.08310614386217868,-0.051152600553199534,0.045102200906934634,0.13213591121242357,-0.09989286813844869,0.002339478832683798,-0.004173747512972818,0.05660671745661063,-0.05100118397615499,0.05442310032302371,0.024817847799314795,0.03641342715455963,-0.00013936893991596994,-0.003360940301314306,0.014005606376917824
2015-06-30,-0.750100627744951,-0.6833677722730472,0.21270186940326294,-1.1320552241620683,-0.14344161764290464,-0.09773547901200387,0.12736231994337857,0.1141189942571084,0.15185956132408068,0.02560009710202471,-0.13668312340669445,-0.039402838773051084,-0.009719486272879297,-0.03187907980007932,0.0327560432596963,0.04937468676849046,-0.0058016316417628284,0.005335579956473931,-0.0028379852566098266,0.005890250133718989
2015-09-30,-0.7935977203372475,-0.45194581425374325,0.954823158196767,-1.2430381457767863,0.006216278801099561,-0.015573011693848704,0.17428431680924808,0.21398069294524263,0.24059779754481897,0.0050979037640784975,-0.056229501312715605,-0.027457601472786124,-0.015497506780457394,0.006711398261901229,0.02730015194967279,0.05022783561796307,-0.020644472526502963,-0.007193312391300398,-0.009859616882813671,0.0028946877976729095
2015-12-31,-0.555161352476909,-0.19388625305796342,1.2810221378745386,-1.230126205530082,-0.0413404495694069,-0.03249452834468078,0.32664407895183034,0.31488079162907745,0.08810404821177757,0.05663048900950146,-0.0922496963995188,0.07156636086407898,-0.0667065071115707,0.04106512637166397,0.013666557774078204,-0.03707916657861367,0.013318287370857378,-0.030716517325907574,-0.022737170660359178,0.0006498420900569999
2016-03-31,-0.5550473216333989,0.5123273676164856,1.6897357952502352,-1.0345342737867222,0.0775439645637275,-0.13719239177142747,0.2304660406698823,0.12735582710497648,0.07420790693643362,-0.22379219788989074,-0.014893706863044184,0.06866800136376502,-0.11009331528716305,-0.0160353144710445,0.022457555430032066,0.043446286663716735,-0.0563191516987534,-0.012597625296084913,0.0020971780841963733,-0.0036978917756166248
2016-06-30,-0.3153747194246509,0.44001372195420446,0.7207010693107903,-0.9877567596443225,-0.14451302963268,-0.09271698267602889,0.2252407873645208,-0.012276581048956894,0.03536104497166286,-0.04493957445055968,-0.11282654617347038,0.01045512615792292,-0.07870393013499132,-0.01947807973396823,-0.044801205754211426,0.03178888823717724,-0.012833899072238461,-0.012174645011310754,0.014683624817709316,-0.003449888009595914
2016-09-30,-0.0548621441641049,0.3483331903246672,0.1607278227709223,-0.8715193742207533,-0.47732557298784395,-0.08351432535426145,0.15553330106932414,0.12375335685378303,-0.04871972420724108,-0.16909655895588224,-0.09767293687240797,-0.03801931132138099,-0.05193180858156355,0.006517352696542838,-0.02845840436784211,-0.015661582814560742,0.023668578034639776,-0.02607558875560017,0.00938711697785532,0.00622036707724677
2016-12-31,0.11032428549298014,0.3562432622316074,0.03135860805628305,-0.8489561105958348,-0.5995862826473328,-0.14946294061332077,0.20802353169258905,0.3180546691090826,-0.028003412641635306,-0.18340477966171287,-0.16690364708949157,-0.15152188885870288,-0.0945109357681871,-0.014354777143366988,0.009115728784747838,-0.026177089411342624,-0.016492322734326017,-0.008494586767681635,0.010165480652898993,-0.009692551430768113
2017-03-31,0.05282655083501332,0.3394266026111784,-0.2080655431911389,-0.8186128498816958,-0.6019196690000931,0.05457191546416843,-0.061757494559646874,0.24795709689576703,0.09180969147841549,-0.3271978555628407,0.04859684444666845,-0.11509739672656964,0.0005015793512965517,0.019371053037086,-0.03705740146941307,-0.019676149689471754,-0.001005970945989877,-0.0069173173398630085,-0.007090733643555339,-0.005975326140933635
2017-06-30,0.23049657796255169,0.2293070692470892,-0.28172923874076244,-0.8416131301644183,-0.6565520377784768,0.06460886664562097,0.09153648579383335,0.2470920363506815,0.05130388501502308,-0.10946907516169484,0.006725896755893338,-0.013073800321274838,-0.003451566446226948,0.009960771305766673,-0.09169052783392453,-0.008844723213348851,-0.013711979612888479,0.003618761803604466,0.009968656537123676,0.003251759187545957
2017-09-30,0.4569869828507419,-0.03361177526790622,-0.34474265611045485,-0.6655197567530959,-0.5347190438500106,0.25162043639434667,0.24301406114997462,0.19380989280531422,-0.013985223740229879,-0.13745944102950894,0.004497125899772694,-0.08822490187574167,0.011685771145193717,0.020403745841252655,-0.07129482231926512,-0.005545052734516451,-0.014637453015270236,0.008018543884520925,-0.004135655535800234,0.018989849023101645
2017-12-31,0.8169836778316413,-0.37670122542870504,-0.5571423085377477,-0.41211180718909907,-0.4726163628988299,0.22572537959546152,0.35525505076498176,0.0031608692767873267,-0.1627573296107362,0.020844359085147236,-0.10342161343403293,-0.07657310692172048,-0.04508228067517796,-0.008323047004715926,-0.06689879371077326,0.0030528169478476544,0.007063171840475677,0.007588390151776169,-0.0012300698822555593,0.009280170083593777
2018-03-31,0.9398336863998832,-0.7833541955902648,-0.5623837189556932,-0.15944489970829362,-0.46341651388250155,0.2912215664678334,0.15990676979925128,-0.20205720898218008,-0.0631449418878049,-0.23260844615241394,0.14797485818533423,-0.032396029637708774,-0.004983493387591468,-0.0236134911858938,-0.034675712600930074,0.02807590022759052,0.011575326342117184,0.005586407471966999,-0.01076919781995765,-0.005558879556732514
2018-06-30,1.1678718232482814,-0.9622325529624011,-0.17990820052530185,-0.18628638801823086,-0.31345823363092956,0.1309917272052614,0.5663167638608184,-0.5211769391038656,-0.049584311353687766,0.047274618659555116,0.08289638464684107,-0.0029466613189104277,0.00952590466878339,-0.006110201163585261,-0.0758064246808649,0.009905609278366421,0.016117423727811463,0.0034992727284921064,0.010703617476605963,0.0030877312656202374
2018-09-30,1.277768429091615,-0.9733624370812729,-0.15078259404812944,-0.27283603434497256,-0.4913086402726349,0.17046356624551467,0.38451108650474763,-0.4608270803727219,0.007570184497992731,0.037575504853787585,0.06017087541277694,-0.07230409871120853,0.02671464882274769,-0.06124066472325321,-0.035517556546614454,-0.003684577594230395,0.0337435904505041,0.006420297666879599,0.007064065820511247,-0.0028273356682027586
2018-12-31,1.4999550428502852,-0.8590639673181304,0.05431212768054139,-0.3363088224649171,-0.5821250197573508,0.17730175363867215,0.5829045382830752,-0.37390592402907286,-0.06342081376532945,0.1493565552381549,0.021870367129818363,-0.0820454981577003,0.04078202917942056,-0.03647682624922176,0.04589669078149539,-0.010823151779254537,0.03747583210333305,0.0033308580825584496,0.006954077536198174,-0.0013422982112794785
2019-03-31,1.5660353732736225,-0.8221202969030562,-0.22057171772710604,-0.1874569522400408,-0.5717801995464222,0.4048559441315932,0.17892919169166088,-0.4418438654112575,-0.07620197760901178,-0.15337913244481444,0.14582224821834053,0.0170136821148525,0.0246538359502559,0.017364093066799882,0.045576020187680685,-0.01972982560627104,0.02349464980001195,0.0019748420683227915,0.00765907308905782,0.004836296909764642
2019-06-30,1.8886507759219744,-0.8065043923961124,-0.4302312718236184,-0.3720494892957862,-0.6666797761883895,0.405053220538324,0.3687349917774972,-0.23870870403191902,-0.13916877178204753,0.04877001525085682,0.03664822416599401,0.07775887404502636,-0.048112888607915336,0.05336869829735908,0.029236036245386766,-0.033507765745295494,-0.0014962709307754277,-0.00011175157440714848,0.0020661805710353504,0.005217757770094523
2019-09-30,2.088409718512663,-1.0061774378542476,-0.40027264174776456,-0.4214924738709782,-0.7742918995660028,0.3774924736540288,0.27269393129497205,-0.08099418105893273,-0.12616280644140576,0.10655306894515652,0.10800104492769486,0.1285083473566606,-0.07942630823324545,0.03117140044237457,0.04463321901509197,-0.029036135155444946,-0.012494594494341482,-0.009577011309377718,0.0008568266999940515,0.003468798607178919
2019-12-31,2.3083408234983525,-1.239526409128372,-0.31943761510518554,-0.23004855386094908,-0.7143547926626943,0.34704935547771276,0.37528837417353156,-0.08969373853835153,-0.1482285431859807,0.2214438026781448,0.15003423266223156,0.1485731034881354,-0.16915466572588397,0.037432569359288424,0.03521833569936374,-0.009822567260536793,-0.009027963148349888,0.006833453745496807,-0.008709262609968816,-0.011868267277494023
2020-03-31,2.0330330819374405,-1.4221822032611744,0.5412200934815918,-0.14870115334841114,-0.4968184640396501,0.6585493669561506,-0.20468617712566076,-0.06049219918197668,0.09682330252055685,0.013753710538660186,0.2644764259368005,0.09954804732907097,-0.1904128422573445,-0.039644373604110064,0.08191969309851413,0.037128217464029924,-0.024477425858286817,0.011991527961324456,-0.007778428872017292,0.002700642493940997
2020-06-30,1.6775307564513933,-2.715921480473457,1.9831788953515719,0.4522406338268629,0.22314657661017026,1.445388212871264,-1.7050681060012958,-0.21453732753404914,0.23739362136262798,0.13818887132438606,-0.27477860954289474,-0.058166393768067814,-0.20974444603779727,-0.044350092837917604,-0.03897653485591895,-0.00664606802371505,0.02514953200759632,-0.001128162374774058,0.0006162166792505498,0.003257695438065316
2020-09-30,2.9754150735921843,-3.329941353129743,1.0695132747902043,0.364107774484764,-0.10358991764091469,0.43138360185711455,-0.6579449802510717,0.16722960921365426,-0.15743312531330558,0.11233163815714638,0.12444528314973194,-0.0898831482499968,0.11359606526843116,0.07481558909579814,-0.004841660721559275,-0.03209292542310113,-0.02192212984307768,-0.01809470971099567,0.027991336844826718,0.003117073018206801
2020-12-31,3.5394243308802253,-3.412780674433025,0.808610950914953,0.3426303937376978,-0.11931773556843528,0.11256937652546266,0.05138721980281347,0.31176634987724144,-0.3348558644516766,0.25474626411740225,0.12922741228708873,-0.16710499964080952,0.11318133683936225,-0.015632704295869965,-0.003518827886812758,0.0028101834635578275,-0.037181414230179496,-0.0038309634170081907,0.009985848218478538,-0.010432934530275759
2021-03-31,3.777439153736094,-3.538943568330942,0.7200230131318935,0.6878256566909228,0.13544792270129316,0.03690000003951844,-0.3352464465544444,0.18332244883739895,-0.4325256437552885,-0.12861685227952652,0.16904877264336277,0.031246443246013528,0.14824841306166134,-0.11430213725783994,-0.005396575076596944,-0.004821694800175362,-0.029447503069068928,-0.0031386682330702843,-0.021405207928198694,-0.003956704829663466
2021-06-30,3.881470746845362,-3.52765238537606,1.27724781604142,0.47855012806612307,0.0624514108226788,-0.23834736536782056,0.03655369320132792,0.06783537410430066,-0.32131680136184376,0.03036538009293393,-0.06821006403889444,-0.03968406583028814,0.06342139227271815,-0.056726399757900794,-0.049732219940813005,0.04344347898628177,0.005862972668905776,-0.0010027143307433616,-0.02030800641715558,-0.004544891515726971
2021-09-30,4.066912379408094,-3.329391028331343,1.7994193968979935,0.4485965006466161,-0.09293230362792246,-0.7113811261366131,0.09532651245289729,0.24807067049548315,-0.2110159495265839,-0.13303228625251687,-0.18797421880774423,0.025744994420643,0.11544201433480468,0.043201635583377536,0.07056394981103548,-0.021551733685525817,0.007813536737591753,0.019647905734481507,-0.004269780418987726,0.006719524548098471
2021-12-31,4.26080126349416,-2.3454624458401305,1.3343605295463807,0.5023699088217123,0.21991212878086616,-1.0301423709286766,0.056670749729520076,0.12243892951129859,-0.224654153541322,-0.10429474444193189,-0.24357649439076925,0.08128754084173173,-0.09078925957897813,0.07898416484292319,-0.002290243258168656,-0.058830544922788844,0.0229381154126661,0.016457388596659784,0.00017202445111019302,-0.005320881978534056
2022-03-31,4.0784990989436665,-0.9992916552036828,0.8854746936686689,0.5835945220926392,0.6780800611897527,-0.892422392361977,-0.27778077432265874,-0.33049379157509823,-0.092754044366287,-0.2568393154456672,0.1474521756983679,0.01318237059709407,-0.07088857143395273,0.08761261369259489,-0.029455325140130825,0.0493561641034254,0.00572500620888493,0.005312321171558693,0.017169014033935066,-0.0014524392981786125
2022-06-30,4.042294491356542,0.41262730703226724,1.0338033220336125,-0.05459539962898296,0.5329207688800417,-0.9127681477828545,-0.1278461120673344,-0.1648918358460199,0.10407843387157933,0.1907090026728107,0.17090981117603923,-0.016573803452527458,-0.09852297134755789,0.07124322006677647,-0.05392620302489197,0.044630793108695624,0.020575575657847307,-0.004156522345986411,-0.004920188092536079,0.004493657212314336
2022-09-30,4.115145752532358,1.8785032536122794,1.3015334207457365,-0.27933833684978615,0.2572623928437491,-0.9672137816295832,-0.18048071144250477,-0.06429961154843176,0.05327754424025017,0.16419642041254795,0.09342679949248114,-0.03481026437359884,-0.03378162754711375,0.027952078305517058,0.006588064546995675,-1.0672124237533883e-05,0.017156001632639896,-0.011828173077636202,-0.006578436568204071,0.006290807418607513
2022-12-31,4.2281434873575465,2.8128944398177715,0.8082727226738298,-0.1793944878093484,0.1085492562271678,-0.9003078270761177,-0.061005186967783835,-0.09616533919377397,-0.015974957796262172,0.20191107276869677,-0.05033433390393582,-0.11188531980722534,-0.06073048867215021,-0.0008977829929402348,0.05572971690577159,0.0025205100471692417,-0.0021440643768572912,-0.0001884066631591397,0.006051219299292651,0.0016188884320533163
2023-03-31,3.9813484645887987,3.436254110070217,0.5240105147677303,-0.10491696968813446,-0.14422713975311863,-0.5225046231513362,-0.6400149949824199,-0.20083488823544093,0.11616019671672981,-0.11019710251763384,0.1932096934835037,-0.010108959559426974,0.05459667767385046,-0.015704185127026433,0.06098417568156522,-0.00881289297399672,-0.004483312926621628,-0.0024399824073670566,0.003348892742460352,0.006257282675464072
2023-06-30,4.009480991104086,3.7467630096995386,0.23482045426971995,-0.3475338355020803,-0.3337125518905856,-0.08605981565610925,-0.4459009411711869,-0.12259737081893035,0.15999838144977427,0.12632529358243358,0.06982447744737168,0.0648773352090058,0.05373457258203459,0.09602716545950969,-0.03962473864761958,-0.025096102172460662,-0.02670202447146759,0.00938024692950714,-0.007618798511995403,-0.00175496484011012
2023-09-30,4.146780559277558,3.8499961473409305,-0.19881131556126,-0.25201580970171444,-0.6938893654286828,0.09693960895514729,-0.31515427498554766,-0.12719632292164365,0.10289188077700247,0.25261142936394115,-0.008361913843047266,-0.014961841830878767,0.11631877161052168,0.03866152051107323,-0.024926119803534257,-0.013056085086278356,-0.02158788611600489,0.002600325279714207,-0.012768889274640026,0.0011654274977982153
2023-12-31,4.357300789379498,3.3815051597249908,0.002662624951767267,-0.09611043039794961,-0.7316549246023432,0.16615343186024306,-0.06986491830187067,-0.0007072175708620083,0.0959293542069417,0.18954694875331912,-0.13957804628212586,-0.11196359341820433,0.0689633825250511,-0.008596347265109324,0.061547394100044554,-0.0174806938858329,-0.004409964774708518,0.00526280016587547,0.012152579454751787,-0.01053366050985622
2024-03-31,4.498376689308128,2.707298315878212,-0.406703559069369,0.6379138481151732,-0.4167206293853581,0.26970635840489243,-0.30255807341989976,-0.18076198701786717,0.15361603873616253,-0.3106963438215717,0.010340490578024213,-0.04534890846830046,0.01256207000999836,-0.008252913883499923,0.011062277951670526,-0.003154161355637433,-0.013062524889537425,0.015648776673577898,-0.01317263648978341,-0.006299242177595359
2024-06-30,4.861835333306562,2.2215685497478472,-0.5949005404185416,0.8636773957481005,-0.23115946234961496,0.20787697371837954,0.11997278808731957,-0.09672682702702615,0.14382820986527473,-0.09667016760277247,-0.11387997271477757,-0.169108935672839,0.008021901787730712,-0.005890083751870218,-0.015188387441333814,0.01580550152678922,-0.003265682454699967,0.01545553961741637,-0.00877245805292232,-0.014521333022983295
2024-09-30,5.152986830027461,1.7036652844506228,-0.3974977654657727,0.8718319956614021,0.13830314358500226,0.004255615619954875,0.071641839404604,0.06803833422564147,0.11639273874929208,-0.0829196307324192,-0.09155065597153092,0.046835751593064336,0.09644789882418663,-0.07563745394540941,-0.017238701074068302,-0.01001327653282228,-0.0013017670761517517,0.013780033675491039,0.007971224302552817,0.012836909016929549
2024-12-31,5.475683715288151,1.290211542083588,-0.5253376832734781,0.8717370079695175,0.20758324932904698,0.0009762628479617733,0.279173033674213,0.2807242986729362,0.03534511164043361,0.09156978461039406,-0.17750727905515015,0.1449436621198811,0.025275349489475622,-0.1091504095272033,0.007724503373870058,-0.03886616823096591,-0.007597129324227197,-0.003932371011367095,-0.0006755439868434862,0.013532383702990158
2025-03-31,5.315975853353198,0.9871018972756964,-0.4107417654553048,0.9790456315114127,0.2994062260874217,0.1912181308191046,-0.02204147618549156,0.2295425438998787,0.277169966172697,-0.2225622625322569,0.12140470397665006,0.19027152650262918,0.07355699105640569,-0.07553164446158352,0.0038937802955808934,-0.004078830892068476,0.017360219200936056,-0.017821703144477914,0.0055275311984910565,-0.002743838888644589
2025-06-30,5.665205267955306,0.8969689254148385,-0.6355957469147203,1.041159679850613,0.6118336814220517,0.295714412497287,0.32472572146112766,0.27548607185593077,0.2094778374339136,-0.03677740501583933,-0.08806823313746086,0.16573646035256084,-0.04215506486811549,0.015962444623857243,-0.041893051945571684,-0.005884361878037073,0.011457869740358085,0.0015437833844175362,0.0022751902879382868,-0.012618560549013513
2025-09-30,6.063940499678623,0.6552912240671864,-1.443421587023053,1.344391681268717,0.74317653247967,0.37091149273465635,0.33860644290235203,0.21876844569581208,0.09818197374061477,-0.0121787829232976,0.004490572438655239,0.03729172083114356,-0.037918492640462854,0.015336477977272153,-0.026801049956146822,0.04426383741967832,-0.0016913222732572544,-0.0147383739193014,-6.257144722862467e-05,-0.00651172589923222
2025-12-31,6.4967238984330065,0.5332654854978917,-2.1173928245517013,1.7112281260253306,1.211939823571746,0.6573907244329007,0.5150820579250672,0.23714175278872468,-0.1285819470815529,0.15145484017388364,-0.03748688157411647,-0.09395407307565408,-0.050375949139189136,0.023599638631992857,0.04960830378127674,0.03713979603711117,0.020785839153105425,-0.01732256964265516,0.0041888903941244915,0.011312565763243581
