fecha,PC1,PC2,PC3,PC4,PC5,PC6,PC7,PC8,PC9,PC10,PC11,PC12,PC13,PC14,PC15,PC16,PC17,PC18
2008-03-31,0.06904440088504196,3.3726645981795436,2.768109136419446,-1.6698636035642047,1.5710268370111644,-2.2204534226346073,-0.3444726526984946,-2.0290869658976947,2.0605476618794247,0.34487700080395706,0.8425444341750603,0.7428659616087196,0.08631054029725548,-0.7398458101696557,-0.14491502310584314,0.054081631756293304,0.32777615944268734,-0.015468518158178101
2008-06-30,-0.5114747556397407,5.463425558860838,2.3044090428155677,0.35369468673266075,-0.29441450320402784,-1.0790028119198647,0.14032741285796932,1.0038640210814527,-1.2678554472731456,1.168823962756261,-0.5843667553604311,-0.011864974605869596,-0.09289547971186361,0.45664309593831703,0.6908474128241396,-0.04676408074870283,-0.07316131691964464,0.2570431072771185
2008-09-30,4.489130333859578,0.6825449244669871,3.592437005040986,0.19311098556092215,-1.3395666066639151,-1.0520407971513346,0.8564070270730144,1.4834783195532422,-0.2719636751349725,-0.12605739511094677,-0.617808299441953,0.2983628748731121,-0.4174542224390882,-0.286879209666476,-0.9258258191586618,0.24624099777211245,-0.43324067371697916,-0.06304309243766584
2008-12-31,6.974979974393988,-3.9355231405883853,6.096074863792189,1.5113560834058415,-1.1273456135650295,0.8009555334751869,0.9969817576756852,-1.5075698530792747,0.7157781612406074,-0.9512156014977059,-0.13324460511516228,0.31401694384909923,1.1297755072396596,0.6784630245914082,0.5536822984944253,0.14809376721905754,0.012547214789462226,-0.025356401544442783
2009-03-31,-0.4893767072528077,-1.1565949154310955,-0.08336145118517649,0.018718112199602586,-1.1357367084266898,3.1320340128622237,-0.46899366073053883,2.0939875944815967,0.859582876160819,-0.7029588311464403,2.4348433105339002,-0.528785515892686,-0.6011613966278962,-0.18557065317864685,0.03692995921498279,0.04426930376067225,-0.05723293490231777,-0.024779061545718864
2009-06-30,-6.654289419896077,-0.710323536059497,-2.0410514982107824,0.17126268175944093,-3.5246334306800415,-0.318629254190003,-1.4131116740365801,-0.04931863706519572,0.20031422550045225,0.8904770790948693,0.5479423461674848,0.7661591619589678,0.5077906276318531,0.369100641594236,-0.14745703292972198,0.5435234234958523,-0.1666772246973237,0.14732338138779164
2009-09-30,-7.078433303762687,-0.6912084034845839,1.1515420653922714,-0.013937120245085234,-2.471398484622767,-1.0837872484656106,2.0026389179798074,0.6322883673178235,0.6114066507091647,0.7851584026423314,-0.41458170998188204,0.7236834703818046,0.3484803169802138,0.4827406545310395,-0.2798421286593046,0.02155300064746566,0.06668978705420515,-0.14312974325584202
2009-12-31,-3.346674676807896,1.0491179349187603,0.7627882421017085,1.0078324827861889,-0.07846321147741922,-0.00019808470159627574,0.0396601036499186,-0.7463974852375024,0.4566025247033042,-0.1913107526221918,0.12816540295282358,0.0412781217109435,-1.466130329858877,0.9639819840844597,-0.3156464211109722,-0.9112392956885186,0.11276686537228578,-0.04898669945812522
2010-03-31,-1.3853159065720557,1.216895103496349,1.7276551478543287,-0.2917421208534673,0.10651079121168786,-1.1960178683636582,0.2228092913465196,1.31143598611695,0.055987087853562,-0.8223271744550172,-0.6971701124936591,-0.2473559787730784,-0.11368892023584314,0.30505422221862055,-0.1954690409880183,-0.05183812304601536,0.16269285771994355,-0.011635522392993664
2010-06-30,-0.34483826723153455,1.216871855778665,1.5827847043224748,1.7375870672160754,-0.49066391054935204,0.16326967690251554,-0.6780639866908572,-0.17164351742251355,-0.751261304007297,-0.44486718533264663,-0.0324063747426325,-0.09833283953289618,0.031035795977971712,0.20504688222241424,0.14889295574716777,-0.38436184888134817,0.19154226228061028,0.0009561464511628436
2010-09-30,-0.19917623963494588,4.1849457340677265,0.8080863227543368,-0.6338711372181253,0.40688872876054777,2.120593649956597,-1.7942980375508888,-0.5493159206493246,0.875634814209885,1.326028019019396,-1.6122353037883423,-0.16562787107683327,-0.14835153010060442,-0.20836133422765885,0.0801255068298479,0.3934966613343194,-0.07955958603806071,-0.06956095716403432
2010-12-31,-1.5510046742239945,4.443032454020084,0.08722790211920096,0.10965024550137743,1.2274026804145661,2.589028872994406,0.42584981984451775,-0.6519921370646888,-0.6507606072625824,0.05504298560120921,0.2940366815040913,-0.1025808323117583,1.1380576623074041,0.35275201657231375,-0.6951483011122999,0.03652115227539852,0.0214495658395026,0.038577313386531614
2011-03-31,0.7368852980992244,2.262949887797213,1.6171840188423499,-0.5075761057705027,-0.9748332188257655,0.18339629849251576,-0.33803078405306775,1.2590335505404355,0.06775505174277348,-0.8068081667432908,-0.12003474652541628,0.16715809454586333,0.2456366740975167,-0.5328162270894858,-0.297865360219811,-0.11159712736464922,0.004162544966896186,-0.05904606749015643
2011-06-30,2.941445266708944,1.3780577614086065,2.7245435514040084,0.845045725015657,-1.1076195742612065,-0.20143349611272368,-0.9978389068264835,-0.08604029922639733,-0.34557536177909565,-0.5042793222771528,0.6773676627225343,-0.32007800448571366,0.17506730746871635,-0.5235731953681778,-0.050463626537114135,-0.09290193709233129,-0.28983043963370686,0.03407829140274074
2011-09-30,0.6161118706675786,1.5506268910881333,1.3406385989672052,-0.5144247434871326,-0.4277871633001777,-0.25315573086210436,0.04519455098353512,0.3820683307238989,-0.12025305631074446,-0.6761392792382986,0.3888284804047913,0.10460090728291611,0.17625567439066397,0.27323949834787836,0.16392696200846504,0.798489725909054,0.12195013196624516,0.014010270552771556
2011-12-31,0.5652124988016359,1.0527684171630955,0.8674300499777919,0.35433650530315136,-0.32939888797125005,0.4417512492474341,0.23595410944934758,-0.9913957264270933,0.33079304996946585,-0.03713188678880912,1.1701046141482225,0.388033663656333,-0.017196284446435135,0.6261710118044701,0.06874822837793623,-0.008055326550069528,-0.05872235400678845,-0.01059754132138544
2012-03-31,-1.7513548569320823,2.7719886258274147,0.9221595769723918,-0.9262291936301299,-0.21652628007241373,0.4766574325901088,0.2808163149864981,1.2243462676990582,0.390657852343928,-0.06921842131150516,-0.0739267825799403,-0.0861111727877305,0.6160735796755251,-0.5313835456006799,0.17625037283738365,-0.36990744194448266,0.24933384463738234,-0.020431254827611815
2012-06-30,0.2802298353751082,2.032519897753834,1.1787973476911797,0.510635867791602,-0.5693425249579108,-1.0280327527916886,0.5141769377177798,-0.062113533705048074,0.3630281696586922,0.6620012578314174,0.8454445632976693,-0.8584287354074867,-0.056521910737515446,0.15868736954388366,-0.08700738014714605,-0.10860859402013251,0.06912747213436993,0.04723584145208168
2012-09-30,-0.3479096061396064,1.3343056499942194,1.0947774230009286,0.1261080141541963,-0.6030707744193723,0.008738712214303349,-0.1893682219181796,-0.08760699008140005,0.4345736779948005,-0.618587072806207,1.0099221094960924,-0.25132224132628,-0.8184402909092182,-0.09686206309656356,-0.3082263989801318,0.2298625590429951,-0.10540677144771785,0.07563087909150136
2012-12-31,-1.429665562772062,1.745987312558232,0.8660228622385291,0.02042977322652675,0.057490167581125025,0.8346851302947271,0.028268292234533393,-0.2767458660578945,0.12493160439357771,-0.009230715082521932,0.3902075507439714,-0.5206906426377994,-0.430687662379926,0.09186427456966408,0.27807526504934504,-0.16082734215582373,0.12704005991446213,0.029768502957721123
2013-03-31,-1.3348464568321838,1.4937428422570582,0.8479071230525425,-0.5959283855566849,0.4353976575295752,0.1577946664401467,0.9259938301072206,0.7907335761127845,0.504504426025844,-0.2853710996976115,-0.715656020249506,-0.7126533716977046,0.303318992294318,-0.138864885313291,0.5412727575719427,-0.093264520411503,0.2315508282783272,-0.055920362681729216
2013-06-30,1.4239348346648801,-1.0052448227772826,0.9664641011171753,1.2324894668695754,-0.3542533502332522,0.22212394298255292,0.49829908279921115,0.06688132193880952,0.3540356828149577,1.0374297477728027,0.029200230828555766,-0.6928694057032695,-0.459291829576044,-0.007605809499129367,0.39479194524361927,-0.30234170161296714,0.007167536915881321,0.012001848706295561
2013-09-30,1.0289605254106713,-1.4042899801755577,1.2532402771944469,0.7644730190647064,0.03255335051771534,0.728831122852278,-0.9330313737955341,0.8390005518950174,0.18938871461714335,0.47160797983271285,-0.25045017632107436,0.4091941016130187,0.5638403988958607,-0.3094418657084971,-0.06828141017232457,0.018838790849059758,-0.12736868660712902,0.09844067568446563
2013-12-31,-0.891445886263364,-1.0340518706386246,0.5962084406573676,1.131840190780137,-1.23531874846058,1.3519017081911358,-1.711254854117291,-0.4634407899311071,-0.17213690122531566,0.025526336329958953,-0.9108689378886045,0.3037247933484743,-0.6131578833925012,-0.32755430285113113,0.34945880893694964,0.39289907440669414,0.05859957499697024,-0.0331931775024502
2014-03-31,0.05610702117912386,-0.6553913035543405,0.43503958001318943,-0.4435484942347243,-0.47018041029146623,0.3094537453458938,0.2601841390643154,1.129840471452496,-0.1361403781997952,-0.04684836201884332,-0.7401595611627929,0.343769158358546,-0.3931701841838198,0.012642939484052556,0.25870799352403034,-0.02549465557759236,-0.012382956657022454,-0.039451186572459065
2014-06-30,0.5109393958603989,0.2823069166067933,-0.32014965532382816,0.25973404161573976,-1.3285430574164956,-0.6540607343059861,-0.2504373981943373,0.4961833397702277,-0.823850139969534,0.24107893559370883,0.2951124381112155,-0.027356035228474365,0.13738100521115565,-0.27381112985964284,0.13379587639991652,-0.183605450319661,0.15004406310853882,-0.15017482580998645
2014-09-30,-0.5918874474626297,-0.8826079843882684,-0.6790509822211251,0.019095803825033564,0.8312812137266354,0.8664242826179462,-0.04943763875795917,-0.7999731190584649,0.053665756925227855,0.0762675401260327,1.1504724052392192,0.5578708161540676,0.17336776189261724,-0.239293804501057,0.15614164582223372,-0.13868973767303877,0.16356256207025885,0.1437418244205256
2014-12-31,-0.04167333273058281,-1.024151184387645,0.5968321916056913,0.9255557604392018,0.6451307367296043,1.1847163328618795,0.9076233013264375,-0.1522462197278014,-0.5120531805837697,0.5285409129904111,-0.25332057369233796,0.08505746232483817,-0.20289631355681387,0.3154326924690719,-0.07065949407524662,0.031885752697971025,0.13863302349991227,0.002427454572919101
2015-03-31,0.4393440572535715,-1.3260585730949948,-0.0964253395699445,-0.18051856555113913,1.021988331850769,0.7941559095837534,1.922091046655958,0.3216444734070858,0.0990928721759294,0.7439977026766406,0.008939004773069713,0.4541256636523009,-0.22783619575033784,-0.3546007578746961,0.011286440262607745,-0.24434585165003303,-0.03235971816126111,-0.06465292621798585
2015-06-30,1.4184555241584063,-0.7858281489407658,-0.987711275344358,0.8563314101316994,-0.4334692027568546,0.05976556475749658,-0.22623603463579178,0.15480371861860867,-0.33966743737395905,1.401175724536033,0.4245984819428311,0.7199846918570215,0.13822090694650996,-0.2880474584176699,-0.0873980142893206,-0.5591735860084717,-0.15160620450964546,0.04997120787276396
2015-09-30,1.780008844666399,-1.4731913770440335,0.32036190520028296,-0.09164581130635341,0.6198974775809768,-0.2720849752596266,0.46310209601730595,-0.3685383022572705,0.18479470131955017,0.3969159403141341,-0.1748951923572266,0.2784767302922598,-0.39459339074146227,-0.4626800458989948,0.2757651848622891,-0.19758679989298894,-0.2285183025147851,0.03491616073459198
2015-12-31,0.150015829742051,-0.11814910653389143,0.08760169707956666,0.6614993696270178,1.6836769131091007,1.1235700110455304,0.15014667486259622,-0.5800736634315384,-0.26060927857441324,0.833060405920792,0.04941949093079533,0.19461547560749448,0.03654988417242004,-0.3039916559662381,0.1891976161397407,0.1170526593816802,-0.1528776211674823,-0.2767233971495218
2016-03-31,1.8835951452704829,-1.0312046375383939,-1.1783492961288953,-0.18526885560041503,1.2354818352719292,1.2890303695568082,-0.183323838775171,0.6994159293658054,-0.11446117878451925,-0.09854843195026591,-0.3847765790808573,0.3920724395639413,0.5241615998644452,-0.11372207263200704,-0.040527359699551097,-0.523389207578299,0.10574111862344268,0.23313954487583524
2016-06-30,-0.3884890277553819,0.587800968550275,-2.350487655725687,-0.32408696378032714,-1.5699677963791956,-0.4974093522773646,-0.6767540405548623,-0.0939894172888886,-0.7036964421867312,-0.6180969255157039,0.10733042425207936,-0.23691028694009095,0.27740039825521623,-0.0895309847134169,-0.011757170363919258,-0.026937481242600796,0.3114406382315271,-0.15188178052149995
2016-09-30,-0.9015084413467931,0.4001597238566714,-1.1058242555667144,-0.14236670377745864,1.0212821206363942,-0.014106872291768113,0.639376568645178,0.3154384416920207,-0.6110003453931584,-0.15364174557872695,0.424101513983971,0.10157255167439483,0.03763925390700518,-0.3279605000663677,-0.1778059574142413,0.15348855564062644,0.06317179657096494,-0.18281512930913738
2016-12-31,0.5303432857678768,-0.5324422421073759,-1.0264812140035537,-0.048352177674752125,0.7469157483885223,-0.8407807399924507,0.6344915014424695,0.06283156505328356,-0.6449112135614714,0.4783559587531924,-0.1365675224834942,0.19747241282432848,0.005265132724892959,-0.21067918968011398,-0.45385637800298834,-0.16402141937550904,0.05229851072098062,0.09171147572763627
2017-03-31,0.4114395789634927,-0.28293112037962315,-1.4763042864892857,-1.508485208411488,-0.3920571927033051,-0.7449485778452283,0.03997833702477413,0.15347171644753432,0.38416253046421234,-0.5556579892556764,-0.03830188079087116,0.41023121527500717,-0.2809293106605454,-0.06412608107529749,0.6260255226310436,0.02222086118123987,0.06918503640705902,-0.0343970212237892
2017-06-30,-0.43355827516345635,-0.7663591228554762,-1.156038154701165,0.32516341140114713,-0.17506223542624358,0.25176916636444885,-0.22419074364143077,-0.8993649306536233,-0.017519017732038164,0.06325899281879076,-0.1321127301757315,-0.45267082319070534,-0.24478222276608502,-0.10043637741730406,0.36596071563527255,0.11925889332525001,0.14762633684219342,0.06449471240637321
2017-09-30,-1.3466981133312803,-0.24201902908087786,-0.37105838912498373,0.049955965939111745,0.15761918484921272,-0.0639383301704819,0.5133729449060382,-0.18785981619029266,-0.533511384521036,-0.3821726206802698,-0.1226106162571817,0.19088243580895647,0.3951257341459188,0.06644445453539334,0.17461675743423022,0.2041837376490611,0.06472344305494007,-0.006246406483979864
2017-12-31,-2.289896961078944,-0.2557625597683018,0.0710618085884724,0.6825192890545485,-0.06877278413298994,1.4923490060004467,-0.4321259580882605,-0.8579301755583278,-0.5596781029769407,-0.32196407883237155,-0.24664745299513033,-0.10807287946529477,0.0729746633716631,0.15091483379109485,-0.31573467172579295,0.19039167966675735,-0.042143771181795166,-0.062036803560187315
2018-03-31,-1.3274773365740837,-0.5516185821367534,-0.19339385854083777,-0.47120089424988787,-0.24823054370379993,1.2325640421716113,0.35868988112613936,0.11841774089012337,0.4143818361257699,-0.12317465175826624,-0.4585531552104953,1.1013568654396888,-0.26859683820966085,0.27931286428806273,0.09653732317716875,0.11137123387478678,-0.07308488544171918,-0.011035978644103871
2018-06-30,0.20043587173790106,-2.495617572839506,-0.4500730524249033,1.4852650594861383,-1.2979120977331178,0.15871181918592406,-1.2950354106689614,-0.7549492971309251,-0.3287484337978814,-0.09450138231781069,-1.1311554764394451,0.2504116384812468,-0.20580353430728549,-0.1032434128914266,0.039708397809254184,0.16555649040843887,0.33860117063710543,-0.02418897628265043
2018-09-30,0.2619015120005622,-0.39278150199132283,-0.035343471978121786,-0.40630346595423783,0.19330147391270172,0.02644005140168062,0.4441446263533696,0.2788848829632375,-0.5177911861872015,0.11808438740552289,-0.1966090336686477,-0.0758747235529703,-0.42203685583865996,0.006984676836718827,-0.16540031769442703,0.17301852423886402,0.14789049424906012,-0.01516693941970009
2018-12-31,0.46884951187634205,-0.48287535776363044,0.08770266092165668,0.7107644520241658,0.4782408472698279,0.3867919114181366,0.38179740853701133,-0.6035290528797134,-0.44155239864130325,-0.03679915771123148,0.00787568852110414,-0.043118311515216674,-0.21857388967147146,-0.026606875983691283,-0.5977775032922955,0.5837006867009907,0.039393593417870215,0.04066197690604613
2019-03-31,-0.31239483581340133,0.35689961432016293,-1.021530273970967,-1.591609599869231,0.2819969916319156,0.21349093739974678,0.1773698461808761,-0.0012256776643068856,0.49051941869904764,-0.211219691075406,-0.3164359295550056,-0.034574078481847334,0.1154122242100914,-0.7787277898897768,-0.12977938554992782,0.20067952896328148,-0.03546188467001194,0.04528936052536913
2019-06-30,0.3233153504270244,0.40149586680936744,-0.7244121849548523,0.3782471782141764,-0.1414401248421212,-0.48464652312649,0.055750749971642616,-0.5812882074194436,0.11921519326844689,0.6715935458237693,0.07182210577479312,-0.5576831847723399,0.048394616068022714,-0.44327272484091224,0.0018568373290320094,0.012192432538273268,-0.21407486511524534,0.028174369352148204
2019-09-30,-0.8735663155551072,-0.265001383934178,-0.04439019041366998,-0.03273354415995408,0.6346183902334849,0.5001616902525968,0.41873426037223327,-0.596441696102079,-0.019333322931201526,0.17585151931231913,-0.18237328738101255,-0.10502175870644298,-0.4972282924001854,-0.2665966508221731,-0.1464600248821489,-0.002421041921635335,-0.17837848708477627,0.03445649110580562
2019-12-31,-0.8851715903110738,-0.6921251331887887,-0.3764141383734058,0.3717953732434492,0.08157841602046562,0.9192070614328207,0.04435405324498532,-0.937815477989992,-0.017443547716071404,0.2062615991284482,0.06636310873388353,0.3976597141811612,-0.031846308235168305,-0.07273836870083153,-0.16337229105810225,-0.30305242220821405,0.030403015709985385,-0.0051917527643263696
2020-03-31,-0.056638763081740005,-1.8078793975794512,0.7150816606329796,-2.0599966053243457,0.5653417395759065,0.33774418929061784,1.0595872555081323,-0.04339387897291056,0.06161379543569662,-0.11823302155177479,-0.5085953085976608,0.01515750294113368,-0.43042893471343224,-0.005213050890665201,-0.09059125280744958,-0.0834392513049204,0.10717312114508161,0.20744815393062624
2020-06-30,-4.3997946989488765,-4.647053826401592,5.224817927203272,-5.634262394877145,1.6164598062173532,-0.9166871029557574,-2.0779971949778004,-0.19123306046679628,-2.082716043094983,0.24334201194906213,0.5762789951902637,-0.1479041406344769,0.023323223217971718,-0.017593357751114102,0.0715927852620559,-0.2800132319941877,-0.06251072119370689,-0.05361770853572898
2020-09-30,-3.6696003962827746,0.20599563924657346,0.03558697784431468,6.111258664995375,3.358079866298156,-2.001276354953349,-1.0628612208682275,0.9191071289464674,-0.08204112470252858,-1.2189688449980438,0.1914768917373172,1.0510488907962015,-0.11832197092579305,-0.5139398899969604,0.3553217376276394,0.1876065375731516,-0.08691536200418225,-0.01459663562543103
2020-12-31,-0.8895469424068495,-0.2432612134609383,-1.174947404800168,2.414877342963515,0.6786443652938206,-0.16815221889932042,0.43865777131643074,0.18108396949618882,-0.24109412654031986,-0.19350299929012033,-0.07723121929699525,-0.5785977309283353,0.3893997206953342,0.20911100101150104,0.44842022756689737,-0.39534771771612204,-0.057391294062076784,0.007829236744769472
2021-03-31,-1.3669389971053947,-0.9851039388698483,-0.5916806084072509,-0.9888902033725844,1.6985642872345779,0.30720323691261975,-0.8864772635850899,1.4014591681427038,1.1634343742177982,-0.11702010386073255,-0.17720637728483016,-0.721900237912729,0.5401793739695756,0.756606458560593,0.518933513910793,0.13531743979024968,-0.23490679201819561,-0.040628857074256924
2021-06-30,1.8860872798351629,-3.19106272199243,-0.46840373973064076,1.5169558164752148,-1.4529530960385173,-0.33705356015653576,-0.6802188877266804,0.398689440733446,0.11958978345128624,0.10261373993465146,-0.2800566522532213,-1.0064437979266736,0.06929468407552174,-0.6022553897914935,-0.21113179656402223,-0.39193649907749956,0.2795303681676782,0.035724418203062214
2021-09-30,2.871954876186564,-2.8305323743191697,-0.2110226591531259,0.6063998885936978,1.3231199348507356,-1.372581411396138,-0.9974720359273306,1.1629846434471638,0.9031007236073084,1.0041661410491727,0.35372155963002627,0.20666088509714295,-0.1510837573948606,0.6160405800664644,-1.0320434889086494,0.5167741755740717,0.3124680063837231,0.06134312047306323
2021-12-31,3.1639400664590798,0.7570777679483875,-2.334647667210352,-0.4824683072828045,0.12780470204354358,-0.35235506552951196,-1.6871815723170083,-0.13931112660278688,0.634971180856919,0.09938403820847974,-0.4192835919546444,-0.24437191903224498,0.4705310485652561,0.22124799752051774,-0.8046179952621985,-0.6847250167672232,-0.10728658781185024,-0.17998691890674265
2022-03-31,3.7679797667230166,1.7065148368132879,-2.4664864860245386,-1.9035013252631134,-0.6505982427195154,0.11301637552172332,-0.8430216524340192,-0.38540990002331477,0.048854997565498985,-1.888242409093755,-0.8051837701688503,0.7116544622070633,-0.14168569702411468,0.33584135887962085,-0.18890070892520597,-0.44445565312894864,-0.054739172432357465,0.11640836919849311
2022-06-30,6.11977167683359,1.440115763766218,-1.605432155738852,-0.31471917178237746,-0.6464617440948885,-0.8606129515239611,-0.32941324780429276,-0.38994056061099314,-0.18871043418376582,0.7634321450786781,0.20065527162926833,0.21002549206704704,-0.614267973361095,0.8432439967115879,0.3604936300591748,-0.15769444882649128,-0.06421710165774955,-0.10426892272850635
2022-09-30,4.957762616126013,0.4915918003589937,-1.1527591846868706,-0.3074048794959729,1.9161714440257454,-0.07846024261692021,-0.2640226925831506,1.004341039871587,-0.712429610788501,0.5984978324830939,0.4210931246045808,0.10979784818435136,0.006797613345067079,0.5236857766837844,0.15500017413408113,0.3346795645470526,0.09564906559282008,-0.07331378410338149
2022-12-31,3.1138183766928917,0.6559101970689987,-2.675854962624332,-0.4683085695086242,0.3558996339092013,-0.26253156172908615,0.17739000344737774,0.10776075808664973,-0.7042174039657358,-0.0679988860118352,0.3292989051862933,-0.13960662062090065,0.3673893406397853,0.4074954611352047,-0.4256633701296894,0.25980448429269587,0.0454408668605644,0.03773450010678128
2023-03-31,2.261308748186861,0.2958391696413271,-2.4054332355593964,-2.4910456104752536,0.4027516771835719,0.09080607583718565,0.5443975581388876,0.3894055425221035,0.08069411450261908,-0.3118243493787964,0.059729896322181,0.47595089355840653,-0.413056446457522,0.004353317237015225,0.447971732181097,0.49789081563281146,0.0665073040075909,-0.00506346486052451
2023-06-30,2.350148409912432,0.2162621328435807,-2.2668580356830366,-0.779584656117493,-1.412866012166148,-1.4779335276430088,0.2560376030919662,-0.5388088814265702,-0.07952093969539792,0.5610441237568092,0.5155632650116543,-0.26351379422088655,0.20534340287064987,-0.5535084991823628,0.8644820649762535,0.3350925112492594,-0.043377719305602164,0.006820924608221645
2023-09-30,0.32479155108692953,-0.3239703453429139,-2.0190831689862514,-0.08105046345520484,-0.04816065264126226,0.10072513680088917,0.8361763239130047,-0.1536980785565789,-1.0605622382930173,-0.1868239372628233,0.29288994478057984,-0.12384646737453991,-0.14525295034677477,0.04540783593990232,0.35948000651435646,0.3312824722855649,-0.02413524015999917,-0.02980223265956485
2023-12-31,-1.1294421198774087,-1.717772435083016,-0.5296341208316537,0.5759236297979137,0.03142165743091055,0.10457276843400849,1.5240045480648634,-0.11986878602054399,-0.271791208647786,-0.01584287456988499,-0.24465994683852763,-0.7130197386760447,0.2756960590413234,-0.3455609212145665,-0.5993737514515051,0.1894942612613413,0.13866823207193182,0.04633098794663285
2024-03-31,-2.1518664473639397,-1.3931208672278548,-1.8355653555337246,-1.3410142256630715,0.44626674338975664,-0.18532097382531604,0.2779602620336244,0.6234827360837418,1.209095140091432,0.05287542471679102,-0.0015822135741364127,0.5214475329468141,0.721035548717685,0.3354049916271329,0.29126908054624184,-0.42545550928213277,-0.21675602516998788,-0.03296185138968507
2024-06-30,-1.0905248488675867,-1.2933817197895885,-0.7157799701198166,0.7987424489127146,-0.07112742864251874,-1.2025247431143977,0.047911793859187125,-0.3533885297651882,-0.23635444008748188,-0.07232613112760583,0.35987771485266523,-0.060127539327396146,0.29493720194347134,0.4843897997771305,0.07212084016565752,-0.2737086188081852,-0.16462307677268007,-0.026892083055197406
2024-09-30,-2.095824903930345,-1.7978640626206717,0.012364848901333691,-0.025252584883012567,1.454483865340306,-0.9134078224528164,-0.7727150530466932,-0.1085075277664829,1.1326229239442782,-0.3527854647526361,-0.6692341711944692,-1.2588486121938212,-0.19041012660026893,0.5945728723081543,0.08155340495172872,0.3931893952067243,-0.10827952731285727,0.07441093477489116
2024-12-31,-1.4971488115931542,-0.6802444569464794,-0.8986409445194399,0.33029275152108,0.24915801454660355,-0.15925234890777534,0.5911840636542496,-0.9177375071842033,0.2894257001409896,0.1728868859707698,-0.4439503832017814,-0.9771880049934314,-0.04872764144245494,-0.17459461065005347,-0.21660271476095905,0.21256803765885998,-0.3195674239831834,-0.0124270305818845
2025-03-31,-0.1457212269889581,-1.5230270971830306,-1.199940227626977,-1.2439870414836578,-0.5825336814337754,-0.31383074747942963,0.8188451623219232,-0.08548284084565175,0.8031361373031142,-0.8287510466434816,-0.4088881387330717,0.036780580949224005,-0.29536441943910896,-0.4561981500452444,-0.055586532052314355,-0.08221876890903726,-0.07827926719667937,0.027677863665712208
2025-06-30,0.18086428166304894,-0.2699175258799007,-0.8509590870753239,0.20125567837062713,-0.6906398161293229,-1.3349612024694788,-0.26640828424804275,-0.5347185719702128,0.15224741641023373,0.12872021385566132,0.12224471558286283,-0.5392674459087897,0.6298089057811814,-0.20699574016364083,-0.05112424239711489,-0.1538231430611599,-0.05647130882567005,0.020555837307200724
2025-09-30,-1.6935556473334614,0.6720868800852845,-0.9536548759956163,-0.2112686615869756,0.01468514627622971,-0.3703046965764695,0.2702481111534157,-0.5899467253000109,-0.5520118952927339,-0.981381776955596,-0.09438310229444821,0.11589918113303403,-0.20199209868815599,-0.16580759359660863,-0.029568125909047678,-0.25521541271243886,-0.28016949763342974,0.04322852591961236
2025-12-31,-1.6643816166116097,1.1750418458273937,-0.6683045471595593,-0.4577568485322954,0.2522163330883681,-0.7624575889980374,0.6068089803130791,-1.367025843741495,-0.5669180209073382,-1.1865487077858754,0.02005135736561608,-0.37644091836216276,0.09659071224115588,0.2776134014020154,-0.2573614917215328,0.23188744474495726,-0.16083367166883922,-0.030892696468696516
