,PC1,PC2,PC3,PC4,PC5,PC6,PC7,PC8,PC9,PC10,PC11,PC12,PC13,PC14,PC15,PC16,PC17,PC18
Crédito empresarial_log_diff,0.014911342022265897,0.05094176456038027,0.8575039652881946,0.18197360178332075,-0.06064959344543618,-0.1817244692951223,-0.28249863864854485,-0.033803052691540235,-0.1614776090294161,-0.1092844779729586,0.16840246866741876,0.14498667400197804,0.014582305606255265,-0.17934207257362947,-0.02044390548723959,-0.07061040100007163,0.0023268827973361673,0.002304067529631721
Crédito consumo_log_diff,0.4289719060408764,0.685443051007027,0.1555844807870723,-0.055137722186046616,-0.24427400053223042,0.2381064965487255,0.09383721770613776,-0.2525061912633421,-0.027707516836990687,0.2269675501184829,-0.14518506102761666,0.2322215616149121,-0.03679725315958991,0.006348786942073484,-0.11924852733028632,0.034009954758480586,-0.00014244148046275434,0.0008124651525313558
Crédito hipotecario_log_diff,0.14604779811039878,0.4557776267076229,0.5701597606909223,0.14085311195835892,-0.35463412056679683,0.381676707849208,0.057001276061265385,0.08905724595656342,0.21814996252762306,-0.08654910583581392,0.27652236323358553,-0.1169237450047034,0.017811667064741837,0.1079080165413625,-0.016702650662269627,-0.0038604286879999877,-0.0016367801382673904,-0.001689415973251259
Tipo de cambio_log_diff,0.33921587189076485,-0.5336196835948211,0.27318153866152917,0.36467112411407804,0.3770593251887622,0.2635867962246609,0.10842461266457516,0.2861481291946681,-0.01766085103824416,0.2612100524892283,0.013693088739397632,-0.04178018963286836,0.08837079175906769,-0.06947170866469196,-0.132979291620954,0.0060957161038159135,0.023075294861383974,0.0010257623257556839
Índice BVL_log_diff,-0.595985968201061,0.3145995745309435,-0.5957217365700269,-0.04154987340472592,-0.09978806649242317,0.06094543704860068,-0.22459560786201763,0.12295606333640823,-0.09413362129634176,-0.11612265771187659,0.03403387273033108,0.07280535558156015,0.27825640994189793,0.04859554679100213,-0.12366752514983076,0.01326161375684466,-0.0003047561728356071,-0.0024216684995911914
IPC Lima_log_diff,0.788207612512158,0.1172475062427348,0.010843740769034669,-0.16838282359800474,0.05102462343670814,-0.3213260321561282,-0.17574724117374707,0.26149148308796055,0.07248449323172663,0.2479013011623473,0.1285262326514675,0.16187747804208857,0.04516158159301728,0.1452935909468179,0.1131507608586918,-0.008942913283257145,-0.0030550910994447426,-0.0015937436738238835
PBI desestacionalizado_log_diff,0.02016947671325588,0.31066942957773297,-0.23472576634786643,0.8164269875471836,0.13143301865787033,-0.10349722968623931,0.10146734724739087,0.09154972755529875,0.27987541063501814,-0.16312333026591638,-0.05784183588401892,0.16211332411338206,0.0021312689491823516,-0.06993600023287407,0.05293276360110894,0.0809208735412716,0.00529643065993986,0.00318201754639562
Demanda interna_log_diff,0.013075339733011504,0.23537235175961282,-0.09343244307500516,0.8311937579062639,-0.0807630951835482,-0.24081879133864068,-0.0701869450127403,-0.2812545854471908,-0.18841735435305218,0.1847602467330216,0.04669734425349611,-0.1691150194931816,0.04485226574662327,0.08692578521487013,0.017110733508086777,-0.005169889569351066,-0.006686064607747459,-0.001997698268421364
Reservas internacionales_log_diff,-0.38694017358027955,0.6259271789104845,0.18019942464336927,-0.3287035119780961,0.24884281984681472,-0.21497116138645725,-0.18701412296560405,-0.11819006193943961,0.30856027316568796,0.1744514327600074,-0.029472222154973866,-0.16033860724660193,0.07040911494465275,-0.1258676477633593,-0.032853342112085626,0.026578907839555743,-0.012581384684823437,0.004076386349499684
indice_precios_inmuebles_log_diff,-0.03972736724973547,0.515955457083036,0.5142407577541123,-0.030936762063901533,-0.30106170835184054,-0.3251370432882043,0.2312947413184164,0.36654758657960346,-0.14324916676827076,-0.041700398211049594,-0.2498762031158117,-0.09995111693417029,0.033307158574002106,-0.0024656360401495354,-0.00982216188896269,0.02726580948288218,0.006572198648782666,-0.001673578342452728
Liquidez M1_log_diff,-0.5125672384276391,0.11783242963203538,0.5731572220458525,-0.05336380409578766,0.5550618150340998,-0.07932616616887272,-0.05404324721741876,-0.05209627528182799,-0.09189242213108843,-0.1219642919391864,0.020465186322894697,0.0413832646773812,-0.07295728847982828,0.18122962344813112,-0.0761526037018043,0.12899718887604467,-0.006109633549894467,0.0015275159497446806
Liquidez M2_log_diff,-0.8234058699357203,0.49157375358353694,-0.02767176314562766,-0.038500215748333115,0.15221681993203834,0.15399347636810728,0.043240427661677086,0.00885603522179498,-0.07559093570981854,0.0759537367164704,0.033944020846815484,0.023207896894185155,-0.012552977967516293,0.0015272858194298245,0.11268137739438153,-0.044415482974609004,0.12380526326934123,0.005583314092400157
Liquidez M3_log_diff,-0.7729233444184471,0.38883380801726075,0.13526224574668919,0.08276786109631006,0.2589378245206201,0.30985403570028175,0.11419995798856518,0.0867993274020521,-0.09865627915128423,0.08024013337402641,-0.04298615327672059,0.05195565376882183,0.040052980924151556,-0.013098058064090343,0.13633827500976897,-0.0812209790731767,-0.0945667858683465,-0.008911936505917583
Tasa activa TAMN_diff,0.47789713988105187,0.4230442185162235,-0.2760965358921892,-0.1925914917735539,0.27724504332490774,-0.2637852025146674,0.5057272218584329,-0.09035696293168906,-0.06747464134257099,-0.07262802085048083,0.24948392609368575,0.01310328209620994,0.044925353392104315,-0.03613334211283393,-0.06399950310871708,-0.057923559683009475,-0.00481282914539533,0.0002509808485510432
Tasa pasiva TIPMN_diff,0.8294103664039942,0.3014027586228431,-0.15014813556798037,-0.15489508514486494,0.04643274232234201,0.23362300994813537,-0.07309544979454428,0.011368706405124078,-0.2146314942367858,-0.022365519726089172,0.09351075782398362,-0.07242746202976393,0.037463986049665825,-0.11842733092412286,0.11726238504438687,0.1918948656653415,-0.00360027713577969,-0.0013893783439190557
Tasa referencia BCRP_diff,0.8038864045169896,0.4342106823760103,-0.12961726157633432,0.0641762409840164,0.2566988924847274,0.08857397142105573,-0.19355753191141817,0.04198062463916165,0.0001506324959853598,-0.1183035021704975,-0.10757946141331524,-0.05678882350181078,-0.06401681924386363,0.012879909776696995,-0.03718790175180617,-0.08349424198559861,0.017694637496267627,-0.06083607113440509
Tasa interbancaria_diff,0.8192903977292625,0.4175181753094071,-0.13575588484036685,0.06532050573301026,0.21964075682936807,0.13490254118859304,-0.16899818058799004,0.06183947017985899,-0.04059349901192435,-0.11515889491200748,-0.11371635071719649,-0.06246263989771772,-0.035103957506952686,0.03677790135818825,-0.016700847916372854,-0.09237463130106564,-0.006600088882427711,0.0618205959136262
embi_peru_diff,0.5935162682576783,-0.3529793994013987,0.5467448350219972,-0.08560277370266811,0.11000683446091655,0.051124514522788427,0.11522780695737864,-0.28036491093709476,0.07331659337165401,-0.10922911280904553,-0.16677094002206308,0.0156920417981423,0.25622473294237114,0.0551016957761542,0.09731054532046132,-0.020540356257545307,0.02059652857468243,-0.002388599312338542
