,PC1,PC2,PC3
Crédito empresarial,-0.1298317200859419,0.06233235448492582,0.678968409392751
Crédito consumo,0.28775197038779987,0.4739115252068342,-0.015679425921463125
Crédito hipotecario,0.022148675248150673,0.2877407353870609,0.37229246753395256
Tipo de cambio,0.31095115365535186,-0.18507804715561355,0.4192795537476741
Índice BVL,-0.6019792530813022,0.3532285839694925,-0.4695315789194886
IPC Lima,0.38781490390732354,0.30641907539983027,0.16189636835920243
PBI desestacionalizado,-0.0766351046882446,0.45601194860925653,0.14454728333969005
Demanda interna,-0.17827046408588498,0.3977995965822329,0.4207801396904616
Reservas internacionales,-0.2894321618330844,0.20803925043139015,-0.09638391503159792
Liquidez M1,-0.48336453759336884,0.2599460215129496,0.5210280003822153
Liquidez M2,-0.8082273286897647,0.46463466747129584,-0.035505388880400085
Liquidez M3,-0.7550973739447663,0.45152309869108587,0.12304847876686964
Tasa activa TAMN,0.41463736171630855,0.2253116114096161,-0.31391126722312845
Tasa pasiva TIPMN,0.6939728190170579,0.4133221005516244,-0.18364633937629257
Tasa referencia BCRP,0.5867766615270917,0.6956791351775743,-0.04984081172650939
Tasa interbancaria,0.6174395652043634,0.6639817375215584,0.006924740708904315
embi_peru,0.5378751063816559,-0.32262466438108783,0.493497247332405
