,Crédito empresarial_log_diff,Crédito consumo_log_diff,Crédito hipotecario_log_diff,Tipo de cambio_log_diff,Índice BVL_log_diff,IPC Lima_log_diff,PBI desestacionalizado_log_diff,Demanda interna_log_diff,Reservas internacionales_log_diff,Liquidez M1_log_diff,Liquidez M2_log_diff,Liquidez M3_log_diff,Tasa activa TAMN_diff,Tasa pasiva TIPMN_diff,Tasa referencia BCRP_diff,Tasa interbancaria_diff,embi_peru_diff
2009-08-01,-0.1687135240480974,-0.10567880614075653,-0.07882386123571894,-0.27342423518648495,0.3702453789467942,-0.2235491000882035,0.004973309500646575,0.047886561231573296,0.15260239737085765,0.07375187556292774,0.36452991751333313,0.314432777860044,-0.16336979720698558,-0.3135152063227089,-0.305994678457084,-0.2998517403191271,-0.34787623930631895
2009-11-01,-0.1810728265017331,-0.11137219305094526,-0.07844042208055753,-0.2795580721711279,0.37154482160500646,-0.21221599826665685,0.011304317582168245,0.04113753823870431,0.14701044672653862,0.07475492952282567,0.36729529953777684,0.3134692464733984,-0.14774706306418878,-0.3089944672955583,-0.3069139465746649,-0.30061570650888514,-0.3512265024286421
2010-02-01,-0.18593619098702405,-0.11437457509619031,-0.07410171597011742,-0.27687327191571015,0.3743325050002222,-0.19966941017915424,-0.0022365842670309805,0.040200621503403616,0.15593407956919253,0.08451205359715988,0.373216856586898,0.32122831743476143,-0.16108314714759364,-0.303039009406076,-0.30054277040032273,-0.29189028633082736,-0.3483389592831142
2010-05-01,-0.18854220734885122,-0.11370074662578633,-0.07358477162215686,-0.2841933258766431,0.37492857890551984,-0.19351794464191924,-0.00811035345098457,0.030576376411910897,0.1567609062242024,0.07361952361217278,0.37387118396431707,0.31721134899751846,-0.179461983628769,-0.3026623197295323,-0.29756165097037085,-0.28812511869672874,-0.34721097730061323
2010-08-01,-0.19611989741049823,-0.10513398141947572,-0.07418861194770471,-0.29275761614764495,0.37333738415543566,-0.19136711182701238,0.0032323197199309976,0.025971513394367388,0.21581464906849984,0.06837992139997716,0.3706915238924539,0.3149983915299193,-0.1715882146097498,-0.2940874388912808,-0.28087371499606895,-0.2901037524934192,-0.3401728700105015
2010-11-01,-0.19318215143127773,-0.10627265488817506,-0.07122347850509961,-0.302152091498256,0.36298181495005,-0.21602502960579473,-0.014374938978031111,0.0086345412852675,0.20587854806523181,0.06680225308240971,0.36496497352181245,0.3042882113083899,-0.17674813470320344,-0.28954832690527565,-0.28763493356173164,-0.3100220183518404,-0.3312844619322366
2011-02-01,-0.16939464098485416,-0.09674275209423056,-0.05938299957230804,-0.32406233045288774,0.36479327616670687,-0.18966632139980766,-0.02554645391927613,0.017775732712962844,0.2122226816208077,0.08300035528998988,0.3750060528363808,0.31567831647277167,-0.1694712407782897,-0.2868082786703086,-0.2735301539541278,-0.2986179409155336,-0.34089109760130515
2011-05-01,-0.09322865091444045,-0.09774133393904455,-0.08270885426466848,-0.2883758624173231,0.30914217624238616,-0.1708731741893055,-0.059340351851492015,0.0724573284222749,0.07800981941145815,0.07892644574184945,0.3211192381291065,0.2637326248863246,-0.20892675952063255,-0.3720312228011361,-0.3824679097618798,-0.39340809150020567,-0.30019853559630655
2011-08-01,-0.09237554338801142,-0.1179550073879237,-0.23541648291819886,-0.26269385913036536,0.2850970750653665,-0.16316508990182374,-0.06462006842550645,0.05389387746794232,0.043201848904898386,0.0794890753882142,0.2978005574641783,0.24108682978816381,-0.23670650294279003,-0.36542904499087986,-0.3740917059544011,-0.3879496653400016,-0.321138680289929
2011-11-01,-0.059598175580684386,-0.09103292729391463,-0.17871779099513113,-0.24824377723040852,0.28678560517819096,-0.17187158607386788,-0.053337148799792275,0.03235732351092506,0.039094552603755155,0.15892076503103075,0.336520235142187,0.3072346831787957,-0.20314367760885482,-0.365307931727182,-0.35718994032540785,-0.3682150115306483,-0.32651335174723656
2012-02-01,-0.09937875692474758,0.015184799647918967,-0.011830483818289307,-0.30082940776155526,0.33553225146873406,-0.10057847460095258,-0.03793949150852445,0.1326799715215662,0.18343421736695747,0.2594287857461645,0.49186639225358514,0.43487069150039614,-0.04616661899174396,-0.20468796001544445,-0.1130324276155422,-0.14639284526757604,-0.38377272541260965
2012-05-01,-0.07852090581959921,0.20231132176246786,0.20031605866658186,-0.3070913542320597,0.3617377855023045,-0.024342928319158984,-0.06149979395981115,0.07612143456299239,0.3149409347718556,0.18169851658278768,0.42377434235357886,0.37631168326307124,0.04029068229248976,0.13118224905605907,0.24731419293752896,0.21527239034963638,-0.31259161699071747
2012-08-01,-0.04028423586051998,0.2055297134792538,0.23353848715462097,-0.32040694252933444,0.3470460503831761,0.009489795374141949,-0.057277513878379024,0.10866701379178569,0.3181459379140291,0.1752856185361064,0.3824882851087112,0.332839069432245,-0.02211393948526575,0.1751350532628996,0.29365420013517035,0.2652263099827725,-0.2941997865426095
2012-11-01,-0.05335840884101916,0.22715085040428215,0.24485535302261013,-0.30951071421096266,0.3360353218700089,-0.03233009895683158,-0.08047695849437878,0.03240336794236098,0.3393158436843153,0.15756946135044253,0.36355223662331954,0.30941460009332233,-0.004163522823861454,0.2198978898876854,0.31773911869890303,0.29053842271965497,-0.2582609404235747
2013-02-01,-0.0751522571483497,0.27257368851745806,0.2799047234417905,-0.3025256677219569,0.3316996668084913,-0.053571114236298,-0.036716487095527134,0.033103553064765076,0.33059493699022513,0.14722494918441328,0.3331083710796028,0.26794030625211623,0.0685432568737683,0.2334127250794307,0.33352397780952436,0.2968439306305402,-0.2501862826069201
2013-05-01,-0.05368239385970698,-0.05368020093171236,-0.032840904692076164,-0.18011026424305127,0.34239730317061196,-0.03329943055181417,-0.01983496312148254,0.10232381059836626,0.14410415552301176,0.3376734974350438,0.5105192959269422,0.47319385110811796,-0.0400287546166265,-0.2631086562137155,-0.15919220042437088,-0.1682169609115194,-0.2961599424389586
2013-08-01,-0.0656274314727965,-0.1106136199122349,-0.0040553610472139345,-0.23711340844903445,0.3310495046512409,0.01077740244122425,0.0985698524517344,0.13012895581551787,0.19867507508655993,0.2846685912429747,0.4918110191060883,0.44054820458143185,-0.0718839272791465,-0.2561631317826314,-0.13856203982713733,-0.1507677649431604,-0.3488165230227382
2013-11-01,0.058164447624240556,-0.08577930782791233,0.08680591991733864,-0.27308374628758053,0.30089947531156463,0.07603349089833573,0.11677100786175462,0.21761912838277253,0.24019091620317393,0.31143461734667,0.4899894020504556,0.4009981839129165,-0.09745429702665562,-0.23705549343069532,-0.07307317730251044,-0.0849608041787803,-0.34060334506851175
2014-02-01,0.09895573290945675,-0.02379667381140571,0.12485493204952974,-0.3179883513176246,0.2885687897988337,-0.02600617108364474,0.06791722340527673,0.17981890817778046,0.293682971550549,0.3160935451739386,0.48721256093693677,0.38316480217523896,-0.06553661287243782,-0.1993223736475488,-0.07691239566339358,-0.09870726521753802,-0.34928644396618974
2014-05-01,0.10028083646114555,0.0537110386795126,0.2171003701566525,-0.3205197726555176,0.21834588944010772,-0.029070668564922082,0.1038846233760941,0.23137488601992634,0.2769793719053747,0.34495095454589464,0.4779959857190259,0.3654624045796615,-0.11279993033950869,-0.22361394854481953,-0.08354334443804287,-0.09971092751694653,-0.29486700723196424
2014-08-01,0.06447277723777792,0.04502687091655336,0.16739457643759498,-0.24640834960316962,0.20166002440279654,-0.009892117840636091,0.10017162647081246,0.3055149461028001,0.2543586467945763,0.38923468517698234,0.492665422550671,0.38899463058867495,-0.1589667356249823,-0.2058685747166839,-0.06015351008174838,-0.04735439214960455,-0.2778278020039034
2014-11-01,0.04419765177068069,0.041941328467739486,0.11340881607961233,-0.18542426261170064,0.18213967919576524,-0.052356187756746,0.09595314851011598,0.28522694932302894,0.19716715299119597,0.426493915802453,0.5155889296629161,0.4284464304853072,-0.16831233206499463,-0.25503576310997467,-0.07202010553593424,-0.054955596318089474,-0.22542580591298464
2015-02-01,0.048751564041903346,0.04542486940744553,0.1129584438903799,-0.17905915460475336,0.1832819881299914,-0.07672663956224539,0.09407684937475792,0.2906633184974816,0.19879209523922667,0.4128938338997572,0.5118699849366841,0.42968871528534247,-0.15439998377980912,-0.2541521873270265,-0.125807627235032,-0.09355509135106982,-0.21969865821622309
2015-05-01,0.028317249405648823,0.009098793001281372,0.0654046716021833,-0.1542416332613753,0.17632949467072132,-0.13760997564010208,0.08473151644785087,0.26162075544985347,0.19605276312575343,0.41788762746354624,0.5054827417604865,0.4307543679852338,-0.15901059773588594,-0.2682735466726836,-0.19149058607394437,-0.1333825731125171,-0.198872177368161
2015-08-01,-0.03982859251207013,-0.06671729498435419,-0.12664893012827808,-0.17820993976090363,0.2149927261077201,-0.15526600303715643,0.10031219507852969,0.17297722018399866,0.23104787270705182,0.38262455016844377,0.4984564389588337,0.41102098754302835,-0.11717864192871356,-0.25269883523650843,-0.2290425381608237,-0.17869668960754756,-0.23809331414682045
2015-11-01,-0.033714621440344206,0.01019414969611733,0.00016229421489449836,-0.16561210757585068,0.2118168024210446,-0.15105979299236372,0.09937637135352263,0.21280502326236286,0.21616228567869084,0.39933228107815427,0.5060236176463635,0.4144241121893102,-0.1255453347023761,-0.24506453786407706,-0.22850606674663876,-0.17388880926934844,-0.23709638754775972
2016-02-01,-0.025718715503269138,0.056936897205062925,0.03606262357175541,-0.08305308443485589,0.1898047306566944,-0.15746048140741134,0.16842314989349252,0.23890985631673234,0.2127001074495358,0.413644046792038,0.4928737559408343,0.42159237481382195,-0.13808333459860722,-0.2728401239241282,-0.22408443628548938,-0.16388646395723946,-0.18451488499289392
2016-05-01,0.009129973661325917,0.03504566283368308,0.022298760230896095,-0.10201118415113827,0.22201208825543417,-0.1475894290145644,0.15954275366096082,0.22647338079097537,0.2026332974160949,0.40263644146569716,0.48882668836898585,0.41213942005073306,-0.1771828955072092,-0.287083600613848,-0.22927571598771773,-0.17130868562950058,-0.17960305510151192
2016-08-01,-0.0018797798460377796,-0.0005871261145099843,0.019862304281876002,-0.07162234180984894,0.22603050163825564,-0.15510059920928476,0.19978584654140763,0.20037474442456335,0.20371343768982514,0.3924120775791113,0.49876580836780543,0.4199149129521631,-0.11802047356522799,-0.2905888264509215,-0.2525535314638045,-0.17031443762240692,-0.16588605519335634
2016-11-01,0.026725134305404522,0.009681808851553245,0.029096709786111057,-0.06323642160120106,0.22542147481366506,-0.1032586161914198,0.2285407345484174,0.2474844714990023,0.1538382281378283,0.4068007622339491,0.4933949804743619,0.4191773555887276,-0.12921761927530878,-0.31301442423832126,-0.22908999103235084,-0.1506373057776332,-0.14573806828854668
2017-02-01,0.025938803089923947,0.03344497550691401,0.0378965898510915,-0.07600867792630231,0.2278581385972942,-0.11340715944071675,0.20983632294003454,0.23381322335340154,0.1314928726660917,0.41092234971862984,0.5001843825983519,0.4231484589999555,-0.12576995860886672,-0.31678641339765945,-0.21561101294880627,-0.15035495833521378,-0.16389538088550618
2017-05-01,0.02341857328887529,0.06376155088839178,0.060617815106556526,-0.033513087147508176,0.19483927000990656,-0.11374364975423394,0.2100073337420027,0.2349319930111364,0.15331148323501048,0.4131082644436027,0.4923980695229015,0.4314904636405065,-0.1239723452082641,-0.30785532430960744,-0.24805447361180605,-0.16101306002767835,-0.14138355415511358
2017-08-01,0.008425073880027084,0.03558951272857025,0.05646507654572132,-0.08839385482525555,0.21245872397058946,-0.14150689189477464,0.1704162734302661,0.16509411507321264,0.17581064623515466,0.3712286747809818,0.47138948143201,0.39481852389435523,-0.1067540683231671,-0.30302004620416256,-0.31740516412101083,-0.27820004051148484,-0.19501600130901883
2017-11-01,0.27949321418743606,-0.31071890824618154,-0.1715226272052503,-0.03269965443187798,-0.179703221647241,-0.0007790399094253775,-0.42637980330748393,-0.25987728896025386,0.16427318678710254,0.04767625954525817,-0.11554808204702186,-0.1389919559707246,-0.18811519352151818,-0.20058617851130944,-0.4086052995205814,-0.35311409926321313,0.2898610008776098
2018-02-01,-0.27048576720747913,0.16827021938786824,0.10318795829870636,0.07132760783099786,-0.27836918311828324,0.10223029782605567,-0.22558225140740457,-0.24631502973764258,-0.053168756666943345,-0.3425698450562986,-0.41367794742653263,-0.39371741938976934,0.17123884877537812,0.30553370849701283,-0.04954433045428487,0.10762730247394313,0.31662688685446355
2018-05-01,-0.28959271515406665,0.15322250504978607,0.09410453143213629,0.03939971315927496,-0.26493843632679454,0.10243347290983891,-0.24967265156153223,-0.26195192731883976,-0.05619316102617613,-0.33440764214912116,-0.4110844449425074,-0.3980810349140287,0.1589030613451592,0.2989568264443607,-0.08823755447759411,0.06428579923171242,0.31878161140823935
2018-08-01,-0.2708637233903533,0.14995157425718197,0.08824144871456463,0.02149369650346776,-0.27676461256322044,0.08942300296184749,-0.2775958621578394,-0.2589822282376902,-0.037738320877723025,-0.32183421924015543,-0.4124584551205381,-0.40632938217925635,0.14166045675807032,0.2771101551244656,-0.14735786167897014,0.01652268169929086,0.32878625877893564
2018-11-01,-0.22223668672579602,0.09751504020131319,0.06788114285803207,0.023123791139580838,-0.3257949182804803,0.0773035370563554,-0.3004796258137097,-0.25705584336255277,-0.033654377620237125,-0.3075193311705993,-0.40468499304222727,-0.41358031585539523,0.08837521091227356,0.2530091756578526,-0.18227076874783604,-0.024023401722382126,0.36239795764623006
2019-02-01,-0.2223868495026324,0.09086677335881033,0.06557060703639611,0.05713689079251674,-0.3237603217117625,0.08862840015160486,-0.2875183297787689,-0.25904201346088174,-0.035909617730212215,-0.29851405239330225,-0.4122082489718667,-0.4128203764150477,0.10483065408102268,0.2821331497889611,-0.16224083384245375,-0.004641639941494885,0.3530003383684851
2019-05-01,-0.28212466708064865,0.14209905035439907,0.09553455062235716,0.07319819831964076,-0.2641642074987434,0.11608405480426355,-0.21255164125017395,-0.21574996224127213,-0.04366046195403872,-0.34057002431468153,-0.41935512309871503,-0.422135945202349,0.1505797805156209,0.3273110879743957,-0.01669985330383278,0.11524125242626296,0.30891150825380825
2019-08-01,-0.3236132563093475,0.22972858398267515,0.1307369006537663,0.009897984835302576,-0.1631076887011364,0.10734552047719445,-0.10853788979786538,-0.15015750781137552,-0.06856834981556614,-0.35676353556489293,-0.3884925331104382,-0.38706151462965066,0.2147756840436331,0.36709015766994607,0.15320078265902193,0.2623192905528465,0.21671093553113363
2019-11-01,-0.29744421320721337,0.27955592889824965,0.1428012341473418,-0.057999223264462337,-0.0980485033229574,0.1736035494479275,-0.041817810132263676,-0.07919466228860733,-0.08753446606536275,-0.3361987123103436,-0.3399684031664242,-0.3387144259718975,0.2746264372476198,0.37829557690999915,0.25493493841323905,0.3294457101610542,0.13709755058454864
2020-02-01,-0.27653144320685474,0.28320946661576085,0.13947626861868356,-0.022639153954594676,-0.13790912594214474,0.2040671402559716,-0.028908281078893906,-0.0590970057370411,-0.10142831240849959,-0.31166829168937626,-0.33244596408189414,-0.3278273918474139,0.2985684851992625,0.3718154523971673,0.2712441288358682,0.3332302990859227,0.14472215950033107
2020-05-01,-0.28816898295569543,0.28977081828238427,0.14388369048871574,-0.025028569266888928,-0.10873741858562369,0.20819950219493474,-0.01669735596209583,-0.049545231211537796,-0.09664814648924214,-0.2993743964083312,-0.3240154493821155,-0.31862088882199074,0.3061081116494709,0.37519531533973116,0.28605647565292136,0.34447082500568815,0.11543327522426051
2020-08-01,-0.29629890863292513,0.31000296937227967,0.14156064165587612,-0.06560326071134541,-0.07999642021219379,0.20343705405173587,-0.0020025411991350037,-0.04625070327410749,-0.10462654342890329,-0.2987476033727429,-0.30028717602390975,-0.3010846617377222,0.3172075276037587,0.3721875582333601,0.3020036731239613,0.3538010585073349,0.07270423183184152
2020-11-01,-0.28042500049892927,0.3317894708236028,0.2123032328613717,-0.08599711106863431,-0.05772577321854877,0.1759026460815658,0.0238699467349692,-0.019885374553129248,-0.1288430279234315,-0.3079363036854228,-0.2786015927793845,-0.28478145832952073,0.33366352817898226,0.36188612970537654,0.30085577510879524,0.3448827960993242,0.04091834831467401
2021-02-01,-0.2814523788855068,0.3378114010465796,0.2158492870269524,-0.08604948671727639,-0.052743932807376964,0.16992159650908334,0.028792894114271085,-0.008336682191173173,-0.12158829270627514,-0.30906116933624406,-0.2750244888240568,-0.281546216508309,0.3360229276457604,0.35917155416307506,0.30356931621874983,0.34591344976194377,0.03440153981442452
2021-05-01,-0.2795324683632297,0.34041869932381186,0.21728031753014293,-0.09001504538029723,-0.050286878752342494,0.17329355245251407,0.027933860868394812,-0.010395739806787874,-0.12157168984180255,-0.30933576440311594,-0.2732749422316948,-0.28040614204548986,0.3373005394350094,0.35984799366791054,0.30150982011506455,0.34374620961294233,0.03329438177440046
2021-08-01,-0.25799015705189965,0.34285778908174636,0.22567047663213513,-0.06229020539058663,-0.0860081644756126,0.17494588727972862,0.02309939536308682,-0.00892456040513706,-0.11630149938515034,-0.31034275641885944,-0.2878324443762167,-0.29156225153989335,0.3284580705286352,0.35892694659252167,0.2989848650349164,0.3407878555294176,0.050293012246381545
2021-11-01,-0.25190125000278524,0.34524713329858026,0.23400881049357275,-0.05633380586115848,-0.09074840727047451,0.16865308205051993,0.022128403305597295,-0.011791775281344452,-0.1209623442299159,-0.3077103929352433,-0.2876536573511961,-0.29161165828874974,0.3301723952893654,0.3577056009416574,0.29820399874229964,0.3406587558079992,0.05538977893281289
2022-02-01,-0.24115983938789395,0.3483724691015676,0.23670009735394437,-0.059999663445443496,-0.09246185891363903,0.18091592425658087,0.018685520446529415,-0.009615541972448932,-0.11582581521811773,-0.3138058043865269,-0.28744973962576226,-0.28812758989082643,0.3235341935752232,0.3594554684603689,0.2986306950073765,0.34035624890474997,0.05186949990143523
2022-05-01,-0.23130656068689118,0.35251590095661167,0.24501802821458407,-0.05085570921328893,-0.09219212905986346,0.18207981784256708,0.019599978062839668,-0.008291748218667155,-0.1221673040790531,-0.3143270212835673,-0.2824576189191689,-0.28352020048654664,0.3232079468578954,0.36099894291739143,0.3001822352251112,0.34052958431443764,0.05252231325258977
2022-08-01,-0.23059206306768174,0.36016588359914503,0.25401837759895857,-0.049982287238106535,-0.08929735762952581,0.1817914670836697,0.017890275520497913,-0.008404015474796439,-0.11023394752761027,-0.3114419212707089,-0.28255333994942655,-0.2833396781286817,0.32151642093716787,0.3606666823424952,0.2975596823386182,0.3387342928749589,0.05167319894716443
2022-11-01,-0.23064098560048882,0.3204931404960305,0.24455172060353622,-0.07648564573889632,-0.13322329184004145,0.16734913493753392,-0.24758794379353755,-0.12215840457608976,-0.026915790689494914,-0.3004043957836954,-0.30518258845922625,-0.31104817304347454,0.2724682903881779,0.33653446072078147,0.2511055782524205,0.2875756020591541,0.20580051149751932
2023-02-01,-0.06985018429745704,0.3598500582707853,0.19065878363409117,-0.04842062398293089,-0.1242379518029056,0.23046186645677263,-0.08229329690956025,-0.040658048451895135,-0.07937653408363882,-0.2625532330504221,-0.29684206720139983,-0.3019909720905941,0.26299981151700397,0.3812731957596414,0.37023088317744773,0.3682232049109942,0.09063428680309411
2023-05-01,-0.04443645828869567,0.355998095250706,0.17803584726193272,-0.026714395156831723,-0.13196581755379277,0.22694866312811654,-0.053941393103296736,-0.028739526189672182,-0.0823945716383416,-0.2656971692969165,-0.30020442746188863,-0.30294703749121543,0.2616331606424969,0.3832922246224717,0.37731902095336206,0.3773926755866348,0.08234595446159793
