,Crédito SF sector privado,Crédito empresarial,Crédito consumo,Crédito hipotecario,Tasa activa TAMN,Tasa pasiva TIPMN,Tasa referencia BCRP,Tipo de cambio,Índice BVL,IPC Lima,PBI desestacionalizado,Demanda interna,Reservas internacionales,Liquidez M1,Liquidez M2,Liquidez M3,Tasa interbancaria,IPC Subyacente,embi_peru
2009-07-01,0.12032814475492142,0.12149675404231154,0.1254866095613682,0.07223614638100245,0.17517884000665462,0.37832950034046137,0.4342962866212095,0.06421914363980175,-0.294048005946804,0.16778695857119202,0.08850317625264113,0.07875409862375338,0.12561120582508775,0.06681413924888291,-0.01644129655212062,0.013153990331377048,0.44417907952462216,0.09840257230245195,0.4763623034445013
2009-10-01,0.12159291267472183,0.12021780186603075,0.13336365581393753,0.08520390956125884,0.18764510434734277,0.4007186308203122,0.4625078548470111,0.0640330183374414,-0.22347022953337572,0.15874218414019456,0.09141926228292199,0.0709954372994185,0.13342106607996598,0.07496178615992238,0.0007510015203310849,0.02437422096534573,0.4718396031053984,0.08920841438803126,0.43448325167737967
2010-01-01,0.11730305842272765,0.11178067733784092,0.1368355832404335,0.0947657250089305,0.20239621752680456,0.42529764136893833,0.49583390489722523,0.06962673254119493,-0.1275743638082786,0.14036496353914069,0.0908671044610884,0.08522897142014577,0.14244477449942233,0.07608945032005637,0.020817536471107907,0.035602971560101795,0.5046680701761912,0.07082056874186887,0.3667618767568266
2010-04-01,0.10739299408315278,0.10187083803378301,0.13081633170690776,0.09417606749773177,0.23103059674071105,0.44452818644100384,0.5149058937979438,0.06352217590284277,-0.07482440296344782,0.12413229050176408,0.0862764296705843,0.08527845594593145,0.14542852284221947,0.07245698342316767,0.028842799581337848,0.03669968094774195,0.5221843211299956,0.0535588070803445,0.3035072202897671
2010-07-01,0.09552054722862617,0.09111677059091912,0.11952339624642336,0.08731454895243074,0.2550110651010117,0.46256013057770107,0.5221901276952353,0.04918525925007147,-0.0683384814117318,0.11225481880972207,0.07593680961858044,0.08046671430822347,0.14023177274624637,0.0660236617026141,0.029745539054151872,0.03199271149851056,0.5285589386217902,0.04096615186587578,0.26471094447814636
2010-10-01,0.08893861621232386,0.0834887679000972,0.10903896257715648,0.08129414881349287,0.28402469240653555,0.46918793573642403,0.5210671946948816,0.05141144910458892,-0.08674059777991885,0.10866941668117261,0.06737741876885614,0.06898018198771091,0.12728114531252224,0.06003257708172071,0.027684619752787427,0.02806702687979956,0.5236649900792645,0.03949509758656122,0.2566814646094911
2011-01-01,0.09111998361622563,0.0832546878910261,0.10196346221170109,0.08110375505073432,0.30174572478876077,0.46793529878862383,0.5064656664708068,0.0823073548329207,-0.13604704437608714,0.1132643976695491,0.06080318828989012,0.05790908974742992,0.10817082815189638,0.054215463757379165,0.020529290746685122,0.023872902889307587,0.5093304199211286,0.05059244622203545,0.28017627309557847
2011-04-01,0.08985677315280739,0.07937805396460339,0.0871902383995124,0.07592232363090143,0.3019244645164174,0.4693352703503143,0.4823797507249543,0.14078235854677115,-0.18262390959544536,0.10906433840312142,0.0464493361088756,0.03742843851343461,0.07793012636765223,0.04204946759588412,0.005293603725217352,0.014253529747947635,0.48707456884770906,0.05837503578981601,0.3328483049664654
2011-07-01,0.0627558175890541,0.051071163194907704,0.05336001240254144,0.05189752116959736,0.26459774715999634,0.5133442699072019,0.45415506803642314,0.1955631936911424,-0.19090968378818718,0.07992952199567391,0.010955090869637129,-0.02556750206999392,0.03639497148494249,0.006990250868397574,-0.020380487274026037,-0.007987411296218747,0.4651224793123932,0.04543846608367541,0.3821145923348709
2011-10-01,-0.0029170681708974217,-0.002498879644787372,0.008835598254381846,-0.011669716431133181,0.2214590245336761,0.6223680085781046,0.3788737350989318,0.13675348501555634,-0.020979947120826146,0.0221745260930188,-0.05116667412724795,-0.058988595654357816,-0.015808465281431823,-0.05447796533374507,-0.07271801220199443,-0.0586787014340443,0.40567649383829574,-0.00913582393053517,0.4663720065720872
2012-01-01,-0.12990222106897767,-0.10046273793240403,-0.04949774700316292,-0.10637969603259043,0.37048672567403146,0.2572232665187539,0.27045863248826224,-0.44089994332189103,0.5944297129466731,-0.10488159675133513,-0.06326987212057263,-0.045328583075978854,0.023744963608188275,-0.03799598584985898,-0.05016146764777971,-0.07728888623830604,0.2515139636012258,-0.14182979380312705,-0.15499778216075033
2012-04-01,-0.12100667853745324,-0.09228926436667356,-0.043096458825873665,-0.09276796655332556,0.3569721709939603,0.2963043863873361,0.3101255455123738,-0.4767785791568717,0.5419464807987114,-0.09446823460871578,-0.053784004698898255,-0.04185508036540262,0.04564070655685673,-0.03268619357635523,-0.052846802757628535,-0.0763561426431826,0.2887614151812279,-0.1276484468006158,-0.09449443191439949
2012-07-01,-0.10207485385585256,-0.06894168341204684,-0.02668857991485497,-0.06546162993893746,0.3240694592298059,0.33219276268781245,0.3681737363042231,-0.48622551381837703,0.48442188024289173,-0.0711931227757731,-0.03066067937275088,-0.032049324163512305,0.09156610960405184,-0.023585326823849288,-0.04210095006582906,-0.0646848227945294,0.34175810925203787,-0.09968327509396958,-0.09569333655122049
2012-10-01,-0.07526010081910543,-0.030384925630600565,-0.007378666361679526,-0.028439047807130326,0.27992810424261905,0.37870957298714125,0.44082784509375056,-0.44711227882321297,0.39895421130603154,-0.03776503628011785,-0.002832438248156769,-0.005817779299355352,0.14980430400667688,-0.0011185722599434539,-0.02375270975058888,-0.049641497659569,0.41491690849501006,-0.06582815690980727,-0.11805599901463784
2013-01-01,-0.03762280473492551,0.02287428604471935,0.01055864244486043,0.019053637825978798,0.2417822164337143,0.4301547561800189,0.5037874430376583,-0.3802502230551483,0.25489911246077973,0.00036783166586651286,0.043783489334079474,0.03699459840544939,0.20748087235533227,0.04410221713942915,0.002142809011851852,-0.028297339662418142,0.48644939947663923,-0.023603932895090364,-0.06674497148690078
2013-04-01,-0.006368924096999838,0.07050337050922514,0.029899573246363047,0.06601346719800665,0.15789786518629556,0.45423300582869425,0.500282320586306,-0.3396351431513054,0.08140447806634957,0.03802142100991815,0.08886756116966665,0.08783091592404635,0.2925997543229929,0.0866137746044183,0.03509647872766871,-0.005283780237189532,0.5157158675955241,0.014361158041260513,-0.09281048455128482
2013-07-01,-0.00029629826773371477,0.08833339590698827,0.04249331406328019,0.1056564672602251,0.13509496886493927,0.355087228395204,0.42071800325971304,-0.3299872545027802,0.06009173470566294,0.04620860063101926,0.12667824258739152,0.1708539164389137,0.43359807279888846,0.1358465504694709,0.0924251332938775,0.02565939643031563,0.45389960570893617,0.03268162893076351,-0.2743270341887177
2013-10-01,-0.07781906901334475,0.015477868497737817,-0.051392276829429345,0.05848962045483112,0.037809245887833,-0.3934812915098113,-0.01741161301065858,-0.3775847131378699,0.15870674664562634,-0.06113929838956749,0.047120222805189196,0.13867053200957574,0.46459420320507555,0.0822358019575753,0.08854921311577658,-0.025284761165057932,-0.07893994543453701,-0.05044597190365035,-0.6310857385048501
2014-01-01,-0.08153419493672462,-0.002042388117690676,-0.08483873617360296,0.025374703639734146,-0.03384986891567945,-0.5540437722582565,-0.2450266932625483,-0.29519903068785264,0.07093581356222953,-0.0968273693180718,-0.003245092078183207,0.08439844966635245,0.38915358827310864,0.05595683561533142,0.03973581676342143,-0.052922766375615125,-0.3148935965490356,-0.08679332751678032,-0.49298285944579046
2014-04-01,-0.06482090246484062,0.00263930479834025,-0.09066038733287297,0.013710417623398688,-0.1304373363297351,-0.5897172352361862,-0.41225717247449833,-0.2050451235813841,-0.05302996203307777,-0.10058164730769519,-0.039115876474627366,0.05784122235452968,0.3016300961451309,0.03243632051202376,-0.003593647979299371,-0.0651967548584063,-0.4517342600330777,-0.09419678762905559,-0.2890786523011949
2014-07-01,-0.04028287827516764,0.01197458219756742,-0.08467298040531392,0.01190277609397352,-0.22403235151600237,-0.5565933171830951,-0.5085783354173838,-0.12021461076417779,-0.17089271706789091,-0.09331054420522393,-0.0586596307580798,0.021335270195781745,0.17374720421379436,0.006668105160718904,-0.04155299312633859,-0.06722076850415595,-0.5198593943804565,-0.08900219651584863,-0.037044235006982396
2014-10-01,-0.021188889421073394,0.017317235733542463,-0.08173180097809742,0.006922257890115294,-0.28221817005938177,-0.4951939397254993,-0.5321591657559249,-0.05350221323957497,-0.24685844328118192,-0.09511042523732217,-0.06982747607204061,0.03640750856150428,0.05033702413479484,-0.013497676534025485,-0.06794711299220008,-0.06585138908382054,-0.5175915338952634,-0.0883789641347157,0.13429675406152997
2015-01-01,-0.008045064356150463,0.02240079402048737,-0.07915618885963457,0.0009707447442401569,-0.314059756018006,-0.4369270099238186,-0.5213259956469236,-0.0062172046099758654,-0.3084626579648671,-0.09271656677534808,-0.07847110284673578,0.03286990087051226,-0.06228222730408007,-0.030117839953767708,-0.09003258632064574,-0.06736517475647281,-0.48965339050691664,-0.08832718652915059,0.2362894440733503
2015-04-01,0.0005935584408813168,0.026668596151534423,-0.07613226985758961,-0.004032166753165223,-0.3514482212046744,-0.3908934594142664,-0.4861139069754918,0.0272459106207144,-0.36565372601930285,-0.08839603648140684,-0.08342895868119135,0.023194812434557913,-0.15830694790280772,-0.04881008980930587,-0.10933628824069444,-0.07226747084090092,-0.4388184494703933,-0.0867059624185829,0.29393614152062375
2015-07-01,0.01758162806452013,0.03854425944433136,-0.06388262001951472,-0.0029741803545882215,-0.38853301696228,-0.34246049615658386,-0.42719162469235483,0.07188556451573867,-0.4165747885560774,-0.07765173568260966,-0.08710190375699593,0.021102710880115342,-0.26134891612767047,-0.055902385385115265,-0.1153881622519496,-0.06825672149067682,-0.3593765604678302,-0.0789871300750942,0.3547244621932102
2015-10-01,-0.04672076898005275,-0.005532307353928175,-0.010941948418491356,0.026458047563994683,-0.26575373265026414,-0.3842985322518619,-0.5134218881852471,-0.2110099253691207,0.2780984160556243,-0.06619720923531884,-0.026707714710897418,-0.0022704170966784286,0.11639095298563018,0.10675563313050881,0.08291391682392672,0.02558083602665703,-0.528616230278489,-0.04705993767115231,-0.2719695713094911
2016-01-01,-0.0765124370314449,-0.029476979857289018,-0.03023161291021266,-0.0023374243717457013,-0.3880374677320076,-0.45395443285132225,-0.46397498490754113,-0.256746706402284,0.2595931665795681,-0.10461068520649656,-0.02265153430786117,0.014980600243027577,0.06911540023849672,0.0757198985926806,0.04749507194735288,-0.004719928484527541,-0.46408471298323206,-0.07516971425919633,-0.20404669416702276
2016-04-01,-0.09597756937268452,-0.04367675735231255,-0.03727714028430297,-0.015328573378209285,-0.42307860583347295,-0.4748594678840953,-0.42858862715567403,-0.2918691767677607,0.2482155812437932,-0.12331238594421653,-0.03972807640154888,0.0028271540294267095,0.06835364440571365,0.06941738527126114,0.034527319896262836,-0.018758446539820044,-0.42575261747972737,-0.0904821437494673,-0.18709007741718034
2016-07-01,-0.11030202336314998,-0.05256947563249932,-0.049912896358799516,-0.027097181242137995,-0.4089896889825275,-0.5001773214632455,-0.4192354926325457,-0.32234623145640584,0.20915161938858587,-0.14982061484885342,-0.059117571756930554,-0.0010839683857573473,0.04379271242712232,0.0565257864370642,0.012360269528628048,-0.039876891366007486,-0.40985010363939145,-0.1148668898171131,-0.1643619543767159
2016-10-01,-0.11970952189922958,-0.05750284690655276,-0.05808325990795872,-0.03335903669515419,-0.375724856716314,-0.5081861805731215,-0.4130403616375492,-0.36086871035418966,0.18160999776047,-0.1672244179280814,-0.08079013654388095,-0.014448376492569272,0.06168105432691629,0.0419679534540971,-0.00028130920181667837,-0.053047961031899016,-0.39937328494457136,-0.13100429133749958,-0.15780514273750243
2017-01-01,-0.11810876586538747,-0.06098581303848087,-0.0642554179080627,-0.03742095511889976,-0.3462265379808381,-0.5295630522051449,-0.4237997711275728,-0.38579089213888657,0.12605414186028613,-0.18009201882576598,-0.09069835494118177,-0.017613886100656662,0.02300147400803407,0.0325769085183244,-0.012695107266511019,-0.060701089019530335,-0.39465054431775715,-0.142867925088758,-0.0979573055690566
2017-04-01,-0.10419850884688739,-0.05961441372388893,-0.061756043435053865,-0.03509855373310955,-0.3281482382408469,-0.5642808681001678,-0.416941123653943,-0.39816306979451044,0.05440305902917765,-0.1856315953904817,-0.0922047889070349,-0.007995425082068526,-0.06785785238599841,0.0274778345869772,-0.021264461726946952,-0.05849535325045664,-0.3813869522504715,-0.14526286824523887,-0.01731578887322457
2017-07-01,-0.09246942857249382,-0.0601696567387629,-0.06006166019870647,-0.03648568509516312,-0.28735194747722803,-0.5871428484106525,-0.40262755060912025,-0.4166301414972406,-0.0025067498210028447,-0.18949255170888024,-0.09539654960955832,-0.0311565287362928,-0.1127140709327464,0.012870929031217733,-0.0297122992833618,-0.056207429970602504,-0.3665582825801823,-0.14638578981991668,0.03466971390243574
2017-10-01,-0.020807992244715405,-0.0011393878168960208,-0.021977635745471118,-0.008165654646476945,-0.32209337130602345,-0.5998557158893464,-0.38020608183928606,-0.08805202631439168,-0.1977031008395841,-0.17109494789383248,-0.23002595618258467,-0.13070044611290055,-0.12641358690311316,0.03446801047162586,-0.04862743999505941,-0.04091662533457721,-0.31888035555346056,-0.1377082502508141,0.32081952330439034
2018-01-01,0.008786338812016847,0.06474060434695797,-0.07496815810446367,-0.05671969146499703,-0.06033481151039124,-0.22297909885284883,-0.16865168435953043,0.24688898423631792,-0.3560874236847121,-0.09517220307880296,-0.48733751784553514,-0.4455280268016623,0.16208579096738462,0.08011150667169453,-0.06454855923909145,-0.04120301669167492,-0.13383723389596808,-0.10688718043876444,0.452102156421288
2018-04-01,0.007182080870362245,0.06920536911388811,-0.11713790948994739,-0.08560082653411277,-0.02981900885617879,-0.16076789102966738,-0.11427406500284529,0.3010025981722737,-0.39969919084446115,-0.1043941587075237,-0.46580544467615537,-0.42952846595921507,0.15211028121031364,0.08158267814667279,-0.06593438155335372,-0.039465728065080585,-0.09073777190230284,-0.12326138961945977,0.4609357432910276
2018-07-01,0.020297273993480094,0.07094862531570881,-0.10152359567930046,-0.06667480845937214,-0.02302510624171679,-0.11147226737962423,-0.09973402963527914,0.25615262341888384,-0.4239111452978986,-0.0706223027856961,-0.48437525647661994,-0.4426737461119832,0.14008325590646625,0.07663637085920864,-0.04557122488035978,-0.021984063732959733,-0.07416319246979843,-0.09314113913801816,0.48351311856982276
2018-10-01,0.01601584875148656,0.05580995781897913,-0.07530453591685617,-0.049435998606975125,-0.00037379446152054595,-0.057451502520091374,-0.09496641922343886,0.11872461834806017,-0.4090407151767492,-0.03468507126887287,-0.529685897820865,-0.48034936763958574,0.11804045961967459,0.049574810364428144,-0.03468879817578309,-0.0228483502132286,-0.0743567205660303,-0.05573367859470607,0.505497098607312
2019-01-01,0.013371687758728941,0.04023044734332226,-0.04825201146751644,-0.040636938742210624,0.022336584216555322,-0.025791314006573845,-0.09070612082533147,0.05625364834622651,-0.4182025519920962,-0.017221012199590706,-0.5402503807850386,-0.48967349871866184,0.1056590701087752,0.034380478834625056,-0.030968168641434538,-0.0244034535869911,-0.07262031273084729,-0.036663510208441566,0.5042896203703359
2019-04-01,0.007965491845241852,0.02891437995378414,-0.02875842865926522,-0.037822393051953423,0.03219962534367894,-0.008497175412626554,-0.09157154881903941,0.01566251629052245,-0.43426310817307034,-0.010445981095252839,-0.5448636607447654,-0.4923703749816427,0.09363202686305631,0.021768953928408177,-0.03192988164335879,-0.02836320220327757,-0.07095562404386954,-0.02750845357397947,0.49218740283703805
2019-07-01,0.004667266180265107,0.021305496035373343,0.003353758063498347,-0.03252925416866266,0.032683122584857664,0.0021015535878448474,-0.13410516877479117,-0.03652659068252799,-0.4438770022934859,-0.03168668143499004,-0.5495378354918004,-0.49663544879935,0.07358708302942339,0.01705190486704087,-0.01253252261519691,-0.01724787090025163,-0.10818890345526752,-0.028320854564819406,0.4612235592465188
2019-10-01,-0.007415670859320773,0.005551772538467795,0.010093657037161967,-0.04836127978527576,0.03175393294765704,-0.0015787470569325773,-0.23304173341348913,-0.07564199406616734,-0.43813208289179195,-0.0912038025713199,-0.5538597325856828,-0.49251994079703904,0.045511929738338106,0.011913358915740635,0.018593767681488883,-2.5791786486110935e-05,-0.203365101172136,-0.06224617598790036,0.3728635544243177
2020-01-01,-0.02537376669391571,0.0014471544879042127,-0.08396337679107603,-0.0949176192732274,-0.0036459832068886453,-0.0880952494553864,-0.40061141985363286,-0.07061170322756359,-0.40926969386119033,-0.18426693295677773,-0.47621240085388594,-0.41922815548909914,0.030212620074427037,0.037940404792253676,0.09311525581385276,0.05354791800285957,-0.37872312861644875,-0.14009128068733936,0.17062216131476554
2020-04-01,-0.030432377267488285,0.022287961269015236,-0.21020282453682862,-0.12432448268272107,-0.10972242330875516,-0.26262415744443746,-0.49092850992075077,-0.0435972713139061,-0.22348331902991272,-0.23457900712324262,-0.31136274926548685,-0.277506670771615,0.05742811714937514,0.07937825446557806,0.1848332226563104,0.1261592912410919,-0.4853452411255181,-0.19504638128220417,-0.05294369980774566
2020-07-01,-0.006763424739369025,0.061577157134245275,-0.24945536309575364,-0.11270038299055068,-0.2188813014430989,-0.36065328807274505,-0.4535508089023332,-0.005739285090304675,-0.184217175227707,-0.21484448475748655,-0.2288225259107738,-0.2153814216121196,0.10579025702537949,0.11490552350832943,0.23369742184012554,0.172570557513643,-0.4549224347018753,-0.18960854627544618,-0.08350612784989585
2020-10-01,0.01929437267985501,0.103113488361063,-0.2643690866738342,-0.10241774759134706,-0.3075981345286171,-0.40413578149991924,-0.4113504972221144,0.03535645144005231,-0.16598537072192776,-0.19834597094747744,-0.17492068876570177,-0.12941817527971364,0.13977944350637936,0.14484620382479232,0.26549654667218653,0.20703217300635138,-0.41499514409559246,-0.183843597619826,-0.07801156788966361
2021-01-01,0.052167617843245424,0.14764044398903986,-0.2605797649078435,-0.08664923465646016,-0.36007379436336345,-0.40925155010413944,-0.36379220632044834,0.09483422764294375,-0.1398269433261441,-0.17409138954814485,-0.1345647484856833,-0.08713822236064794,0.16906449659817246,0.19464085974262596,0.30164371872850776,0.2507684164222902,-0.3685062726981978,-0.1671761338333442,-0.044115828875151974
2021-04-01,0.08892594526491822,0.19808161053699877,-0.2433573194867895,-0.06512454278197308,-0.38153569831549694,-0.38927977200276564,-0.31262380571065645,0.1529119882452867,-0.13040799562258099,-0.1404663650232476,-0.1080175659142664,-0.06917297212678349,0.2224354052859257,0.2442070686899969,0.32492683873085704,0.28683335326042664,-0.3181054443149985,-0.14006656169723763,0.014248885360002489
2021-07-01,0.12530758283119667,0.24829369175800178,-0.21954331360545648,-0.04192766852983254,-0.37816072938255907,-0.3575879979543186,-0.26007295263867725,0.19618040513799556,-0.10987565118551296,-0.10285866658220912,-0.07362379083967177,-0.03562613957310828,0.27949462261418123,0.2901471731983539,0.3412097936476651,0.31838510383106233,-0.26635357161852463,-0.10892898049324537,0.058684160319985704
2021-10-01,0.16071071826091776,0.29812971762756785,-0.19627111974528028,-0.01971275566589603,-0.35825917806045304,-0.3216666152157099,-0.21000915505334639,0.23822060911570375,-0.06470921571079988,-0.06711133622645077,-0.03383893446791403,-0.009351145874437583,0.31440172936474076,0.3342987665153588,0.3434279987779665,0.33881354442539274,-0.2172551138112398,-0.07698714369523574,0.08553233489299489
2022-01-01,0.1828160941941206,0.33539306631103727,-0.17918878898537716,-0.00424510173772949,-0.32557396139595596,-0.2871935576961059,-0.16912430634152842,0.2714288405679068,-0.006034703704729291,-0.03893233049220704,0.02706962164115699,0.04455490732492806,0.33266474364593956,0.37168164652168134,0.33854847000419813,0.35365439986656017,-0.17740866342976486,-0.04991159511246995,0.06688276975271483
2022-04-01,0.16976804993831351,0.33839800919700475,-0.17677207650437804,-0.0013312818296152829,-0.2904651787006947,-0.27075523346063646,-0.15808103007597568,0.2704325451251086,0.05587130723867499,-0.03129704838873276,0.10308333996986879,0.11513332579613354,0.31961869775344004,0.391876597597748,0.34410336494668325,0.3706888240278735,-0.16687903091417144,-0.035928888676479614,-0.030830108786604457
2022-07-01,0.108150213572099,0.2796934532939962,-0.1664474718194807,-0.004203652762615945,-0.24229980102704932,-0.26494832218212316,-0.17605115721469672,0.21290156284034095,0.1229872963699483,-0.04489182390962314,0.17327869063118742,0.194891679085611,0.2880407822443557,0.3951282100356819,0.36383469854527273,0.38386457480168296,-0.1846859709431925,-0.03546446251494674,-0.19438936995097544
2022-10-01,0.024363087277212217,0.1219768057629489,-0.10091095056325117,0.042134972376736066,-0.1328822701823867,-0.22593098692706332,-0.18181126263270864,0.09973300969623634,0.19624766488144446,-0.018631671761744573,0.21621122222287734,0.20018232152382887,0.2827180255877541,0.41794681985915416,0.4001261976902115,0.42023274573172403,-0.18405573535497832,0.012509559442756522,-0.3314303888561998
2023-01-01,-0.09818568767736813,-0.16662957164127956,-0.0321373306730168,0.0799612726303255,-0.021539168199861874,-0.17664787516718267,-0.22097853637594803,-0.1463928300042675,0.2424932997885674,0.008086066285833002,0.10372803094231292,0.0916494328887618,0.31083905781814986,0.37442285058335806,0.4301794599989553,0.43139384050717067,-0.2158190245439104,0.062100441551035654,-0.34176970794406736
2023-04-01,-0.11432322635643244,-0.022381501575420376,-0.09382341278550568,0.034919550078875705,-0.10028047012359512,-0.26175904366792624,-0.2944292077665377,-0.15075779169263,0.19786863590697268,-0.0560304670955717,0.11371956065602001,0.11168871490529081,0.2939661792447286,0.3642520480559918,0.40284025875053175,0.3885962582607452,-0.29024750117262305,-0.0008612579535917583,-0.3226319174771929
2023-07-01,-0.11331571387718198,0.13864288191212745,-0.1640255640559094,-0.01795627759475915,-0.1879441576412282,-0.34639739592984764,-0.36167709742981813,-0.09979649389766108,0.14528476152919162,-0.13314711581620675,0.07702954251684387,0.10113551155102975,0.2629597518026574,0.3271236469981779,0.3366097862498638,0.31487357322088705,-0.359822337727289,-0.07854429764216368,-0.2556926958121716
