fecha,var_pc1,var_pc2
2009-08-01,25.928612715270553,16.547512730508853
2009-11-01,25.847407316911656,16.634789210713404
2010-02-01,26.39031341409733,16.08811417166783
2010-05-01,26.730980142682625,15.945973076186966
2010-08-01,27.679278933626065,16.70761088817748
2010-11-01,28.896955689530866,15.348533468103781
2011-02-01,28.56844268943836,15.58200284113693
2011-05-01,24.15798325663417,15.66117303654136
2011-08-01,26.04751077713437,16.03806602812269
2011-11-01,25.422662502299666,16.273605213093454
2012-02-01,20.402925085628855,18.57600629160675
2012-05-01,21.07702626854744,18.0891897981123
2012-08-01,22.239547342306256,17.408547775695986
2012-11-01,22.336910599509796,16.960110435424195
2013-02-01,22.861286441168804,16.950502247908396
2013-05-01,20.604648869995525,18.781897766197645
2013-08-01,21.06228845796327,17.07593781911287
2013-11-01,19.76266383099147,13.85839854038666
2014-02-01,19.28206763452176,12.384839709414347
2014-05-01,18.90346323425135,13.173223522046436
2014-08-01,18.907821974813803,14.137142009476536
2014-11-01,18.08090560793911,14.466565225923954
2015-02-01,18.501728666417414,14.34041463961862
2015-05-01,19.047999402544942,14.638321155185812
2015-08-01,19.320332471488857,14.612670579719769
2015-11-01,18.797057443472706,14.835032205121907
2016-02-01,19.061230463362065,15.112350673193712
2016-05-01,19.029015803834586,15.41085624396475
2016-08-01,17.99572804305037,15.655520478431262
2016-11-01,18.24626823933862,15.69141936625727
2017-02-01,18.048827796686577,15.728235983830817
2017-05-01,18.239674275204308,15.516580548466328
2017-08-01,19.492278080610646,15.366433668309964
2017-11-01,26.66898640363081,19.388020500894594
2018-02-01,25.53319377934639,22.10566687324249
2018-05-01,25.55714621160608,22.21988975860967
2018-08-01,25.470490512120396,22.40473392897625
2018-11-01,26.38617767102844,22.226938618611317
2019-02-01,26.127685662990256,22.080304324644047
2019-05-01,25.56086403723598,21.793796191327655
2019-08-01,26.08765097619557,21.734690377913857
2019-11-01,28.791205230769386,21.235979574880037
2020-02-01,29.79321889462085,20.356864310470428
2020-05-01,30.18824803540484,20.19189938905476
2020-08-01,29.968899307453356,20.12448087965838
2020-11-01,32.40064182518035,20.48924501081807
2021-02-01,32.1493174290777,20.42192286375028
2021-05-01,32.07235696861524,20.545247412861674
2021-08-01,32.54864780181933,20.514829029383545
2021-11-01,32.38936550352585,20.281235363299842
2022-02-01,32.58581718698265,20.200954910948095
2022-05-01,32.95910476063623,20.180563909195058
2022-08-01,32.9790620708031,20.383732926914117
2022-11-01,36.625219624588226,14.035641647141652
2023-02-01,29.51792723628388,13.0003255704877
2023-05-01,28.84804087353135,13.240248088565924
