ventana_trimestres,ventana_anios,n_ventanas_generadas,estabilidad_promedio,estabilidad_std,n_caidas_detectadas,dataset
20,5.0,27,0.884,0.229,3,transformado_estandarizado
24,6.0,25,0.923,0.146,4,transformado_estandarizado
28,7.0,23,0.914,0.176,3,transformado_estandarizado
32,8.0,21,0.897,0.209,2,transformado_estandarizado
36,9.0,19,0.899,0.221,2,transformado_estandarizado
40,10.0,17,0.922,0.147,3,transformado_estandarizado
20,5.0,27,0.828,0.219,4,niveles_estandarizado (PC2)
24,6.0,25,0.869,0.225,3,niveles_estandarizado (PC2)
28,7.0,23,0.871,0.222,3,niveles_estandarizado (PC2)
32,8.0,21,0.872,0.22,2,niveles_estandarizado (PC2)
36,9.0,19,0.855,0.241,2,niveles_estandarizado (PC2)
40,10.0,17,0.876,0.203,2,niveles_estandarizado (PC2)
