,suma_cuad_negativos,suma_cuad_positivos,margen
Dim_1,0.4948124065997025,0.5051875934002985,0.010375186800596015
Dim_2,0.05101956616424301,0.9489804338357577,0.8979608676715147
Dim_3,0.19306583726371065,0.8069341627362884,0.6138683254725777
Dim_4,0.4865187561258353,0.5134812438741642,0.02696248774832888
Dim_5,0.30360131918909544,0.6963986808109048,0.3927973616218094
Dim_6,0.46316580204322183,0.5368341979567792,0.0736683959135574
Dim_7,0.2597577371537767,0.7402422628462242,0.4804845256924475
Dim_8,0.4925196539233506,0.5074803460766497,0.014960692153299093
Dim_9,0.368258590668335,0.6317414093316648,0.2634828186633298
Dim_10,0.4448671980772143,0.5551328019227858,0.11026560384557149
Dim_11,0.36353622970668986,0.6364637702933108,0.27292754058662094
Dim_12,0.3584545111843668,0.6415454888156342,0.28309097763126745
Dim_13,0.23260684286059577,0.7673931571394048,0.5347863142788091
Dim_14,0.49583909211407,0.5041609078859305,0.008321815771860475
Dim_15,0.28010834479358193,0.7198916552064188,0.4397833104128369
Dim_16,0.4561795380885572,0.5438204619114414,0.08764092382288419
Dim_17,0.37499767017099866,0.6250023298290008,0.25000465965800217
