"","eigen","inertia","cum.in"
"Dim_1",3.9564575983,23.2732799897,23.2732799897
"Dim_2",2.7115196778,15.9501157516,39.2233957414
"Dim_3",1.895760602,11.1515329532,50.3749286946
"Dim_4",1.4663239844,8.6254352023,59.0003638969
"Dim_5",1.0330209183,6.0765936372,65.0769575341
"Dim_6",1.0060322129,5.9178365467,70.9947940808
"Dim_7",0.8603717087,5.0610100512,76.055804132
"Dim_8",0.7515928536,4.4211344331,80.4769385651
"Dim_9",0.7251846091,4.2657918183,84.7427303834
"Dim_10",0.6434085337,3.7847560809,88.5274864642
"Dim_11",0.5321790193,3.1304648192,91.6579512834
"Dim_12",0.4246830142,2.4981353777,94.1560866611
"Dim_13",0.402208546,2.3659326233,96.5220192844
"Dim_14",0.2271782978,1.336342928,97.8583622124
"Dim_15",0.1994778308,1.1733990047,99.0317612171
"Dim_16",0.1065391267,0.6267007452,99.6584619623
"Dim_17",0.0580614664,0.3415380377,100
