"","Dim_1","Dim_2","Dim_3","Dim_4","Dim_5","Dim_6","Dim_7","Dim_8","Dim_9","Dim_10","Dim_11","Dim_12","Dim_13","Dim_14","Dim_15","Dim_16","Dim_17"
"Crédito empresarial_log_diff",-0.129831720085942,0.0623323544849256,0.678968409392752,0.120560526154526,-0.110239336240792,-0.191153317797858,-0.210176475542103,-0.540525610941634,0.0139250533285881,-0.0110305869857997,0.29905214847496,0.146079102921491,-0.0256691839018116,0.0730683979562528,-0.0367579472374192,0.0159697026788579,0.000350514927815626
"Crédito consumo_log_diff",0.287751970387801,0.473911525206834,-0.0156794259214628,0.294858276535035,-0.101037023136005,0.468640425083044,-0.00924238035856313,0.0959547481680776,-0.320424517722893,-0.441998707083321,0.211018596860497,-0.0270670503165206,0.138008550203292,0.0524027544282268,-0.0345022223773365,-0.000945005196581899,-0.00380154954939508
"Crédito hipotecario_log_diff",0.0221486752481532,0.287740735387061,0.372292467533952,0.413781230617416,-0.211240769029775,0.496880993814431,-0.0772188718216112,0.177939764588861,0.122111428914654,0.506293448182958,0.00518956051161035,-0.0179359272157441,-0.0563326364171179,0.0522306045707251,0.0138876643340166,-0.00313840664553083,-0.00790026099706836
"Tipo de cambio_log_diff",0.310951153655353,-0.185078047155613,0.419279553747674,-0.23752112856422,0.56566995621196,0.0791668185255269,-0.0629620116591211,0.358188397533965,0.295603815811023,-0.122918279744154,0.214710351932495,0.0753053475124464,-0.0914732823404189,0.121335941550907,-0.020370994274178,-0.0109178803626608,0.021093568167579
"Índice BVL_log_diff",-0.601979253081302,0.353228583969493,-0.469531578919488,-0.0862076039472853,0.0406481486905491,-0.122930110337414,-0.267082435951594,0.0682850965822676,0.0579616565247117,0.0984459351217245,0.0494966176828167,0.163024062347982,0.274365166970761,0.236474803895544,0.127499765102369,-0.0396779405301339,-0.0330742058293348
"IPC Lima_log_diff",0.387814903907324,0.306419075399829,0.161896368359202,0.0907841480166535,-0.280073245129048,-0.595479071725949,-0.0202631061153047,0.385321022681861,-0.101364138312857,0.0949513343411857,0.287756177168581,-0.176858457872878,0.0431343219886761,-0.0549550943072993,0.0302946174279145,-0.0128087174584665,0.000296930961819724
"PBI desestacionalizado_log_diff",-0.0766351046882439,0.456011948609258,0.14454728333969,-0.67604284698698,-0.0468933469776069,0.259404203820134,0.213200808385467,-0.173703700197447,0.188621551586307,0.042985811134941,0.176933437034078,-0.18107393709078,0.144552547470565,-0.119418817140565,0.162204703293882,-0.00210157544067211,0.0120445626558322
"Demanda interna_log_diff",-0.178270464085883,0.397799596582233,0.420780139690462,-0.420718256193142,-0.377254481482535,-0.0464613064813198,0.24950818866362,0.217293154313545,-0.111872039561778,-0.100135659185713,-0.188811252317989,0.35974333960862,-0.11248597826263,0.0403542107942543,0.0026487680749442,0.00132980845933946,-0.00820321600676346
"Reservas internacionales_log_diff",-0.289432161833084,0.208039250431389,-0.0963839150315974,0.550915200187213,-0.153888619876946,-0.124212358940821,0.415343850947782,-0.0290631848011937,0.529469246930073,-0.24517286971951,-0.00200072850044128,-0.0174169694792222,-0.0350869160260444,0.048681445601271,0.0573708410726468,0.00606581259737495,-0.00131182650199068
"Liquidez M1_log_diff",-0.483364537593368,0.25994602151295,0.521028000382215,0.123434923624556,0.32748062342438,-0.125411532222184,0.147497300488121,-0.0474773726635438,-0.294351792177848,-0.0323865213079771,-0.22905239429531,-0.280836740374383,-0.0734195006332913,0.150075054504093,0.131435293218143,-0.0254831847230569,-0.0153477680238612
"Liquidez M2_log_diff",-0.808227328689764,0.464634667471296,-0.0355053888803993,0.151417326421021,0.186712459959505,-0.0438862905894955,-0.0643700260074108,0.0692845195826861,-0.0581422226537393,0.0347096384363012,0.0129551684455639,0.0746462949792989,0.0160910634632427,-0.112729445481569,-0.0391022058928614,0.0431620451977625,0.185148588443412
"Liquidez M3_log_diff",-0.755097373944765,0.451523098691086,0.12304847876687,0.117471182864012,0.298911267283761,-0.0240467319723291,-0.0732567827107881,0.0822798369309761,0.0398297115748111,-0.0172125501665524,0.0332653995604785,0.066665044758586,0.0199430824640602,-0.237165499921866,-0.103200320697327,-0.0238855770276948,-0.140186307435017
"Tasa activa TAMN_diff",0.414637361716309,0.225311611409616,-0.313911267223128,0.0996235615149509,0.342409490674593,-0.057538006414135,0.572851910468389,-0.127105391809425,-0.226500835101924,0.280486631143988,0.20196723887417,0.172346142131377,-0.00669917462278832,0.0439454532835813,-0.0319013153022674,0.0188003554920099,-0.0126039266090925
"Tasa pasiva TIPMN_diff",0.693972819017058,0.413322100551623,-0.183646339376293,0.192936036533506,0.14318224868743,-0.0165920024969937,-0.258445824486433,-0.0765628221044542,-0.0163531305400451,-0.064466055296516,-0.039395213891696,0.16206992439961,-0.249072954655613,-0.120490980153818,0.271101322680349,-0.029837524863234,-0.000395180585786155
"Tasa referencia BCRP_diff",0.586776661527094,0.695679135177575,-0.0498408117265098,-0.0972676377822579,0.0383658476764472,-0.0768421368998806,-0.049284074630986,-0.143127231323113,0.135211818096175,0.0181054488334818,-0.163073482025084,-0.0653207075518304,0.0109754246248801,0.0423212162854123,-0.182704327416021,-0.208968067599497,0.0325230015697491
"Tasa interbancaria_diff",0.617439565204364,0.663981737521556,0.00692474070890423,-0.0777644395492793,0.101176078895199,-0.103769779233259,-0.137203589193654,-0.0472389700110055,0.127219542359963,0.00400964427762784,-0.197910956333928,-0.0605732147772665,0.0749035280483728,0.0532488693388969,-0.0796305449711067,0.235431832385016,-0.022053618393656
"embi_peru_diff",0.537875106381656,-0.322624664381089,0.493497247332404,0.263395822798904,0.129817693075313,-0.0602870120975121,0.0821541242439557,0.0181114261398795,0.0177099533547348,0.00822159815210992,-0.195023006049514,0.153183570662126,0.430332226424574,-0.109038920128787,0.0765221929180914,-0.0308279641408533,0.0189890812666904
