,valor_propio_rcamiz,valor_propio_sklearn,inercia_acum_rcamiz_%,inercia_acum_sklearn_%,dif_max_cargas,dif_max_scores,abs_r_scores
Dim_1,3.9564575983,3.956457598255077,23.2732799897,23.273279989735737,2.9802549317281546e-15,2.353672812205332e-14,0.9999999999999997
Dim_2,2.7115196778,2.711519677776109,39.2233957414,39.2233957413599,1.887379141862766e-15,1.4654943925052066e-14,1.0
Dim_3,1.895760602,1.8957606020467968,50.3749286946,50.37492869457635,7.771561172376096e-16,1.1546319456101628e-14,1.0
Dim_4,1.4663239844,1.466323984399176,59.0003638969,59.00036389692445,1.7208456881689926e-15,1.2878587085651816e-14,1.0
Dim_5,1.0330209183,1.0330209183251555,65.0769575341,65.07695753413124,2.5590640717609858e-14,2.0905499553691698e-13,0.9999999999999998
Dim_6,1.0060322129,1.0060322129375854,70.9947940808,70.99479408082291,3.123890035539034e-14,1.858513343222512e-13,0.9999999999999996
Dim_7,0.8603717087,0.8603717086979012,76.055804132,76.05580413198703,6.619704784327496e-15,7.14150960590132e-14,1.0
Dim_8,0.7515928536,0.7515928536307525,80.4769385651,80.47693856510911,7.202571872255703e-15,3.907985046680551e-14,1.0
Dim_9,0.7251846091,0.72518460910487,84.7427303834,84.74273038337304,8.978928711655954e-15,1.3367085216486885e-13,0.9999999999999992
Dim_10,0.6434085337,0.6434085337448928,88.5274864642,88.52748646422536,6.6058269965196814e-15,5.6621374255882984e-14,1.0
Dim_11,0.5321790193,0.5321790192627656,91.6579512834,91.65795128341809,3.411333715508391e-15,5.10702591327572e-14,1.0
Dim_12,0.4246830142,0.4246830142077104,94.1560866611,94.15608666111049,7.466249840604178e-15,5.440092820663267e-14,1.0
Dim_13,0.402208546,0.4022085459573108,96.5220192844,96.52201928438879,5.7870375158586285e-15,3.9065972678997696e-14,1.0
Dim_14,0.2271782978,0.22717829776260012,97.8583622124,97.85836221240409,2.9837243786801082e-15,1.9984014443252818e-14,1.0
Dim_15,0.1994778308,0.19947783079311102,99.0317612171,99.03176121706943,2.8033131371785203e-15,1.7763568394002505e-14,1.0
Dim_16,0.1065391267,0.10653912669166361,99.6584619623,99.65846196231452,4.0245584642661925e-16,5.089678678515952e-15,1.0
Dim_17,0.0580614664,0.05806146640652764,100.0,99.99999999999997,2.0816681711721685e-16,7.147060721024445e-15,0.9999999999999996
