fecha,AE1_rotado,AE2_rotado,AE3_rotado,error_ae,error_mc_media,error_mc_p05,error_mc_p95,error_pca
2007-02-01,1.0874282608340575,1.5487321346581984,-0.3904474891822687,0.23317765,0.26852173,0.22732608020305634,0.34522363543510437,0.30895000099270264
2007-03-01,1.7122465497705548,1.6840108998410313,1.2747324990772777,0.214412,0.2512499,0.15604808926582336,0.4672815859317781,0.14727887693986078
2007-04-01,2.463522651749809,1.2046104289036224,0.29751662928586226,0.81135976,0.8702467,0.7227175235748291,1.1842754364013672,0.7516038637809983
2007-05-01,0.9601131061045247,1.4040511897647125,0.9822028710444166,1.0162382,1.0460736,0.9936780333518982,1.1377601623535156,1.0603781662244738
2007-06-01,1.0262867451398554,2.095184638925815,0.40182432513759114,0.8916265,0.9265807,0.8944926261901855,1.003826415538788,1.0198861121605092
2007-07-01,0.6104731484829182,2.5334406403360132,0.6019135227070128,0.9239764,0.96770245,0.8564189672470093,1.2303975343704223,1.1422206692667651
2007-08-01,-1.4973603256215715,-0.5038904465344525,1.7647947815261005,0.46706527,0.5115755,0.4343466803431511,0.6064530432224273,0.49552162466207506
2007-09-01,-0.3220522184364657,1.4809826276063465,-0.04115658044346404,0.98167485,1.021263,0.9456465542316437,1.1088846921920776,0.9702695777035619
2007-10-01,1.248919045422928,2.369674541131648,-0.1251832659405664,0.7649721,0.81701994,0.7181016206741333,1.0472445607185363,0.900405696897362
2007-11-01,-0.8073636897648863,0.11319563293000412,2.602436580859486,1.4006068,1.4527699,1.351759910583496,1.6336451709270479,1.362027447483167
2007-12-01,1.4015701827200986,1.485716328214835,2.1906659363204786,0.7946637,0.8547828,0.7327700257301331,1.0542985796928408,0.8711247994393806
2008-01-01,-1.9208851533680473,-0.9378705788468235,-0.49125652664417174,2.5049593,2.5524395,2.4083629727363585,2.714104294776917,2.5381731751585153
2008-02-01,1.1748483159964598,2.4538461829098868,0.07474011597268748,0.83098847,0.89756805,0.7374000549316406,1.2692691206932067,0.7745411187715558
2008-03-01,-0.19191807156229265,2.22759568490826,0.5790155831304014,0.9223871,0.96395355,0.8539844274520874,1.125930953025818,1.061528590994118
2008-04-01,1.3213594757804654,2.3312942216224517,-0.08547256774401735,0.5350818,0.58576876,0.48172250390052795,0.8056670308113099,0.47089833834827627
2008-05-01,-0.3470015907146213,1.2857622805898967,0.6310524293319847,0.6313971,0.6619795,0.6008561968803405,0.767752492427826,0.6401302624479053
2008-06-01,-1.24968481669318,1.5413496369791106,1.317138876607041,0.3559404,0.39398342,0.3303390443325043,0.5287523984909057,0.33669309670500813
2008-07-01,-2.3778293004585542,-0.852189873959214,1.3815527554656701,0.72226393,0.7776352,0.6453142166137695,1.006166309118271,0.6982316529725443
2008-08-01,-1.5532624271866806,1.5949626564685147,0.3119771830382626,0.27449244,0.31639224,0.28378959000110626,0.37679016888141637,0.31662467746838796
2008-09-01,-2.5415926848066395,-0.3273235383848717,1.3731469164224461,0.6004818,0.6331929,0.4693872034549713,0.9739465087652207,0.28216397150609107
2008-10-01,-2.1582262249917004,-0.8319759462266263,2.091720437009578,6.955822,7.087955,6.394392013549805,8.075587940216066,1.0072942604002189
2008-11-01,0.08673423509103767,0.25728235314112424,0.29009448666060794,0.8509411,0.8803721,0.8411537140607834,0.9689594507217407,0.912075153409011
2008-12-01,1.2449115518771035,0.638725825974792,2.777337028254568,5.724777,5.802152,5.594670295715332,6.10295684337616,5.335191046753043
2009-01-01,-1.1447707890532213,-1.7083990301249,-1.5433678097468646,0.63469785,0.68323886,0.5865559577941895,0.8620838463306427,0.7425807931823746
2009-02-01,-0.12373222969005099,-0.887955385991327,-0.8375893512185268,0.9144795,0.94618684,0.8747372627258301,1.03911395072937,0.9706910161331561
2009-03-01,2.2040301406626517,0.23889805933784325,-1.1610335443703124,0.91314155,0.9742482,0.8502699732780457,1.2141578555107118,0.7778893729581482
2009-04-01,2.5727706995129247,-1.545019468991923,0.1694022781930049,1.2817664,1.3724575,1.1444103717803955,1.7679858326911928,1.0133766473164563
2009-05-01,2.615476985000374,-1.5294978547366762,0.19251940284147584,2.7900727,2.8661995,2.4393868446350098,3.6145971179008485,1.1043601641478051
2009-06-01,2.5339494319094458,-1.5387620963000637,0.28365307138758244,1.4832234,1.5560019,1.318372368812561,2.005902493000031,0.8135283785585112
2009-07-01,2.480647195392834,-1.521258784457475,0.5630617109794864,1.2594634,1.3572333,1.0880008935928345,1.7766309022903444,0.7317296225726956
2009-08-01,2.5325698985697955,-1.5280049267526783,0.1745684909777181,0.9328296,1.0125153,0.814726710319519,1.382954478263855,0.7224825417285595
2009-09-01,1.802068018450249,0.17935552412445296,-1.0011388524535876,0.35199708,0.38996726,0.33709284514188764,0.48971211761236194,0.3221205149103521
2009-10-01,1.8763762652955298,-0.7330705524798498,1.116252333808904,0.54837435,0.58435196,0.5128571391105652,0.6275448739528656,0.5500141607557124
2009-11-01,1.628976035508476,0.21411416322209298,1.6336327584353072,0.23867913,0.26829386,0.22546386644244193,0.3385886549949646,0.2055824733585751
2009-12-01,1.5252746115553215,1.124328876018424,1.3051160159100164,0.25074607,0.2847766,0.24589336439967155,0.353686660528183,0.23600817216277695
2010-01-01,-0.2305886114995748,-1.4037334015806666,-0.9326672143455366,0.4084499,0.4435748,0.3905979111790657,0.5184410661458969,0.3455475903236709
2010-02-01,0.09957821956833662,-0.01634169395240559,0.5817704008238433,0.22987534,0.24174604,0.22949443757534027,0.30007158368825915,0.21719705916517665
2010-03-01,2.1139877602976407,1.222797540428167,0.865053336378618,0.28995508,0.33191606,0.26438435912132263,0.49617176651954653,0.19064641000592275
2010-04-01,0.6674417215911462,-0.14103685750748457,0.0695683538001326,0.18109849,0.20422758,0.17178933471441268,0.28017884492874146,0.18324375235165782
2010-05-01,-1.4805802197972708,-0.08919588749270713,2.2867469005915986,0.22131908,0.26588568,0.21134161949157715,0.3825482368469239,0.1847373823299578
2010-06-01,-0.7260555035793137,1.3949780586238967,0.31102587916666113,0.22489688,0.25565913,0.206448220461607,0.2955903112888336,0.20692043237509491
2010-07-01,1.9524713708174113,1.4982534923244921,0.6478303728764754,1.316893,1.362053,1.3056648313999175,1.5120310306549072,1.3872299504130778
2010-08-01,-0.014878725842211948,2.424955478264227,-0.8407909895619744,4.6621,4.753101,4.434157371520996,5.3165075302124025,3.9098108214190064
2010-09-01,0.047837054497544385,2.2813452013788917,-0.869158525616538,0.629682,0.69113404,0.5602090358734131,0.9507189393043519,0.5991817709884262
2010-10-01,0.5451929074986732,2.0678406878330162,-0.3897574684300684,0.3798228,0.41814202,0.3663274943828583,0.545044481754303,0.42329602441728303
2010-11-01,0.7494472213004209,1.5563057668369984,0.533948287855948,0.24531898,0.27451462,0.20534391701221466,0.3426049083471298,0.2828099120885047
2010-12-01,1.7148288749269476,1.6266544001672134,1.1994871025376994,0.45146015,0.493033,0.39382344484329224,0.7410283267498017,0.4377368257967764
2011-01-01,-2.178560419657757,-0.6669862950792913,-0.9668266802911858,0.4284777,0.47247645,0.40931236743927,0.6249462664127351,0.4733820938655448
2011-02-01,-0.7907835620425059,1.5911129032524576,-0.27201660713425757,0.28091866,0.31222272,0.26822366565465927,0.370542049407959,0.3113510161222177
2011-03-01,-0.7349961350746552,1.3606023358862298,1.6659841358150818,0.19664556,0.23184054,0.1670667789876461,0.38276427686214454,0.13668506127563282
2011-04-01,-2.016087324667408,-0.20611168322907503,2.1292522306843504,0.15887697,0.21550211,0.13476568460464478,0.40434399098157886,0.1397057657249078
2011-05-01,-0.7325661016586866,1.643978824990032,-0.8715270100074796,0.74447346,0.7948126,0.6951205730438232,0.9191242277622224,0.8367582727979347
2011-06-01,-2.093659815131545,-0.5330694940062778,0.2795491039246417,0.41833395,0.44989717,0.39796897768974304,0.5287931293249131,0.40252307658018305
2011-07-01,1.9047567091809372,1.5431594034595293,-0.08892704305894444,0.32913306,0.36904952,0.31676268577575684,0.4934055209159851,0.3396201740236957
2011-08-01,-0.6517781934867255,0.509780845939539,1.0268045778761894,0.21137011,0.23638286,0.1822376400232315,0.28108737468719486,0.2055241057814261
2011-09-01,-2.4170936843402058,-1.2107200544153303,0.6640492764616649,0.2758508,0.33350605,0.24078023433685303,0.5128574311733246,0.25721715575083726
2011-10-01,0.8399298804842905,1.8721842230840766,-0.2709258728893971,0.15683183,0.19432147,0.15841950476169586,0.24963430613279344,0.20635183472344157
2011-11-01,0.2095010079797408,0.8836457061215903,0.1634594541144494,0.2670522,0.2913163,0.22951294481754303,0.3381006121635437,0.24188940867032915
2011-12-01,1.2867125470624055,1.0246883244706564,2.0832336196228383,0.23986353,0.27565992,0.22382011488080025,0.39479260593652743,0.23549764101611328
2012-01-01,1.0185420180483677,0.42208939493863784,-1.647203858630426,0.51199675,0.5486411,0.5012694001197815,0.6660949677228928,0.6090761467074046
2012-02-01,0.8402414795879836,0.9115455854043344,-1.049701932710931,0.24287951,0.2745687,0.242667555809021,0.31607515513896944,0.2375833420540775
2012-03-01,0.6311827291709114,2.246119065026616,0.5075268074016305,0.4068993,0.4420692,0.3625042915344238,0.5082834750413895,0.4172390140618612
2012-04-01,-0.04065621054947516,0.5408882674043128,0.4569478524261871,0.28640023,0.30128354,0.2504405528306961,0.32745150923728944,0.25120182114453676
2012-05-01,-0.8031907747786415,0.14102551007303626,1.451797690173926,0.26351687,0.29823345,0.24255259335041046,0.35537171363830566,0.25101570408414653
2012-06-01,-0.5701383380756809,0.04429444530420736,0.09802579607600662,0.32493868,0.34708023,0.32436367869377136,0.40879395604133606,0.3237469199676731
2012-07-01,0.6060506970768733,0.266938577712562,0.7271296616375126,0.30242166,0.31863165,0.29406532645225525,0.34955033659935,0.2806795743351801
2012-08-01,0.9761649851379929,1.1583705724886402,-0.14814737611732592,0.21820563,0.24456193,0.18861770629882812,0.2730977237224579,0.19023878676535647
2012-09-01,0.7111548677498618,1.4920592361602474,-0.47736576222237836,0.23595689,0.2654291,0.21127901896834372,0.30404486656188967,0.2311925931489893
2012-10-01,0.5658325341951413,0.21054113477098083,-0.1776297611578707,0.2117492,0.23116986,0.20244094356894493,0.28387749195098877,0.20687786112071346
2012-11-01,0.35439386046264737,0.2702022489712339,0.5500200581395204,0.26047206,0.28247616,0.25434598624706267,0.3483133330941201,0.28580032409514355
2012-12-01,1.873437809172712,1.2558176651494435,1.2412081911670259,0.11246213,0.15359281,0.09533492475748062,0.31427424401044846,0.13055740631604293
2013-01-01,0.5023038040057719,0.22198698869129518,-1.7875907253018906,0.2766819,0.3148144,0.26902055740356445,0.40955597162246704,0.273665789162598
2013-02-01,0.29780930449524756,-0.5854480891829665,0.38359141556120296,0.28309342,0.3046575,0.2709752917289734,0.381256103515625,0.2681858602713657
2013-03-01,-0.7813150532984295,-0.5154348680518597,1.2738017680232172,0.41392815,0.4349903,0.3570592075586319,0.47631943225860596,0.36341200818926395
2013-04-01,-0.5156634699522087,-0.06785904624163736,1.2156373861913576,0.28768775,0.30949962,0.2615543305873871,0.3541100025177002,0.2677492703587627
2013-05-01,-1.3797497669206136,-1.0383112385243032,0.7661695604824676,0.18356238,0.21080439,0.15291328728199005,0.29680493474006653,0.19521819632219842
2013-06-01,-1.7605936752333342,-0.842205025821776,1.6984923745364306,0.3906659,0.42614263,0.37339356541633606,0.4924067258834839,0.3398940535156603
2013-07-01,0.8597970055127896,0.5238879883680836,1.3805694188885504,0.24609795,0.27178195,0.21160347759723663,0.3222730755805969,0.19692232598551732
2013-08-01,-1.22575893210127,-0.6250562681663834,0.46153829966993076,0.49475694,0.5146655,0.45579628795385363,0.5464815497398376,0.4761242998681244
2013-09-01,0.0748826635843576,-1.521540578265739,-0.15350158682829945,0.3177961,0.35117635,0.2681264832615852,0.4374350234866142,0.34828734081008084
2013-10-01,1.127051396920165,-0.6170127371953346,0.6231291774894832,0.6014411,0.6389977,0.5650850862264634,0.7303879946470261,0.6375840564459844
2013-11-01,0.5460754761423369,-1.1198918509853086,1.1003393325823487,0.22070892,0.25928915,0.20148994028568268,0.3843190506100655,0.23148289100373964
2013-12-01,1.986832794624602,0.6123674401744017,1.0420725393271169,0.3415236,0.37420076,0.3266897827386856,0.4643674656748772,0.35400897008138504
2014-01-01,-1.5048842889057161,-1.50612376177979,-1.143349301755228,0.076183304,0.11374348,0.0786663219332695,0.20758413895964628,0.10444048748705019
2014-02-01,-0.4749090200396124,-0.09746720466576775,-0.31181595566160925,0.18548977,0.19980487,0.1825328767299652,0.22128796577453613,0.17972062525026122
2014-03-01,-0.11007846558730128,-0.43577824949236355,1.3781523830769755,0.2687439,0.2874508,0.2574402987957001,0.320758581161499,0.26404658453054025
2014-04-01,-0.1536284018046043,-0.008741936368984793,-1.0400255318143383,0.20630911,0.22709274,0.18841588497161865,0.25264644622802734,0.16717322753269534
2014-05-01,-0.4288597380526331,-0.08864441893038633,-0.6935256269024926,0.10715133,0.12663534,0.09455194845795631,0.15638387799263,0.0937224309184991
2014-06-01,-0.33561328581763705,0.8040820280693778,-1.2079830642384464,0.23212636,0.26284453,0.2276066191494465,0.3067425340414048,0.2570465062816655
2014-07-01,1.5676814714510399,-0.42954254944214115,0.4179329800603125,0.22241366,0.24502283,0.159143328666687,0.2996762692928314,0.13841730320405055
2014-08-01,0.44296489589564575,-1.0151673400754344,-0.3007611283784109,0.162558,0.19279829,0.1416927695274353,0.26674566417932516,0.158709997298214
2014-09-01,-0.06792377407887351,-1.4015096126908821,0.5137698946865288,0.16151232,0.19271311,0.15465843677520752,0.2602240592241288,0.1835429649035949
2014-10-01,0.1105775867272526,-0.6344360781554466,1.0500408515746251,0.2136846,0.23815645,0.1912759229540825,0.3171863466501236,0.2043591171944629
2014-11-01,-0.23664507729312906,-0.3895616333266507,0.10187262637451257,0.18442886,0.2059433,0.17998726218938826,0.2729173004627228,0.19283777561376486
2014-12-01,0.7536427712694842,1.2225997291500483,1.3542962317969403,0.559561,0.5973462,0.5404076337814331,0.686610296368599,0.5687796300014136
2015-01-01,-1.0975916289680727,-1.7815425367178113,-1.0487022525860676,0.61674565,0.6647037,0.5999591946601868,0.8525474697351456,0.5291641342727051
2015-02-01,-0.04662493461232591,-0.4598239835121666,-0.07338114038779968,0.3108282,0.33016974,0.2919743061065674,0.39739882498979573,0.33336403779732987
2015-03-01,-1.8193146689471875,-0.5741857662023241,1.0920142032068774,0.40528876,0.4354359,0.37639243602752687,0.47040626406669617,0.391181916477432
2015-04-01,-0.04149119567831286,0.4298306470076289,-0.16972414821110607,0.21711719,0.23489006,0.20470934212207795,0.26722599267959596,0.18930004166769218
2015-05-01,-1.1050393793974334,-0.13987461672034457,-0.5886856598107868,0.25242886,0.27320367,0.23878207579255104,0.30187123268842697,0.23979854166127956
2015-06-01,-0.9284787849117673,-0.8403673835262926,-0.9205833068932943,0.1487465,0.17575584,0.13531863689422607,0.2133687175810337,0.12637293095199928
2015-07-01,-0.23017962634301614,-0.657378828041553,1.1450396577170154,0.21142109,0.23678398,0.1699698306620121,0.27406725734472276,0.17288059640206865
2015-08-01,-2.400093216823234,-1.127318415557418,0.802934867088383,0.14867818,0.19574758,0.14682252705097198,0.3067534446716309,0.12443431962478592
2015-09-01,-1.195029075456817,0.2099965167363639,0.1593527177316597,0.25522542,0.28023034,0.2418439157307148,0.3137592598795891,0.23777916814373978
2015-10-01,1.1612581468512664,0.9002735901424892,-0.46802387470920187,0.2129211,0.24324976,0.2069390244781971,0.2829318001866341,0.20486042506957372
2015-11-01,0.09977711556031704,-0.05325011165649604,0.45016046918333474,0.33146742,0.3479686,0.321451735496521,0.4743001163005829,0.34996919087112294
2015-12-01,-0.16627665135089248,1.816178282435067,1.087587375050152,0.62920916,0.6760635,0.592055207490921,0.7736692875623703,0.6196262615484622
2016-01-01,-2.320604351500947,-0.8102741330235169,-0.5524487643210821,0.37320307,0.41258094,0.3410360813140869,0.5807668745517731,0.3153192968874805
2016-02-01,-1.121316267008549,1.4646195755219553,-0.8710109150981263,0.58668435,0.6291996,0.5653875887393951,0.6914129853248596,0.5817436025332653
2016-03-01,-0.24290234350284934,0.377753349182423,-1.7120001435886802,0.87836313,0.91177744,0.8229880332946777,1.0295584082603455,0.7219888917069797
2016-04-01,1.4201850331893902,-0.3229583445327372,-1.3356679982517128,0.45197687,0.48996043,0.4386778175830841,0.6422114372253418,0.3842498623346791
2016-05-01,-0.1511972182934348,0.12013748189050494,-1.2610263204327292,0.2449023,0.27630162,0.223909742385149,0.37491143345832834,0.23971491287985613
2016-06-01,-0.4285423501380818,-0.862210949575879,-0.6203170684157449,0.18404528,0.21109177,0.17810121476650237,0.24900366216897965,0.16334600446103248
2016-07-01,1.7255124079604311,0.8853199338490138,-1.0997979584077573,0.24301398,0.28100488,0.23411108031868935,0.37702393531799316,0.2847165307481336
2016-08-01,0.1152149563076322,0.046044548686310804,-0.6134509072316865,0.1840397,0.20776531,0.15553587004542352,0.2528972029685974,0.1509270940510432
2016-09-01,-0.9435214681854118,-0.6110374715839573,-0.9962108833991483,0.20902407,0.23443781,0.19769519567489624,0.2563048630952835,0.20113094998852155
2016-10-01,-0.9135977134812627,-0.5613907722628344,-1.3169856015156358,0.1774305,0.20986919,0.16027542874217035,0.2599285513162613,0.15532767132953343
2016-11-01,-0.22071903534552956,-0.6905185530916684,-0.06251324361891666,0.14415333,0.1632145,0.13337177261710167,0.21865467727184296,0.12786934985939216
2016-12-01,0.8120025117616292,1.296397198042539,0.7994691646951291,0.2111819,0.23939294,0.19572202861309052,0.27780675888061523,0.1679052367424816
2017-01-01,-1.230797678006135,-0.5458951823095277,-2.0883838741826497,0.40435654,0.45697078,0.34500595927238464,0.7334574311971666,0.2635498837124678
2017-02-01,0.06689219964709911,-1.2800054016750713,-0.6433306343459777,0.6011926,0.6320216,0.551527202129364,0.6816401481628418,0.5879512928177492
2017-03-01,-0.7111982812856309,0.518941739265901,0.3510031353533847,0.9686896,0.98775065,0.8908640742301941,1.0272739470005035,0.9010745965465499
2017-04-01,0.005490046423552997,-1.121328215697286,-0.8883055979801561,0.20669846,0.23858048,0.1876571074128151,0.2843810886144638,0.20117861552101446
2017-05-01,1.1335546420557858,-0.9741828680092122,-0.42455819425391267,0.31747985,0.3545016,0.29333086460828783,0.4370419979095459,0.3207526712958388
2017-06-01,-0.13204060903373266,-0.6992824497567824,-1.0762781960709928,0.25602475,0.2832533,0.23544909209012985,0.3284609839320183,0.25521259303269056
2017-07-01,1.714594229639226,-0.5229239618532042,-0.05169351811052736,0.19831723,0.22700483,0.148817790299654,0.27783113718032837,0.11414928860287746
2017-08-01,-0.24940193415629514,-0.7232176677863105,-0.7201673882416864,0.28165805,0.30152646,0.25630638003349304,0.33703962713479996,0.25872336462343776
2017-09-01,2.0493494675350017,-0.24083915243621373,0.383853672382391,0.16429621,0.19428268,0.15329940989613533,0.26224052757024763,0.14721222070072099
2017-10-01,1.0210956135339857,-0.8076687004778893,-0.23657044418625883,0.44813892,0.47526458,0.40409570932388306,0.5726830750703812,0.45131929815621463
2017-11-01,1.1980461850095867,-1.296688263930416,0.20045683530967084,0.21264899,0.25261262,0.17585137486457825,0.3287077933549881,0.1990912885455443
2017-12-01,1.751536951094314,0.3048594022064023,0.9010695860648423,0.22250602,0.2510257,0.20519854873418808,0.28448498249053955,0.19847714710666173
2018-01-01,1.1120603413923906,-0.1755496945948925,-1.6262280452502318,0.20985933,0.25758433,0.1978749930858612,0.3942612707614899,0.21905252611437676
2018-02-01,-0.5506449261075061,-1.648410308779971,0.2864493364004499,0.17943475,0.20957124,0.16585026681423187,0.2743498682975769,0.20831910282924698
2018-03-01,0.10358686778035842,0.2994055232967707,1.6790991771437218,1.6691062,1.7138287,1.6415296077728272,1.8210591316223146,1.821725014491552
2018-04-01,0.07741841197047208,-2.363144038671557,-0.3067487241496569,2.042831,2.0889037,1.9552828073501587,2.30251784324646,2.361351885835033
2018-05-01,-0.03341088993660685,-0.6831802283258015,1.2700140820123211,0.13342512,0.16502456,0.12923835217952728,0.23794959485530853,0.14752333243156354
2018-06-01,-1.6097424019898978,-1.0044506680056329,-0.9830193204644097,0.13179506,0.16758986,0.13410937786102295,0.23105124756693843,0.11795736278198442
2018-07-01,1.189791945034239,0.5997959924465137,-0.488570272965,0.16263132,0.19005807,0.10367189906537533,0.2215646356344223,0.12326751729177812
2018-08-01,-0.5223403184445583,-0.2148509068609678,0.13549854915097093,0.1562833,0.17765006,0.15293890610337257,0.22113779261708263,0.1435732061907636
2018-09-01,-0.722438271116499,-0.8604342620175498,-0.3832812026400733,0.20092303,0.22366534,0.18330898880958557,0.27368407398462297,0.21169790012059805
2018-10-01,-0.8140431188398853,-0.36841505774597294,0.5753227020574296,0.17735203,0.1985451,0.17210118398070334,0.2376980483531952,0.16474750071055042
2018-11-01,0.23645946988081123,0.3099821334947995,-0.27355466868456285,0.18413787,0.20209259,0.16822233721613883,0.25865467339754106,0.1894847384473006
2018-12-01,0.5308861276997097,0.8074338333752393,1.0543094771035695,0.21169269,0.23265956,0.19067718088626862,0.2565484046936035,0.16055813356185059
2019-01-01,-0.3338712101219348,-0.37226084439947726,-2.213276653813477,0.2621687,0.30566955,0.23134362697601318,0.4771969750523568,0.23098072589079124
2019-02-01,-0.47204887140020757,-0.3738892010350471,-1.6342205029251313,0.058423284,0.088723935,0.060536783933639524,0.12835048139095306,0.032567166677670914
2019-03-01,0.7415734907429342,1.4592924835761043,0.7923170042875145,0.26029506,0.28804216,0.2293744683265686,0.3251101076602936,0.21023062836563347
2019-04-01,-0.5734049149849549,-0.09822589517406372,-0.7896694084945178,0.16051725,0.18266964,0.1553928717970848,0.2031474955379963,0.11968630628956589
2019-05-01,-0.802149554383419,-0.6844790147947112,0.03274305548397029,0.22040884,0.24010007,0.20788192301988603,0.259403783082962,0.20711249878085627
2019-06-01,-0.032159308497561656,-0.24987083268314636,-1.4547143342301707,0.12676485,0.15790711,0.12740185037255286,0.20642449110746386,0.15027781776903135
2019-07-01,1.2567700530242134,0.33634947051412095,0.048349414138477875,0.19926885,0.2208109,0.17542719841003418,0.246592552959919,0.1555052295166781
2019-08-01,0.7531284084384237,-1.1068229058775714,1.2862473956219302,0.2841463,0.32137945,0.2800121605396271,0.4129936993122101,0.27331961813681394
2019-09-01,0.014892885508880571,-1.0956102247648294,-1.3203545547331266,0.115962274,0.15086807,0.11534715928137303,0.21053697839379315,0.11877576376274537
2019-10-01,0.5060798864396432,-0.3490620664617663,0.5403589543464655,0.08416473,0.10204347,0.07239110767841339,0.1561565160751343,0.0733524614548905
2019-11-01,0.9952256934961273,-0.8424272140157179,-0.1966103120579677,0.19914296,0.2280058,0.17445552200078965,0.29820054322481154,0.18167747975718657
2019-12-01,1.4121938786683266,0.32188947341754015,-0.14637467195989123,0.16029033,0.18262996,0.13404638543725014,0.21287868916988373,0.11424759606074666
2020-01-01,-0.05496246072143479,-0.46464757220882585,-1.6439974803955624,0.1951972,0.23148634,0.1966265507042408,0.28913808315992356,0.2061509517708118
2020-02-01,-0.6904195129436592,-1.25524560741276,0.7510599903085046,0.16459303,0.19071934,0.15251813158392907,0.23552642241120345,0.1529560680936701
2020-03-01,-1.4694254335143668,-2.635918696376022,1.1647979443979484,5.3275065,5.4388676,5.060042381286621,6.130735850334168,2.3429034380786398
2020-04-01,2.1130300615091624,-1.8356454171790082,-0.03298918503405446,8.524041,8.611345,8.290185928344727,9.227755451202393,5.497355345839306
2020-05-01,2.0220690358104627,0.24152536868224295,2.450735111888115,4.1182094,4.1927915,3.838221788406372,4.881502342224121,1.8722669233419027
2020-06-01,1.9126545981652665,-0.23012830297698617,1.544349870657362,3.035463,3.0759058,2.9891698360443115,3.2573979139328,2.967487556856638
2020-07-01,1.9343554218244288,0.35652052722948846,1.9206383782389933,1.0700294,1.1127145,1.029310703277588,1.220580506324768,0.988944194040735
2020-08-01,1.4800756863626796,-0.2949678518268689,0.06878222262888689,0.4524567,0.4767389,0.43218673318624495,0.5173854827880859,0.4030081771739495
2020-09-01,-0.4148481597948529,-1.3663606211263413,-0.03308001063881183,0.29921713,0.3255891,0.28587121069431304,0.3628234267234802,0.28174509373365236
2020-10-01,-0.05281913432458478,-0.3970940612896752,0.10188044992740748,0.32820338,0.35160956,0.32093507051467896,0.4164717197418213,0.3182411501495845
2020-11-01,1.2513279999633793,0.5768067211508239,-0.665338911970877,0.28739366,0.31470385,0.2659950256347656,0.34774264693260193,0.2571403657722884
2020-12-01,1.976181892570741,0.9813993901709583,0.36186309627684377,0.42184433,0.45633984,0.428267078101635,0.5026057451963425,0.3860653037797572
2021-01-01,0.33673315436062845,-0.30054404342287844,-0.9932849791527569,0.95607835,0.9902588,0.9082219630479813,1.0739214420318604,0.946746977325442
2021-02-01,-0.14537882144166284,-1.4706440749180658,-1.3233574891660027,0.32303876,0.36003593,0.3196101188659668,0.43802465200424195,0.3579869349879115
2021-03-01,-0.8651560281651345,-0.8923682994420841,1.9968635174525629,0.8654342,0.8997722,0.8194520592689514,1.0008860051631927,0.8840170541726837
2021-04-01,-1.5146109600914033,-1.890125537450634,-0.55482601947063,0.25560403,0.29622272,0.2360285371541977,0.42269725501537336,0.3238320458435316
2021-05-01,-0.5660638716448981,-1.544751853188814,0.630659320032956,0.6288284,0.658291,0.5820439666509628,0.7058203160762787,0.712342191917286
2021-06-01,-1.9813935350365244,-1.8700014908213198,0.8588379279780831,0.33216962,0.38138026,0.2889159023761749,0.5426721900701524,0.4183811082028222
2021-07-01,-0.9739719771380483,-0.6920715625732847,1.095033581198862,0.60098326,0.6239545,0.5399772614240647,0.6869646310806274,0.5444578979011054
2021-08-01,-2.588720771825261,-0.44951013805402174,0.19673840423260697,0.9288369,0.97307575,0.8963055610656738,1.1013678789138794,0.9993794337499617
2021-09-01,-2.0697872710280003,0.22043769900423132,-0.7426536231927676,0.45462298,0.48730892,0.4291253089904785,0.566927382349968,0.4538582772340826
2021-10-01,-1.6616611624094015,1.3305849499883036,-1.2123135137319254,0.4917951,0.5398127,0.4689706563949585,0.6938484758138658,0.4527774485730782
2021-11-01,-1.888949577237097,1.3436361758022217,-0.6330282899825861,0.23209533,0.28191906,0.22211027145385742,0.4332996875047684,0.24703833529694558
2021-12-01,-1.5866590996461358,1.9032396303749897,0.2295608222000266,0.3287825,0.37745145,0.3010903000831604,0.5746684074401855,0.217020417060703
2022-01-01,-1.6966627416328213,0.49222550562994755,-1.8156370812767815,1.1434202,1.2103955,1.0473216772079468,1.5525522351264953,0.919288221093594
2022-02-01,-1.9930450288340822,1.0982850463385996,-1.1855678234124603,0.34568954,0.39662698,0.2928159534931183,0.599889561533928,0.33061770910811794
2022-03-01,-2.383325391244273,1.5255432879152058,-0.07083623956317031,0.9289295,0.9923042,0.8437690734863281,1.3390722453594208,0.7334765314348379
2022-04-01,-2.59112919306116,1.2495474674811995,0.03078988951777628,0.37031123,0.41604042,0.30578625202178955,0.6228377401828766,0.24126502363664623
2022-05-01,-2.6510343472107842,1.1564688614470215,0.30750995496566313,0.3567756,0.41609848,0.2860814034938812,0.712173703312874,0.1541761181474819
2022-06-01,-2.6450899729756467,1.3765764225891064,0.23648674542761927,0.58972275,0.64709735,0.5196729302406311,0.9017486900091172,0.4795088474219798
2022-07-01,-2.4327654717488523,1.5394097337738168,0.5055708650162044,0.88798875,0.9511156,0.8524853467941285,1.1327845454216003,0.9144906791973506
2022-08-01,-2.3528801241257558,0.783407244074226,-0.8646933804146921,0.3976476,0.45825276,0.34123942255973816,0.7118849754333497,0.2542597762189414
2022-09-01,-2.1540129535980714,1.1106188865866033,-0.35942613563833437,0.24048615,0.28045225,0.21791446954011917,0.3739662244915962,0.23586492794503353
2022-10-01,-1.8211717958109572,1.133410138668765,-0.6892973429548829,0.2941437,0.33462557,0.28607654571533203,0.41776466369628906,0.28020505837300363
2022-11-01,-1.6156895460922538,0.6567550899343572,-1.6989841659300748,0.376485,0.42079517,0.3358026444911957,0.5791869848966599,0.23630288622084142
2022-12-01,-1.8646079824242439,1.1694073686909277,-0.3442114166971777,0.61075324,0.6456858,0.5470177114009858,0.7251416653394699,0.5231809005670861
2023-01-01,-0.9536637523049889,0.47412026096824944,-1.968020755633445,0.71278214,0.76541376,0.6730843782424927,0.9323017299175264,0.8215165644683249
2023-02-01,-1.9696296292367057,-0.22709309639423292,-1.3200293937051253,0.18532713,0.22545473,0.1834024339914322,0.32670396715402605,0.14297710712931572
2023-03-01,-1.9907319969555364,0.5200260809835477,-0.7198589128316508,0.8049976,0.8399578,0.7682655960321426,0.9177202582359314,0.8132005862531367
2023-04-01,-1.9193700736432464,0.011450035978037842,-1.4171075351298033,0.17426945,0.21674013,0.18350613117218018,0.2803072929382324,0.181829756050445
2023-05-01,-0.9105551517537437,0.5314742594192532,-1.392098166283693,0.44240844,0.4728102,0.42081927359104154,0.5143490076065064,0.37108406382604
2023-06-01,-0.306225340781029,-0.7322509505794442,-1.8249364587559564,0.35359204,0.39099738,0.3491271510720253,0.4800147235393525,0.39082204955660665
2023-07-01,0.26341417754064417,0.5291471170857673,-1.5403628351085044,0.17612219,0.21403982,0.17478294745087625,0.30540484786033634,0.17696302976100908
2023-08-01,-1.0485404389526065,-0.6614464524566718,0.23234134408093562,0.31794414,0.3395546,0.30045270919799805,0.38706639409065247,0.2979021409917897
2023-09-01,-0.30583430539866574,-1.3295083353328483,-0.6284461719443353,0.21022367,0.24071065,0.20187482982873917,0.29580503702163696,0.19082030691500107
2023-10-01,0.17337321982349824,-1.8474897554341234,0.29424061226639,0.39357895,0.43908733,0.38095940798521044,0.5487522840499879,0.4250389845930729
2023-11-01,1.647980358287451,-1.1181597175346591,-0.6198808470075854,0.25470832,0.29142708,0.2408561624586582,0.3732455611228944,0.20830320713873152
2023-12-01,2.40466731192972,0.019887186314707234,-0.2673890622879845,0.4541482,0.5046704,0.4364440441131592,0.6426979780197144,0.43811006404579267
2024-01-01,0.41858282948319236,-1.133202423721893,-1.478043133327525,0.44656253,0.49186555,0.4065592586994171,0.6956413209438324,0.3431319300809181
2024-02-01,0.007438494538471056,-1.4081175729799205,-0.5752855752534112,0.46566647,0.49468303,0.4482938215136528,0.5719367682933807,0.4551298603947604
2024-03-01,0.8686957133473237,0.10031843475595201,-0.18779347589344716,0.8966005,0.9129479,0.7540585994720459,0.9507927119731903,0.799418123335553
2024-04-01,0.6696476328780894,-1.5174248617331352,-0.11411387567017095,0.3439699,0.37848383,0.3265060484409332,0.4538461685180664,0.3319549520370348
2024-05-01,1.794319941450273,-1.118506829822055,0.4272376343538087,0.24624236,0.28390813,0.2380969926714897,0.3148303881287575,0.19366995381710966
2024-06-01,0.025906289253494474,-1.7069340026952822,0.2085978996739486,0.39757442,0.4317326,0.3973532825708389,0.4947723850607872,0.38681910356771804
2024-07-01,1.372490995747462,-1.3360878684806445,0.5016179294534661,0.8059888,0.83687955,0.7666988760232926,0.8840878009796143,0.7755247051830052
2024-08-01,1.8831274283797041,-0.9722216235362964,0.6510025178252336,0.7327046,0.7702352,0.6739380270242691,0.8380994200706482,0.6401180227146664
2024-09-01,0.6696894179894161,-1.5384628519032577,-0.6195077854825319,0.16302963,0.20508683,0.16178618371486664,0.30423226952552807,0.19687683808500714
2024-10-01,0.9454255930261584,0.05517212774403871,-1.0694118716889733,0.29315332,0.32240793,0.28818376511335375,0.354767681658268,0.25054153547197444
2024-11-01,-0.020179180023971198,-1.5426892205216196,-0.43091916363063115,0.10569682,0.1374116,0.10786517895758152,0.1848575323820114,0.10686852540325367
2024-12-01,0.8290306301903958,-0.8420956128409518,0.23355643561431033,0.75855017,0.78392994,0.7319693565368652,0.8421244591474533,0.7182710399083065
2025-01-01,-0.2654189165188679,-1.4954196872814014,-1.5047350677760805,0.41977334,0.4733706,0.3913496732711792,0.6598887085914612,0.3151721498835939
2025-02-01,-0.595516061185131,-0.8498262835460598,-1.126852683272376,0.15986,0.18781006,0.1550682529807091,0.21757906526327137,0.12546297621701666
2025-03-01,-1.0940541199681983,-0.9563523479134196,-0.529474197215429,0.5185501,0.54057485,0.4928501769900322,0.580649983882904,0.49026185137246237
2025-04-01,-1.4591363987737132,-0.8352828475155121,-0.07526373840734113,0.39322728,0.41932756,0.3460120171308517,0.4706382751464844,0.35744196457667965
2025-05-01,2.1655110266637485,-0.2151444987249736,0.0902882493347793,0.22243293,0.25341293,0.20795266330242157,0.2924692302942276,0.17995247898817893
2025-06-01,-0.4017428532410756,-0.621017050081193,-1.7023300359884763,0.09418783,0.12827054,0.10110948644578457,0.19461729303002356,0.0968034063712609
2025-07-01,1.8485838326139712,0.8043587107379649,-0.1982383140721758,0.20106305,0.23163821,0.17892700359225272,0.26592734456062317,0.16629428668749824
2025-08-01,0.177802218591024,-0.7243671847874456,-1.262210887021738,0.17210922,0.20120722,0.16194761618971826,0.2492590956389904,0.1762656684182275
2025-09-01,0.5402766867524269,-0.5417417948361369,-1.5032622146646135,0.24875514,0.28453037,0.2547599673271179,0.36229763627052314,0.2601399966634664
2025-10-01,1.0245927626733242,0.48570278124221805,-1.1688598135628272,0.4962546,0.5278041,0.4860642567276955,0.5771146416664124,0.442170574033199
2025-11-01,0.8455970773289058,0.5809596169259829,-0.4882525584238059,0.19774191,0.2179425,0.1807510405778885,0.24077141284942627,0.16946969124164185
2025-12-01,1.9259620277828433,0.9911295666450901,0.7219165719667405,0.4545503,0.4857734,0.4549861684441566,0.5233736634254457,0.4002094736173901
