fecha,LSTM1_rotado,LSTM2_rotado,LSTM3_rotado
2008-02-01,0.04791268012680873,1.1205080291767466,1.2429878389498923
2008-03-01,-0.07489088097838742,1.2988020266754048,1.3730326226788057
2008-04-01,-0.017956597084154542,1.1208466343579324,1.1367964847300775
2008-05-01,-0.23767550850368516,0.9624053909698754,0.9866770884618513
2008-06-01,-0.3137613352917882,1.0989867449454347,1.1638288178457865
2008-07-01,-0.2402460212693378,1.088726874181009,1.188532258134831
2008-08-01,-0.39956171548611097,1.1190376934369808,1.1147821344553928
2008-10-01,-0.6862325220062652,1.1560963242642452,1.0816976505145537
2008-11-01,-0.5903942337222763,0.88476932729846,0.6902468923864206
2008-12-01,-0.48964682966952544,1.1718574735676206,0.8064564421213002
2009-01-01,-0.5178234280733716,0.7774229829489092,0.5389723217402305
2009-02-01,-0.5353439911662182,0.515251873345231,0.2741153277275959
2009-03-01,-0.3706484752164075,0.36294140960486654,0.1021589250822207
2009-04-01,-0.14417255984735483,0.14856072344819643,0.017569510986692953
2009-05-01,-0.04473190396757805,0.1195867862247198,0.05092366569802758
2009-06-01,0.2001313040716249,-0.017349073123870223,0.09083350876181982
2009-07-01,0.4362578071069518,-0.04348708453338672,0.21638467239217962
2009-08-01,0.6397803723890362,-0.15521040122351515,0.23810757996549653
2009-10-01,1.1889005120329788,-0.1673708139713496,0.6840365508131457
2009-11-01,1.2601211246361579,-0.23002965739490797,0.7302866431725856
2009-12-01,1.3895637139052406,-0.27520295299423747,0.7675858457529496
2010-01-01,1.4665369803754886,-0.3962463955471791,0.6829812710898548
2010-02-01,1.392797772511066,-0.3667830293666274,0.6809686923612729
2010-03-01,1.3961426601937656,-0.3171774017812288,0.7017935424337162
2010-04-01,1.3528969969093099,-0.34308414062407766,0.6479601016184803
2010-05-01,1.2689057304149585,-0.23837054186397763,0.7782901302998677
2010-06-01,1.1620244063756289,-0.12971454082498968,0.8396874454193669
2010-07-01,0.893959826871469,0.06931349592646355,0.8423082815296278
2010-08-01,0.6604879963538263,0.3863596826198043,1.1684925951567715
2010-10-01,0.1643520093838222,0.8354424018118535,1.176804720818843
2010-11-01,-0.013378228971453283,0.7570642008396749,0.8808878118814675
2010-12-01,-0.06776548287332249,0.7860494102949998,0.8129001277721161
2011-01-01,-0.11294611686683512,0.8743841427607317,1.0058167156863573
2011-02-01,-0.23107716682078377,0.9369311693205097,0.9945676596593851
2011-03-01,-0.3266447902552289,1.134393227847469,1.1208650836063323
2011-04-01,-0.3594028591785673,1.0980919228957713,1.1054166804102306
2011-05-01,-0.5328834944397847,1.0702791143474486,0.9657578372371934
2011-06-01,-0.478526418748649,0.9785521138106172,0.9204261692357745
2011-07-01,-0.4313601738172782,1.0321961979470529,0.840843747246099
2011-08-01,-0.35349195764474584,0.9151308837726625,0.8309371243608984
2011-10-01,-0.4323673797685663,1.1305550742639792,1.0212099323428896
2011-11-01,-0.33417148877566744,0.9907397298435955,0.8560307622337296
2011-12-01,-0.12563920824230557,0.9085946507635729,0.8531607933277142
2012-01-01,-0.10823945920816233,0.7523372141139273,0.7144971210511495
2012-02-01,-0.07570986257719274,0.6995493341130502,0.7235381190834234
2012-03-01,-0.01385245911800839,0.9077433317278201,0.9683012844174516
2012-04-01,0.12006465277780011,0.7993268852660954,0.9172163740029268
2012-05-01,0.08378501349467374,0.6837664445549657,0.800006320605832
2012-06-01,0.11186854629461876,0.6426042943239116,0.7862030219096435
2012-07-01,0.24859612090248692,0.5825838026333959,0.78594379043063
2012-08-01,0.3238284778915225,0.6188070720925057,0.8689230455374536
2012-10-01,0.2265801203376416,0.7752339270678733,0.9515168888649473
2012-11-01,0.19049545439159543,0.6388651634267916,0.7913791728304805
2012-12-01,0.2603026713226644,0.6671854072703738,0.837288012259343
2013-01-01,0.27590274641965723,0.5686406323866604,0.7568888154441905
2013-02-01,0.22140672050404395,0.3798297748313734,0.5636170650341347
2013-03-01,0.30440980609239726,0.36978280446659506,0.629758485983229
2013-04-01,0.2819395333850598,0.324470967582965,0.5733428798291764
2013-05-01,0.1900501274396742,0.19103340944313463,0.3781642351432342
2013-06-01,0.09677358771168015,0.173423650966534,0.3505981386723116
2013-07-01,0.10054176133123804,0.1713373719679818,0.36254454861323343
2013-08-01,0.0733076160016642,0.13085020773648473,0.32293932401986447
2013-10-01,-0.0914186266779702,0.20674428079225785,0.2677776253788929
2013-11-01,-0.027612185454412404,0.18629143091326328,0.286309602370331
2013-12-01,0.01672079048176451,0.1392932306883699,0.26760337255962147
2014-01-01,0.06235931642577428,-0.07692861798761624,0.03334911154323733
2014-02-01,0.026666296871971074,-0.02360614948886404,0.0629945483839864
2014-03-01,0.08934716014328935,-0.01271920933603159,0.1193508111229213
2014-04-01,0.10263843893773208,-0.12602090255645118,-0.03540858641215806
2014-05-01,0.08312403396578574,-0.09598247348464747,-0.02315724685712765
2014-06-01,0.031819826427384006,-0.03812731260798102,-0.03605471102230564
2014-07-01,0.06493738590313584,-0.07794815007132923,-0.037458885265256765
2014-08-01,0.08935496009891043,-0.18863491132190685,-0.12418575767078338
2014-10-01,-0.013935545403213026,-0.022917623183676388,0.011764591259605736
2014-11-01,0.07234454360229375,-0.07788967264114854,0.021151738169648
2014-12-01,-0.02698388578868141,-0.058925935787064544,-0.041273187325112266
2015-01-01,0.012809631955470848,-0.16329377817338778,-0.1717363824318265
2015-02-01,-0.007228995814508165,-0.2619733461329816,-0.2758100419012805
2015-03-01,0.029419048602329037,-0.28288642679175263,-0.3313275865009122
2015-04-01,0.014840789677404839,-0.2806511982395656,-0.3085334241226523
2015-05-01,-0.04377689496357906,-0.26046835579958516,-0.3332848960458749
2015-06-01,-0.05641740923419298,-0.368660208882085,-0.48583225946694897
2015-07-01,0.03258504741901725,-0.4132870844311026,-0.4373512748976223
2015-08-01,0.04673519592716556,-0.2984109224232793,-0.312171332374238
2015-10-01,-0.07412415894899606,0.009365539967726702,0.013356223983033435
2015-11-01,-0.1253998856147,0.0011193126650057726,-0.017416865240555357
2015-12-01,-0.2326773065720245,-0.06510425157072912,-0.21680208969294842
2016-01-01,-0.2751051361884953,-0.13056708943958475,-0.3796149098475547
2016-02-01,-0.40102633166004686,-0.20165241138225168,-0.5930368901863466
2016-03-01,-0.41078597497020314,-0.2539903735727018,-0.6842062213678096
2016-04-01,-0.2805239507074986,-0.2377476762495671,-0.4750978085837287
2016-05-01,-0.35368202356707484,-0.20628874299459082,-0.5573695743845658
2016-06-01,-0.23004179285283918,-0.28927027727756394,-0.5513942565904817
2016-07-01,-0.20742343491973522,-0.2666316091601863,-0.4544528128453516
2016-08-01,-0.20168151383647293,-0.3061316587028613,-0.5207790767181388
2016-10-01,-0.17810497036803632,-0.46738906013906806,-0.7426799571016506
2016-11-01,-0.10735684068804006,-0.4574092854962375,-0.6214654015671365
2016-12-01,-0.07076080096134622,-0.44474263376077017,-0.5716267164721371
2017-01-01,-0.09390645268997688,-0.5083746500764467,-0.7349900446610463
2017-02-01,-0.0840665222131568,-0.41335033080781464,-0.522106600767098
2017-03-01,-0.08856768488829332,-0.47986549582271143,-0.6802972237198002
2017-04-01,-0.0448757584765737,-0.4139378524314638,-0.49982955809458823
2017-05-01,-0.06699269215799072,-0.3093959731533698,-0.3404037699878074
2017-06-01,0.026645407496970412,-0.4293069265340385,-0.4502251430309804
2017-07-01,0.06797662030206576,-0.3894126010826615,-0.34090103354424117
2017-08-01,0.04134331328347204,-0.43359634986255163,-0.4584899284545719
2017-10-01,-0.0004358216566078939,-0.12176024096931637,-0.053991275614015316
2017-11-01,0.08188726729502653,-0.08000563229852,0.053344526360251714
2017-12-01,0.15685028005709858,-0.14289502022735517,0.05281918115781722
2018-01-01,0.1847970063100428,-0.2183869722452714,-0.03579351431686834
2018-02-01,0.23827323428071398,-0.35554628479652756,-0.1633722516684394
2018-03-01,0.15581303042628514,0.013323598971273387,0.15770833227751008
2018-04-01,0.26873363168074677,-0.36560948634118534,-0.12070995172733139
2018-05-01,0.30780321536459737,-0.37821923037473754,-0.09471104424248092
2018-06-01,0.2820429177788464,-0.41303389098923093,-0.20212632501212302
2018-07-01,0.2411220605144512,-0.40007900386189554,-0.21165440410191053
2018-08-01,0.22313063143820536,-0.42245843612003553,-0.29484278612990306
2018-10-01,0.1569530436130139,-0.3063824953352876,-0.22489371787170517
2018-11-01,0.08038707605761386,-0.2145120640059403,-0.1521366673436777
2018-12-01,0.14401056036395685,-0.19858289203619126,-0.0928281882478319
2019-01-01,0.040553547344112414,-0.24646847731121985,-0.23562100688691417
2019-02-01,-0.009750694672857916,-0.30444212371004337,-0.3686173893162581
2019-03-01,0.0005999380066988251,-0.2189774203524913,-0.2990812903850983
2019-04-01,0.009701423170304025,-0.2725498510015541,-0.3376194876849395
2019-05-01,-0.04592026417182665,-0.15789114623577824,-0.23389872790366256
2019-06-01,-0.06834542495339287,-0.14502746176267414,-0.2274679899463138
2019-07-01,-0.012676684342796138,-0.17639967615677737,-0.18509371826993815
2019-08-01,0.03183335845103064,-0.13224948791840882,-0.07941116165385471
2019-10-01,0.13314704413185754,-0.05337920588789761,0.08472346787034003
2019-11-01,0.07815334122499858,-0.07774762600915917,0.008887777516896973
2019-12-01,0.1931334443740277,-0.16263517320655538,-0.0054669906048547936
2020-01-01,0.18522603154660625,-0.2586816041923742,-0.1542322236034719
2020-02-01,0.1675437173787872,-0.2825151784293173,-0.16346156397831998
2020-03-01,0.10947037080726064,-0.14577817321941758,0.005828311235698549
2020-04-01,0.12555932683280083,-0.1554391272651355,0.0710617493086865
2020-05-01,0.5654490571868165,-0.19501099647461997,0.3814382528773371
2020-06-01,0.9095720115766389,-0.48591103843726896,0.2017517451293739
2020-07-01,1.1751435160255743,-0.527379937598392,0.32451395255082566
2020-08-01,1.1528669479802631,-0.5917763257752712,0.22307413410194377
2020-10-01,1.238600458048348,-0.7179885131822027,0.11875524573411181
2020-11-01,1.0708991628294613,-0.7308147133181409,-0.012644910883961986
2020-12-01,0.9357195154520587,-0.6022456173186023,0.0451711995617116
2021-01-01,1.0328213798098074,-0.7560323604075164,-0.04223030699296657
2021-02-01,0.781414939024353,-0.799499237678503,-0.21999845506955176
2021-03-01,0.7104721002669901,-0.6808002280131975,-0.1368847503621975
2021-04-01,0.6663163262566351,-0.7272387610233351,-0.24376374249226623
2021-05-01,0.5293711271021232,-0.7583925236064367,-0.376194856012819
2021-06-01,0.46515201435943865,-0.7886689572113009,-0.49103069859869775
2021-07-01,0.4674007284794513,-0.8406733340217561,-0.5629119055976936
2021-08-01,0.32318939770520855,-0.9171133694426988,-0.8231220976533867
2021-10-01,0.07425362657616257,-0.9612722566115381,-1.2476268033297309
2021-11-01,-0.1074357841406501,-0.6797005315237354,-1.0694269861914205
2021-12-01,-0.3143689058201387,-0.6395128640848969,-1.2282159928182403
2022-01-01,-0.515085454055688,-0.560321007665987,-1.3082335535085967
2022-02-01,-0.682582016651125,-0.3763603384045118,-1.2446001650688994
2022-03-01,-1.1055921812009066,-0.18691457060487865,-1.39534426770707
2022-04-01,-1.329017134600246,-0.04816542443825738,-1.3948916638982163
2022-05-01,-1.4513170633835457,0.19030350494897302,-1.1821310563614933
2022-06-01,-1.9419189691579768,0.5402793254526493,-1.140921405767143
2022-07-01,-1.917307519120021,0.6378804458330783,-0.9648629719526726
2022-08-01,-2.109974849086602,0.6674348435421497,-1.0683299331999696
2022-10-01,-2.2125168916331828,0.7646321586951238,-1.071940465520854
2022-11-01,-2.120733749234301,0.7343113530061635,-0.9757239768474082
2022-12-01,-2.0515468573275437,0.6626890812085355,-1.0207375253439608
2023-01-01,-1.8092983087831067,0.6243394977665703,-0.8546099028040018
2023-02-01,-1.7432721914458267,0.5829464285238677,-0.8356045252314651
2023-03-01,-1.770853316370762,0.6441380672566158,-0.8091615424180248
2023-04-01,-1.6015289384804772,0.5558533097362987,-0.7735271646830626
2023-05-01,-1.4718316259304562,0.4861929606117561,-0.7295863348637763
2023-06-01,-1.1958365426404223,0.3361543832652396,-0.6688238665182598
2023-07-01,-1.1044084483249317,0.23342229850456328,-0.7147669716584896
2023-08-01,-0.8351606557415261,0.07056778677697477,-0.6790026301454204
2023-10-01,-0.40603745977106787,-0.0035702847542784105,-0.3416108538386978
2023-11-01,-0.16979927095811229,-0.19609660694195058,-0.3287087058706378
2023-12-01,0.03170025624589915,-0.36294110503436133,-0.3436623660618045
2024-01-01,0.05375884104420496,-0.4264259745726819,-0.3671198460690211
2024-02-01,0.12227254461734936,-0.5872232468187457,-0.48884159928212495
2024-03-01,0.25369246588473493,-0.6296274751500408,-0.5138992253999446
2024-04-01,0.23348276799684808,-0.5320794024577122,-0.36939226646094603
2024-05-01,0.32549399373636895,-0.5494711492537181,-0.27673520266363105
2024-06-01,0.43256620573108745,-0.6839500142005138,-0.33249141085429146
2024-07-01,0.4550486318945374,-0.7484110724345853,-0.3648685923675192
2024-08-01,0.5426449930447353,-0.5927088248015571,-0.14110055629276186
2024-10-01,0.4413961601857985,-0.5099267793783253,-0.11645107282078845
2024-11-01,0.5002013721032472,-0.5736236498791331,-0.1794603362908734
2024-12-01,0.4849847446522116,-0.7046868129543409,-0.3526126209422324
2025-01-01,0.3845455670237801,-0.643815575744281,-0.33409157597742595
2025-02-01,0.44105547990489036,-0.6667761779534387,-0.3547055569051002
2025-03-01,0.4015721656361049,-0.7276917616882685,-0.5228001618504223
2025-04-01,0.352231383624123,-0.6672615695229602,-0.4904439985192226
2025-05-01,0.2948393610536749,-0.4606412617128627,-0.22496755350597766
2025-06-01,0.32092732356609377,-0.5381657663681774,-0.33853982464116655
2025-07-01,0.3742728225150627,-0.48077180632216787,-0.21413749135556226
2025-08-01,0.36393672221292245,-0.49919795840700626,-0.24595514591395923
2025-10-01,0.30999719348067273,-0.2926215012682783,-0.10575197315045988
2025-11-01,0.35304739574701355,-0.26829894277955857,-0.061203421844167875
2025-12-01,0.44824720232385384,-0.37556967947446807,-0.11930288070429061
