"fecha","cofenetica"
"2009-11",0.999891637917333
"2010-02",0.998701421354276
"2010-05",0.999745047558022
"2010-08",0.550262702795915
"2010-11",0.453929006233662
"2011-02",0.491733919361486
"2011-05",0.490276344455918
"2011-08",0.3389155550732
"2011-11",0.953828470829023
"2012-02",0.458918293903776
"2012-05",0.530268671016844
"2012-08",0.510944315460633
"2012-11",0.997751165693482
"2013-02",0.53095305405957
"2013-05",0.769749307912012
"2013-08",0.57113626347412
"2013-11",0.944067000935579
"2014-02",0.794457977530502
"2014-05",0.98880903015511
"2014-08",0.980516366052554
"2014-11",0.617796388237583
"2015-02",0.704741318500655
"2015-05",0.58107083840402
"2015-08",0.469882823047675
"2015-11",0.520411099492117
"2016-02",0.576839514326125
"2016-05",0.684295017699615
"2016-08",0.667416480866844
"2016-11",0.999677263316964
"2017-02",0.999266081196954
"2017-05",0.999325902694353
"2017-08",0.565941413190323
"2017-11",0.263591633171222
"2018-02",0.658553980503579
"2018-05",0.999159329924989
"2018-08",0.927914888656738
"2018-11",0.996251692912581
"2019-02",0.810088903985135
"2019-05",0.475592196627544
"2019-08",0.375060609287367
"2019-11",0.444810289226066
"2020-02",0.668965952369212
"2020-05",0.528237546152516
"2020-08",0.636060981650383
"2020-11",0.614523788841961
"2021-02",0.999974978047528
"2021-05",0.999954695272613
"2021-08",0.999791728008031
"2021-11",0.817344018704078
"2022-02",0.524959913973984
"2022-05",0.999889925469982
"2022-08",0.999897733083058
"2022-11",0.593392930546528
"2023-02",0.631883604735455
"2023-05",0.998878402505581
