"","ngr","N1","N2","Num","Eigenv","Index","Glob_%1","Cum_%2"
"18",16,11,12,2,1.90738352817407,0.0926164718259277,11.2199031069063,0.544802775446633
"19",15,15,16,2,1.87802934009959,0.121970659900409,11.0472314123505,1.26227724544904
"20",14,14,19,3,2.48382249932577,0.394206840773822,14.6107205842692,3.58114101470682
"21",13,5,17,2,1.58039598902738,0.41960401097262,9.2964469942787,6.04939990278105
"22",12,10,18,3,2.34938212278499,0.558001405389084,13.8198948399117,9.33176111095214
"23",11,7,8,2,1.41669432839817,0.583305671601828,8.33349604940101,12.7629709439041
"24",10,4,21,3,1.86855411807242,0.711841870954962,10.9914948121907,16.9502760671686
"25",9,2,3,2,1.26408448120801,0.735915518791993,7.43579106592945,21.279190883592
"26",8,1,13,2,1.23518036413946,0.764819635860543,7.26576684787916,25.7781299180658
"27",7,6,20,4,2.69533972684515,0.78848277248062,15.8549395696773,30.4162638738342
"28",6,22,9,4,2.47602345337506,0.873358669409932,14.5648438433827,35.5536678115397
"29",5,25,27,6,2.90249024932493,1.05693395872822,17.0734720548525,41.7709263922939
"30",4,26,28,6,2.59700928549377,1.11419453202074,15.2765252087869,48.3250118747689
"31",3,30,24,9,3.2247650910636,1.24079831250258,18.9692064180212,55.6238254777253
"32",2,23,31,11,3.33642804806754,1.30503137139423,19.6260473415738,63.3004806035737
"33",1,32,29,17,3.78898725360701,2.44993104378546,22.2881603153354,77.7118396846646
