,AE1,AE2,AE3,PC1,PC2,PC3
Crédito empresarial,0.99,0.0,0.12,0.99,-0.01,0.12
Crédito consumo,0.97,0.15,0.09,0.98,0.16,0.02
Crédito hipotecario,0.99,0.1,0.07,0.99,0.1,0.03
Tasa activa TAMN,-0.89,0.33,-0.05,-0.87,0.36,-0.18
Tasa pasiva TIPMN,-0.27,0.86,0.0,-0.29,0.9,-0.01
Tasa referencia BCRP,-0.01,0.93,-0.01,-0.01,0.98,-0.08
Tipo de cambio,0.81,0.22,0.46,0.8,0.14,0.33
Índice BVL,0.55,0.09,-0.25,0.62,0.16,-0.62
IPC Lima,0.95,0.22,0.13,0.96,0.22,0.01
PBI desestacionalizado,0.96,0.06,-0.05,0.96,0.06,-0.03
Demanda interna,0.94,0.04,-0.06,0.95,0.05,-0.04
Reservas internacionales,0.92,-0.04,-0.11,0.93,-0.04,-0.04
Liquidez M1,0.96,0.03,0.19,0.98,0.02,0.05
Liquidez M2,0.99,-0.04,0.08,0.99,-0.05,0.04
Liquidez M3,0.99,-0.01,0.11,0.99,-0.02,0.05
Tasa interbancaria,-0.01,0.94,-0.01,-0.01,0.98,-0.07
embi_peru,-0.28,0.39,0.73,-0.32,0.33,0.81
