,LSTM1,LSTM2,LSTM3
Crédito empresarial,0.92,0.04,0.12
Crédito consumo,0.84,0.19,0.25
Crédito hipotecario,0.88,0.14,0.18
Tasa activa TAMN,-0.81,0.31,0.23
Tasa pasiva TIPMN,-0.22,0.75,0.66
Tasa referencia BCRP,0.04,0.78,0.63
Tipo de cambio,0.81,0.29,0.44
Índice BVL,0.52,0.09,0.05
IPC Lima,0.83,0.28,0.32
PBI desestacionalizado,0.85,0.07,0.06
Demanda interna,0.84,0.04,0.02
Reservas internacionales,0.88,-0.06,-0.08
Liquidez M1,0.9,0.11,0.21
Liquidez M2,0.91,0.0,0.11
Liquidez M3,0.9,0.05,0.14
Tasa interbancaria,0.03,0.78,0.62
embi_peru,-0.28,0.53,0.49
