fecha,anio_modelo,lstm,lstm_p05,lstm_p95,ae,pca
2011-01-01,2011,1.4416842,1.3111818,1.7288065,1.8377469,1.7780070959242362
2011-02-01,2011,1.5604684,1.4021249,1.8100963,1.9856713,2.705054734476133
2011-03-01,2011,1.8164582,1.6475338,2.1210067,2.2592664,1.9524701956287642
2011-04-01,2011,1.988639,1.8195816,2.266193,2.3817384,1.8711330550045562
2011-05-01,2011,2.155652,1.9910066,2.451742,2.6493356,2.5853996284492524
2011-06-01,2011,2.0750024,1.9193069,2.3756986,2.4209676,2.421664566417071
2011-07-01,2011,2.528554,2.3593924,2.8291552,3.171783,3.200480918753584
2011-08-01,2011,2.6704566,2.46306,2.9403436,3.2916198,3.073909124725998
2011-09-01,2011,2.6185617,2.4468696,2.9030304,3.0865202,2.453430638258041
2011-10-01,2011,2.900338,2.7067685,3.2686408,3.530047,3.0882569939562003
2011-11-01,2011,3.2489605,3.0154915,3.6451466,4.0418077,3.054262375667557
2011-12-01,2011,3.884216,3.6594157,4.3062696,4.9618654,3.268236565736409
2012-01-01,2012,1.5369773,1.2329782,1.9791669,2.0682154,0.6556617187408119
2012-02-01,2012,1.7066553,1.3841524,2.358518,2.415111,0.8327513400680082
2012-03-01,2012,2.1296527,1.7213665,3.0820732,3.1759386,0.4474119668477508
2012-04-01,2012,2.3119526,1.8701863,3.267706,3.492349,0.4913593126528632
2012-05-01,2012,2.5937307,2.1753595,3.4743054,3.9525118,0.5530851336154018
2012-06-01,2012,2.5906463,2.1464825,3.2361653,3.9330645,0.7117635126787736
2012-07-01,2012,2.9263082,2.4224083,3.6302528,4.6179047,0.8138215693009165
2012-08-01,2012,3.2460117,2.6835365,4.0891776,5.298597,1.0243996347493913
2012-09-01,2012,3.5403996,2.9723427,4.5400896,5.919532,1.1367303111717704
2012-10-01,2012,3.8562372,3.2157557,4.8226385,6.5717335,1.3467355127359941
2012-11-01,2012,4.043391,3.3618066,5.011564,6.9134207,1.5396171247623491
2012-12-01,2012,4.793953,4.0782576,6.1699715,8.465898,1.5551287912981588
2013-01-01,2013,1.569022,1.2630204,2.09692,1.954455,0.7072415075723726
2013-02-01,2013,1.5700835,1.2566361,2.0268817,1.9679228,1.058131994259305
2013-03-01,2013,1.6444603,1.3423109,2.180883,2.0579937,0.8818996450334436
2013-04-01,2013,1.858457,1.5265934,2.209195,2.3994966,1.3829098309667855
2013-05-01,2013,1.883625,1.565013,2.4122503,2.4468431,1.7682032902169529
2013-06-01,2013,1.8577292,1.5400538,2.4193554,2.379587,1.7822891806786567
2013-07-01,2013,2.111626,1.7521005,2.6333995,2.7878728,2.3102981928221697
2013-08-01,2013,2.0381787,1.6951661,2.7117035,2.6644096,1.9770198300012876
2013-09-01,2013,2.1122704,1.7622747,2.740734,2.7560112,1.944646314539941
2013-10-01,2013,2.368113,1.9986458,2.922681,3.1654344,2.2058755410485835
2013-11-01,2013,2.537019,2.1492057,3.1185176,3.4242425,2.7786425305086264
2013-12-01,2013,2.861165,2.4509323,3.4377441,3.9687557,3.0140131484185657
2014-01-01,2014,1.4704411,1.1770787,1.8290497,1.5526807,1.4021143554910647
2014-02-01,2014,1.5433123,1.2320683,1.9657317,1.6426865,1.8435161198840682
2014-03-01,2014,1.7652429,1.4170697,2.2125287,1.9093693,1.7927812068556686
2014-04-01,2014,1.8027738,1.5276493,2.315792,1.9597031,1.784282566963711
2014-05-01,2014,1.8298658,1.4698496,2.3754086,1.9987944,1.8105297608813564
2014-06-01,2014,1.7326294,1.3710065,2.548126,1.8967206,1.8567984486601583
2014-07-01,2014,1.9438806,1.5307901,2.42383,2.1453004,1.745788811099727
2014-08-01,2014,1.9926096,1.6021862,2.7629435,2.2042587,1.9782521521154313
2014-09-01,2014,2.183255,1.7813157,2.7845116,2.4515023,2.693685839416799
2014-10-01,2014,2.4490263,2.113738,3.023967,2.7651575,3.1803334951115962
2014-11-01,2014,2.5195422,2.1038067,3.0651174,2.8614335,3.587124538314721
2014-12-01,2014,2.9384804,2.485727,3.5378225,3.383863,4.35020884617754
2015-01-01,2015,1.1009473,0.95457625,1.3468688,2.1065872,1.49028033437873
2015-02-01,2015,1.2660658,1.1352072,1.5650686,2.691693,2.389661901850408
2015-03-01,2015,1.4067649,1.2541897,1.6928049,2.9054391,2.3794210230071275
2015-04-01,2015,1.5098258,1.3446789,1.8220354,3.3158216,2.8765817177037927
2015-05-01,2015,1.5608913,1.3988206,1.7790698,3.5616028,3.4324073932349495
2015-06-01,2015,1.5989987,1.4684727,1.8543657,3.604135,3.4824925912160416
2015-07-01,2015,1.7870798,1.6412168,2.1573017,3.9194782,3.642602099717376
2015-08-01,2015,1.9964987,1.8433757,2.2863007,4.1424985,3.9241116225697463
2015-09-01,2015,2.039275,1.8728697,2.3781338,4.094877,3.489466936165361
2015-10-01,2015,2.182765,1.9943596,2.5586271,4.6289754,4.174057027074884
2015-11-01,2015,2.5141516,2.3534362,2.8620555,5.6666965,5.709147601807311
2015-12-01,2015,2.9112337,2.6940684,3.320989,6.6870017,6.55271361050698
2016-01-01,2016,1.8074532,1.577134,2.2230947,2.1384733,0.7262812483976266
2016-02-01,2016,2.0016656,1.7677526,2.627947,2.5310862,1.1373067370941594
2016-03-01,2016,1.6674017,1.4109097,2.227163,2.1543145,1.0809783262781123
2016-04-01,2016,1.3851242,1.1281154,1.8188922,1.7317622,0.8831899858084793
2016-05-01,2016,1.4936795,1.248123,1.9668269,1.9162887,1.058600601870237
2016-06-01,2016,1.4831619,1.2380854,1.9374719,1.8873125,1.0349801127801845
2016-07-01,2016,1.5028448,1.2360073,2.1087658,1.963459,1.3000410016662354
2016-08-01,2016,1.6462564,1.3567665,2.1353586,2.190157,1.5433946090985753
2016-09-01,2016,1.7699041,1.4785421,2.3299506,2.4233367,1.9024604415826796
2016-10-01,2016,1.7852706,1.4921976,2.2884803,2.4676623,2.0656451116506704
2016-11-01,2016,1.8699219,1.5919659,2.333242,2.5800366,2.046449551468269
2016-12-01,2016,2.0577967,1.7324101,2.7389765,2.8340576,2.1263746930756753
2017-01-01,2017,0.91065073,0.746701,1.2124312,1.2180531,0.8062562274430177
2017-02-01,2017,0.8344871,0.6759357,1.1345108,1.092291,0.7071544702932578
2017-03-01,2017,0.89912766,0.71041936,1.1813601,1.1597522,0.6420615837321876
2017-04-01,2017,0.8856183,0.68619955,1.2614218,1.1293209,0.545087240071905
2017-05-01,2017,0.96442676,0.7671863,1.2500113,1.2455964,0.6699237785688407
2017-06-01,2017,0.9732122,0.7675398,1.3098627,1.274701,0.7424683238951026
2017-07-01,2017,1.0234594,0.8087863,1.4289209,1.3454869,0.7714433820148519
2017-08-01,2017,1.04576,0.8325866,1.4691819,1.3946166,0.8218324242564605
2017-09-01,2017,1.1555117,0.92258763,1.5512995,1.5668257,0.9135956791625666
2017-10-01,2017,1.2900547,1.0376022,1.6316724,1.8101367,1.1239676462624952
2017-11-01,2017,1.3131475,1.0697889,1.74035,1.8454256,1.1452092633460809
2017-12-01,2017,1.5213591,1.2286012,1.9054092,2.169582,1.1832568392501228
2018-01-01,2018,1.0787021,0.9340518,1.3521755,1.3697877,0.8261788068541768
2018-02-01,2018,1.0774667,0.90231186,1.333355,1.3749388,0.891262534636711
2018-03-01,2018,1.1889828,1.0360339,1.6189941,1.495906,0.8330869643169408
2018-04-01,2018,1.2886901,1.071236,1.5944448,1.6028633,0.8409468880874958
2018-05-01,2018,1.3336562,1.106142,1.6582761,1.679974,0.8427832544638585
2018-06-01,2018,1.1702399,0.961235,1.5229082,1.4716591,0.8249909483431128
2018-07-01,2018,1.3034576,1.1096044,1.6712685,1.641408,0.8615668901576874
2018-08-01,2018,1.3066225,1.1075177,1.7062715,1.6603409,0.7757807971232894
2018-09-01,2018,1.3639919,1.1162243,1.6801053,1.7517991,0.9184588601214793
2018-10-01,2018,1.4180876,1.1684997,1.8761352,1.8484409,0.8625312232519303
2018-11-01,2018,1.477079,1.2305481,1.8510543,1.9516119,1.0068075449626237
2018-12-01,2018,1.6458405,1.416963,2.013055,2.195229,1.0101431577777855
2019-01-01,2019,1.0056497,0.85446525,1.1518472,0.8173226,0.6669011910336436
2019-02-01,2019,1.0235474,0.9011123,1.1913002,0.8403963,0.7146415666543454
2019-03-01,2019,1.1504498,1.0264004,1.37861,0.942411,0.6492934824503308
2019-04-01,2019,1.1988838,1.0819114,1.3396796,0.9740835,0.6044325667597925
2019-05-01,2019,1.2018766,1.0443518,1.4029217,0.957072,0.5077311665086633
2019-06-01,2019,1.2000116,1.0743482,1.396799,0.97856855,0.6297950679636001
2019-07-01,2019,1.2724319,1.1460589,1.505611,1.0317546,0.5331074607519424
2019-08-01,2019,1.4021418,1.225296,1.6185449,1.1512479,0.5706809317916621
2019-09-01,2019,1.4045136,1.2582057,1.5981424,1.1621644,0.5837942899477303
2019-10-01,2019,1.4846975,1.3028258,1.718674,1.2302006,0.5540600106841547
2019-11-01,2019,1.592304,1.4419924,1.8314979,1.353989,0.7194389432048832
2019-12-01,2019,1.7461232,1.5920043,2.0419047,1.4976047,0.7016304760818084
2020-01-01,2020,1.4651388,1.1988462,2.069697,1.706458,0.385115611719256
2020-02-01,2020,1.4627725,1.2347621,2.118275,1.7169155,0.4361860822306275
2020-03-01,2020,1.8149185,1.5851299,2.2448554,2.0695705,1.3167969981152312
2020-04-01,2020,3.1475413,2.9510896,3.4933035,3.9407215,4.18452488568688
2020-05-01,2020,3.5740075,3.2901778,4.250034,4.622421,3.56324353934173
2020-06-01,2020,3.7554681,3.442616,4.3936267,4.927563,2.2220793338109712
2020-07-01,2020,4.2274175,3.8230848,4.8504596,5.401452,1.805829210930308
2020-08-01,2020,4.5756216,4.117654,5.5805492,6.0232563,1.827740216033887
2020-09-01,2020,4.633163,4.2107773,5.5506597,5.928211,1.7233069971766843
2020-10-01,2020,4.6874533,4.251338,5.4501643,5.9622684,1.4473304047030293
2020-11-01,2020,4.9989586,4.5755415,6.105998,6.538919,1.6162821641912999
2020-12-01,2020,5.5436893,4.966958,6.557574,7.063198,1.6681378973040928
2021-01-01,2021,1.4525985,1.2748463,1.7131146,1.684488,0.5994498391490596
2021-02-01,2021,1.4976251,1.3326278,1.752197,1.7275494,0.7901063022156553
2021-03-01,2021,1.5569222,1.3924379,1.799032,1.835509,0.7196520252363618
2021-04-01,2021,1.458363,1.313168,1.7232406,1.7164502,0.47656448848743255
2021-05-01,2021,1.5376935,1.3671045,1.7744454,1.8020786,0.6674319096059924
2021-06-01,2021,1.575043,1.3842872,1.8421524,1.895329,0.7105123965200093
2021-07-01,2021,1.656374,1.4669552,1.9459745,2.0326805,0.76095523004591
2021-08-01,2021,1.7090731,1.5022924,2.0315883,2.1361556,1.0946286759596435
2021-09-01,2021,1.638575,1.4265219,1.8589157,2.0418487,1.2746102318424855
2021-10-01,2021,1.4839449,1.2854482,1.7867023,1.801537,1.38332427107842
2021-11-01,2021,1.3916004,1.1994952,1.6606758,1.7109361,1.4288507295471609
2021-12-01,2021,1.4073236,1.2006052,1.6589029,1.7557337,1.6167978142550796
2022-01-01,2022,0.7960237,0.6776083,0.9778972,0.9141995,1.2529732173612305
2022-02-01,2022,0.74888057,0.640611,0.91219634,0.8850333,1.5103972175434297
2022-03-01,2022,0.7804667,0.6648669,0.94601655,0.9246414,1.6805518378427742
2022-04-01,2022,0.7218858,0.60741305,0.9462456,0.88168967,1.3890981483976694
2022-05-01,2022,0.72970486,0.6023506,0.891625,0.95780045,1.23318830161306
2022-06-01,2022,0.73214054,0.6200637,0.9166033,0.9939566,1.0919856196484692
2022-07-01,2022,0.9243996,0.78903633,1.1166561,1.299142,1.5884229565671488
2022-08-01,2022,0.95870334,0.8287344,1.1233475,1.3326558,1.595030496807529
2022-09-01,2022,1.069481,0.9500327,1.300568,1.4750496,1.866658533960053
2022-10-01,2022,1.2468085,1.1144526,1.474739,1.68274,2.4153944401010086
2022-11-01,2022,1.2886735,1.1576701,1.4759779,1.6446873,2.4096763546440485
2022-12-01,2022,1.3888605,1.2590076,1.5629673,1.7374597,2.1455557106363674
2023-01-01,2023,1.840247,1.7155113,1.9905308,2.1116211,0.9047736201585219
2023-02-01,2023,1.8504165,1.7528908,2.0194075,2.1663983,0.8461430089106242
2023-03-01,2023,1.8860813,1.7656809,2.1155283,2.2035613,0.7055872607813968
2023-04-01,2023,1.9213791,1.7926211,2.1212018,2.2673464,0.7230613899314375
2023-05-01,2023,1.9457752,1.8296462,2.2452662,2.2306502,0.5370865272005643
2023-06-01,2023,1.9462597,1.8275273,2.1766605,2.330086,0.6683991890482023
2023-07-01,2023,2.0391874,1.9322914,2.2259736,2.4804251,0.8031504639207716
2023-08-01,2023,2.0937378,1.9413294,2.3352873,2.6256042,0.8108957395114024
2023-09-01,2023,2.0308187,1.8751041,2.2690167,2.6062057,0.872218355365037
2023-10-01,2023,1.9355053,1.8023689,2.1700265,2.5452967,0.8821584580143248
2023-11-01,2023,1.7803771,1.6234859,1.9954661,2.303956,0.8193216424051951
2023-12-01,2023,1.9129916,1.7578838,2.2127552,2.4570694,1.079909420066784
2024-01-01,2024,0.96550643,0.90788317,1.0557889,1.188833,0.6953426787446556
2024-02-01,2024,0.97663087,0.91743845,1.0814002,1.2494397,0.9465266496288826
2024-03-01,2024,0.9651527,0.90598404,1.0520997,1.2329656,0.7741797767627444
2024-04-01,2024,0.9996264,0.9305169,1.0890847,1.2738943,0.7879270158053047
2024-05-01,2024,1.0205479,0.9486924,1.137194,1.3267312,1.046763871424863
2024-06-01,2024,0.9581641,0.8906373,1.084449,1.275018,1.273388822193106
2024-07-01,2024,0.9496856,0.8715279,1.1086901,1.2479126,0.9921396704829679
2024-08-01,2024,0.9057399,0.8345751,1.019321,1.1789861,0.8502070211710174
2024-09-01,2024,0.9422336,0.8426287,1.0980308,1.2467648,1.1256453352212648
2024-10-01,2024,1.0062764,0.9137423,1.1310364,1.3239554,1.1058333450028681
2024-11-01,2024,0.92537296,0.8301682,1.0704644,1.2214235,1.0020943719250546
2024-12-01,2024,0.9455426,0.8414897,1.1165949,1.2420532,1.0225784832265563
2025-01-01,2025,0.7132721,0.674031,0.8144883,0.8523294,0.6793066875122054
2025-02-01,2025,0.6993306,0.6422347,0.79522943,0.82451314,0.676208433600074
2025-03-01,2025,0.746953,0.702989,0.8363825,0.883007,0.8128911951780157
2025-04-01,2025,0.7849021,0.72611845,0.8691313,0.9532459,0.9529931889041041
2025-05-01,2025,0.8524729,0.785135,0.9447769,1.004766,1.0177204721008195
2025-06-01,2025,0.87632036,0.82796115,0.9815418,1.0185621,1.2137483841879342
2025-07-01,2025,0.9704352,0.89802426,1.0936652,1.109069,1.2541968878484793
2025-08-01,2025,1.0520512,0.97738916,1.1497132,1.1962765,1.4474194890374414
2025-09-01,2025,1.2016346,1.137678,1.3200269,1.378299,2.117069531463163
2025-10-01,2025,1.2862018,1.2055309,1.431723,1.4635892,2.3688691105596362
2025-11-01,2025,1.3385193,1.2629546,1.4607971,1.5384307,2.6754822305217862
2025-12-01,2025,1.7942625,1.6974001,1.9759834,2.1510465,4.35170667949362
